Connecting to NeuralBot server at 127.0.0.1:9000...
Server status: {'state': 'READY', 'name': 'Neuralbot', 'level': 1, 'zone': 12}
Discovered 54 spells in spellbook: [3365, 6247, 6477, 6478, 6603, 7266, 7267, 7355, 9125, 21652, 22810, 61437, 63645, 63644, 68398, 21651, 6246, 9078, 203, 204, 107, 1180, 22027, 197, 8737, 20598, 59752, 58985, 3050, 45471, 45927, 202, 20864, 201, 20597, 8386, 20599, 522, 9077, 5301, 2764, 2479, 32215, 2382, 81, 199, 668, 78, 196, 198, 6233, 2457, 9116, 2567]
Training PPO for 1000000 timesteps...
Episode stats: /home/luke/GIT/azerothcore-wotlk/modules/mod-neuralbot/python/checkpoints/wow_neuralbot_20260510_142505_episodes.csv
Using cpu device
Wrapping the env with a `Monitor` wrapper
Wrapping the env in a DummyVecEnv.
-----------------------------
| time/              |      |
|    fps             | 2136 |
|    iterations      | 1    |
|    time_elapsed    | 0    |
|    total_timesteps | 64   |
-----------------------------
----------------------------------------
| time/                   |            |
|    fps                  | 499        |
|    iterations           | 2          |
|    time_elapsed         | 0          |
|    total_timesteps      | 128        |
| train/                  |            |
|    approx_kl            | 0.01341864 |
|    clip_fraction        | 0.0484     |
|    clip_range           | 0.2        |
|    entropy_loss         | -3.29      |
|    explained_variance   | -12.8      |
|    learning_rate        | 0.0003     |
|    loss                 | -0.133     |
|    n_updates            | 10         |
|    policy_gradient_loss | -0.0618    |
|    value_loss           | 0.13       |
----------------------------------------
-----------------------------------------
| time/                   |             |
|    fps                  | 538         |
|    iterations           | 3           |
|    time_elapsed         | 0           |
|    total_timesteps      | 192         |
| train/                  |             |
|    approx_kl            | 0.013328172 |
|    clip_fraction        | 0.0844      |
|    clip_range           | 0.2         |
|    entropy_loss         | -3.28       |
|    explained_variance   | -20.3       |
|    learning_rate        | 0.0003      |
|    loss                 | -0.14       |
|    n_updates            | 20          |
|    policy_gradient_loss | -0.0504     |
|    value_loss           | 0.0701      |
-----------------------------------------
------------------------------------------
| time/                   |              |
|    fps                  | 560          |
|    iterations           | 4            |
|    time_elapsed         | 0            |
|    total_timesteps      | 256          |
| train/                  |              |
|    approx_kl            | 0.0060710115 |
|    clip_fraction        | 0.0141       |
|    clip_range           | 0.2          |
|    entropy_loss         | -3.28        |
|    explained_variance   | -25.9        |
|    learning_rate        | 0.0003       |
|    loss                 | -0.109       |
|    n_updates            | 30           |
|    policy_gradient_loss | -0.0299      |
|    value_loss           | 0.0641       |
------------------------------------------
------------------------------------------
| time/                   |              |
|    fps                  | 575          |
|    iterations           | 5            |
|    time_elapsed         | 0            |
|    total_timesteps      | 320          |
| train/                  |              |
|    approx_kl            | 0.0145422015 |
|    clip_fraction        | 0.0875       |
|    clip_range           | 0.2          |
|    entropy_loss         | -3.27        |
|    explained_variance   | -7.44        |
|    learning_rate        | 0.0003       |
|    loss                 | -0.139       |
|    n_updates            | 40           |
|    policy_gradient_loss | -0.0519      |
|    value_loss           | 0.0335       |
------------------------------------------
-----------------------------------------
| time/                   |             |
|    fps                  | 582         |
|    iterations           | 6           |
|    time_elapsed         | 0           |
|    total_timesteps      | 384         |
| train/                  |             |
|    approx_kl            | 0.008234482 |
|    clip_fraction        | 0.0281      |
|    clip_range           | 0.2         |
|    entropy_loss         | -3.26       |
|    explained_variance   | -23.9       |
|    learning_rate        | 0.0003      |
|    loss                 | -0.117      |
|    n_updates            | 50          |
|    policy_gradient_loss | -0.0338     |
|    value_loss           | 0.0456      |
-----------------------------------------
-----------------------------------------
| time/                   |             |
|    fps                  | 592         |
|    iterations           | 7           |
|    time_elapsed         | 0           |
|    total_timesteps      | 448         |
| train/                  |             |
|    approx_kl            | 0.014518273 |
|    clip_fraction        | 0.0672      |
|    clip_range           | 0.2         |
|    entropy_loss         | -3.26       |
|    explained_variance   | -26.9       |
|    learning_rate        | 0.0003      |
|    loss                 | -0.132      |
|    n_updates            | 60          |
|    policy_gradient_loss | -0.0466     |
|    value_loss           | 0.0259      |
-----------------------------------------
----------------------------------------
| time/                   |            |
|    fps                  | 596        |
|    iterations           | 8          |
|    time_elapsed         | 0          |
|    total_timesteps      | 512        |
| train/                  |            |
|    approx_kl            | 0.01287528 |
|    clip_fraction        | 0.0797     |
|    clip_range           | 0.2        |
|    entropy_loss         | -3.25      |
|    explained_variance   | -25.3      |
|    learning_rate        | 0.0003     |
|    loss                 | -0.1       |
|    n_updates            | 70         |
|    policy_gradient_loss | -0.046     |
|    value_loss           | 0.0293     |
----------------------------------------
-----------------------------------------
| time/                   |             |
|    fps                  | 601         |
|    iterations           | 9           |
|    time_elapsed         | 0           |
|    total_timesteps      | 576         |
| train/                  |             |
|    approx_kl            | 0.019729842 |
|    clip_fraction        | 0.141       |
|    clip_range           | 0.2         |
|    entropy_loss         | -3.23       |
|    explained_variance   | -3.45       |
|    learning_rate        | 0.0003      |
|    loss                 | -0.156      |
|    n_updates            | 80          |
|    policy_gradient_loss | -0.057      |
|    value_loss           | 0.0135      |
-----------------------------------------
----------------------------------------
| time/                   |            |
|    fps                  | 603        |
|    iterations           | 10         |
|    time_elapsed         | 1          |
|    total_timesteps      | 640        |
| train/                  |            |
|    approx_kl            | 0.01435431 |
|    clip_fraction        | 0.0906     |
|    clip_range           | 0.2        |
|    entropy_loss         | -3.25      |
|    explained_variance   | -10.7      |
|    learning_rate        | 0.0003     |
|    loss                 | -0.121     |
|    n_updates            | 90         |
|    policy_gradient_loss | -0.0514    |
|    value_loss           | 0.0207     |
----------------------------------------
-----------------------------------------
| time/                   |             |
|    fps                  | 606         |
|    iterations           | 11          |
|    time_elapsed         | 1           |
|    total_timesteps      | 704         |
| train/                  |             |
|    approx_kl            | 0.014742718 |
|    clip_fraction        | 0.0828      |
|    clip_range           | 0.2         |
|    entropy_loss         | -3.26       |
|    explained_variance   | -18.2       |
|    learning_rate        | 0.0003      |
|    loss                 | -0.131      |
|    n_updates            | 100         |
|    policy_gradient_loss | -0.0537     |
|    value_loss           | 0.0175      |
-----------------------------------------
-----------------------------------------
| time/                   |             |
|    fps                  | 610         |
|    iterations           | 12          |
|    time_elapsed         | 1           |
|    total_timesteps      | 768         |
| train/                  |             |
|    approx_kl            | 0.011112058 |
|    clip_fraction        | 0.0641      |
|    clip_range           | 0.2         |
|    entropy_loss         | -3.25       |
|    explained_variance   | -0.598      |
|    learning_rate        | 0.0003      |
|    loss                 | -0.121      |
|    n_updates            | 110         |
|    policy_gradient_loss | -0.0475     |
|    value_loss           | 0.00859     |
-----------------------------------------
------------------------------------------
| time/                   |              |
|    fps                  | 614          |
|    iterations           | 13           |
|    time_elapsed         | 1            |
|    total_timesteps      | 832          |
| train/                  |              |
|    approx_kl            | 0.0155143365 |
|    clip_fraction        | 0.106        |
|    clip_range           | 0.2          |
|    entropy_loss         | -3.25        |
|    explained_variance   | -4.34        |
|    learning_rate        | 0.0003       |
|    loss                 | -0.0901      |
|    n_updates            | 120          |
|    policy_gradient_loss | -0.048       |
|    value_loss           | 0.0209       |
------------------------------------------
-----------------------------------------
| time/                   |             |
|    fps                  | 617         |
|    iterations           | 14          |
|    time_elapsed         | 1           |
|    total_timesteps      | 896         |
| train/                  |             |
|    approx_kl            | 0.009820471 |
|    clip_fraction        | 0.0625      |
|    clip_range           | 0.2         |
|    entropy_loss         | -3.26       |
|    explained_variance   | -7.93       |
|    learning_rate        | 0.0003      |
|    loss                 | -0.126      |
|    n_updates            | 130         |
|    policy_gradient_loss | -0.0415     |
|    value_loss           | 0.0179      |
-----------------------------------------
-----------------------------------------
| time/                   |             |
|    fps                  | 619         |
|    iterations           | 15          |
|    time_elapsed         | 1           |
|    total_timesteps      | 960         |
| train/                  |             |
|    approx_kl            | 0.015337069 |
|    clip_fraction        | 0.1         |
|    clip_range           | 0.2         |
|    entropy_loss         | -3.24       |
|    explained_variance   | -7.88       |
|    learning_rate        | 0.0003      |
|    loss                 | -0.124      |
|    n_updates            | 140         |
|    policy_gradient_loss | -0.0566     |
|    value_loss           | 0.00776     |
-----------------------------------------
----------------------------------------
| rollout/                |            |
|    ep_len_mean          | 1e+03      |
|    ep_rew_mean          | -1         |
| time/                   |            |
|    fps                  | 622        |
|    iterations           | 16         |
|    time_elapsed         | 1          |
|    total_timesteps      | 1024       |
| train/                  |            |
|    approx_kl            | 0.02115712 |
|    clip_fraction        | 0.219      |
|    clip_range           | 0.2        |
|    entropy_loss         | -3.25      |
|    explained_variance   | -13.2      |
|    learning_rate        | 0.0003     |
|    loss                 | -0.175     |
|    n_updates            | 150        |
|    policy_gradient_loss | -0.0704    |
|    value_loss           | 0.0043     |
----------------------------------------
-----------------------------------------
| rollout/                |             |
|    ep_len_mean          | 1e+03       |
|    ep_rew_mean          | -1          |
| time/                   |             |
|    fps                  | 623         |
|    iterations           | 17          |
|    time_elapsed         | 1           |
|    total_timesteps      | 1088        |
| train/                  |             |
|    approx_kl            | 0.019252222 |
|    clip_fraction        | 0.125       |
|    clip_range           | 0.2         |
|    entropy_loss         | -3.23       |
|    explained_variance   | -26         |
|    learning_rate        | 0.0003      |
|    loss                 | -0.107      |
|    n_updates            | 160         |
|    policy_gradient_loss | -0.0516     |
|    value_loss           | 0.0112      |
-----------------------------------------
-----------------------------------------
| rollout/                |             |
|    ep_len_mean          | 1e+03       |
|    ep_rew_mean          | -1          |
| time/                   |             |
|    fps                  | 626         |
|    iterations           | 18          |
|    time_elapsed         | 1           |
|    total_timesteps      | 1152        |
| train/                  |             |
|    approx_kl            | 0.020269725 |
|    clip_fraction        | 0.152       |
|    clip_range           | 0.2         |
|    entropy_loss         | -3.2        |
|    explained_variance   | -6.41       |
|    learning_rate        | 0.0003      |
|    loss                 | -0.149      |
|    n_updates            | 170         |
|    policy_gradient_loss | -0.0569     |
|    value_loss           | 0.00359     |
-----------------------------------------
----------------------------------------
| rollout/                |            |
|    ep_len_mean          | 1e+03      |
|    ep_rew_mean          | -1         |
| time/                   |            |
|    fps                  | 628        |
|    iterations           | 19         |
|    time_elapsed         | 1          |
|    total_timesteps      | 1216       |
| train/                  |            |
|    approx_kl            | 0.02171875 |
|    clip_fraction        | 0.189      |
|    clip_range           | 0.2        |
|    entropy_loss         | -3.17      |
|    explained_variance   | -6.64      |
|    learning_rate        | 0.0003     |
|    loss                 | -0.124     |
|    n_updates            | 180        |
|    policy_gradient_loss | -0.0653    |
|    value_loss           | 0.0116     |
----------------------------------------
-----------------------------------------
| rollout/                |             |
|    ep_len_mean          | 1e+03       |
|    ep_rew_mean          | -1          |
| time/                   |             |
|    fps                  | 629         |
|    iterations           | 20          |
|    time_elapsed         | 2           |
|    total_timesteps      | 1280        |
| train/                  |             |
|    approx_kl            | 0.018089464 |
|    clip_fraction        | 0.122       |
|    clip_range           | 0.2         |
|    entropy_loss         | -3.2        |
|    explained_variance   | -0.634      |
|    learning_rate        | 0.0003      |
|    loss                 | -0.145      |
|    n_updates            | 190         |
|    policy_gradient_loss | -0.0505     |
|    value_loss           | 0.01        |
-----------------------------------------
-----------------------------------------
| rollout/                |             |
|    ep_len_mean          | 1e+03       |
|    ep_rew_mean          | -1          |
| time/                   |             |
|    fps                  | 630         |
|    iterations           | 21          |
|    time_elapsed         | 2           |
|    total_timesteps      | 1344        |
| train/                  |             |
|    approx_kl            | 0.017871562 |
|    clip_fraction        | 0.125       |
|    clip_range           | 0.2         |
|    entropy_loss         | -3.19       |
|    explained_variance   | -17.8       |
|    learning_rate        | 0.0003      |
|    loss                 | -0.0981     |
|    n_updates            | 200         |
|    policy_gradient_loss | -0.052      |
|    value_loss           | 0.00766     |
-----------------------------------------
-----------------------------------------
| rollout/                |             |
|    ep_len_mean          | 1e+03       |
|    ep_rew_mean          | -1          |
| time/                   |             |
|    fps                  | 631         |
|    iterations           | 22          |
|    time_elapsed         | 2           |
|    total_timesteps      | 1408        |
| train/                  |             |
|    approx_kl            | 0.014434798 |
|    clip_fraction        | 0.0953      |
|    clip_range           | 0.2         |
|    entropy_loss         | -3.16       |
|    explained_variance   | -11         |
|    learning_rate        | 0.0003      |
|    loss                 | -0.102      |
|    n_updates            | 210         |
|    policy_gradient_loss | -0.0418     |
|    value_loss           | 0.00338     |
-----------------------------------------
----------------------------------------
| rollout/                |            |
|    ep_len_mean          | 1e+03      |
|    ep_rew_mean          | -1         |
| time/                   |            |
|    fps                  | 631        |
|    iterations           | 23         |
|    time_elapsed         | 2          |
|    total_timesteps      | 1472       |
| train/                  |            |
|    approx_kl            | 0.02250973 |
|    clip_fraction        | 0.197      |
|    clip_range           | 0.2        |
|    entropy_loss         | -3.12      |
|    explained_variance   | -1.84      |
|    learning_rate        | 0.0003     |
|    loss                 | -0.126     |
|    n_updates            | 220        |
|    policy_gradient_loss | -0.0596    |
|    value_loss           | 0.00382    |
----------------------------------------
-----------------------------------------
| rollout/                |             |
|    ep_len_mean          | 1e+03       |
|    ep_rew_mean          | -1          |
| time/                   |             |
|    fps                  | 632         |
|    iterations           | 24          |
|    time_elapsed         | 2           |
|    total_timesteps      | 1536        |
| train/                  |             |
|    approx_kl            | 0.018239338 |
|    clip_fraction        | 0.144       |
|    clip_range           | 0.2         |
|    entropy_loss         | -3.12       |
|    explained_variance   | -8.81       |
|    learning_rate        | 0.0003      |
|    loss                 | -0.151      |
|    n_updates            | 230         |
|    policy_gradient_loss | -0.0532     |
|    value_loss           | 0.00324     |
-----------------------------------------
-----------------------------------------
| rollout/                |             |
|    ep_len_mean          | 1e+03       |
|    ep_rew_mean          | -1          |
| time/                   |             |
|    fps                  | 633         |
|    iterations           | 25          |
|    time_elapsed         | 2           |
|    total_timesteps      | 1600        |
| train/                  |             |
|    approx_kl            | 0.021707863 |
|    clip_fraction        | 0.156       |
|    clip_range           | 0.2         |
|    entropy_loss         | -3.06       |
|    explained_variance   | -31         |
|    learning_rate        | 0.0003      |
|    loss                 | -0.103      |
|    n_updates            | 240         |
|    policy_gradient_loss | -0.0456     |
|    value_loss           | 0.00228     |
-----------------------------------------
----------------------------------------
| rollout/                |            |
|    ep_len_mean          | 1e+03      |
|    ep_rew_mean          | -1         |
| time/                   |            |
|    fps                  | 633        |
|    iterations           | 26         |
|    time_elapsed         | 2          |
|    total_timesteps      | 1664       |
| train/                  |            |
|    approx_kl            | 0.02223942 |
|    clip_fraction        | 0.2        |
|    clip_range           | 0.2        |
|    entropy_loss         | -3.09      |
|    explained_variance   | -5.06      |
|    learning_rate        | 0.0003     |
|    loss                 | -0.159     |
|    n_updates            | 250        |
|    policy_gradient_loss | -0.0662    |
|    value_loss           | 0.00245    |
----------------------------------------
-----------------------------------------
| rollout/                |             |
|    ep_len_mean          | 1e+03       |
|    ep_rew_mean          | -1          |
| time/                   |             |
|    fps                  | 634         |
|    iterations           | 27          |
|    time_elapsed         | 2           |
|    total_timesteps      | 1728        |
| train/                  |             |
|    approx_kl            | 0.015952531 |
|    clip_fraction        | 0.141       |
|    clip_range           | 0.2         |
|    entropy_loss         | -3.01       |
|    explained_variance   | -1.77       |
|    learning_rate        | 0.0003      |
|    loss                 | -0.12       |
|    n_updates            | 260         |
|    policy_gradient_loss | -0.0488     |
|    value_loss           | 0.00569     |
-----------------------------------------
----------------------------------------
| rollout/                |            |
|    ep_len_mean          | 1e+03      |
|    ep_rew_mean          | -1         |
| time/                   |            |
|    fps                  | 635        |
|    iterations           | 28         |
|    time_elapsed         | 2          |
|    total_timesteps      | 1792       |
| train/                  |            |
|    approx_kl            | 0.01688639 |
|    clip_fraction        | 0.155      |
|    clip_range           | 0.2        |
|    entropy_loss         | -3.01      |
|    explained_variance   | -7.88      |
|    learning_rate        | 0.0003     |
|    loss                 | -0.117     |
|    n_updates            | 270        |
|    policy_gradient_loss | -0.0477    |
|    value_loss           | 0.00978    |
----------------------------------------
------------------------------------------
| rollout/                |              |
|    ep_len_mean          | 1e+03        |
|    ep_rew_mean          | -1           |
| time/                   |              |
|    fps                  | 636          |
|    iterations           | 29           |
|    time_elapsed         | 2            |
|    total_timesteps      | 1856         |
| train/                  |              |
|    approx_kl            | 0.0142007945 |
|    clip_fraction        | 0.0828       |
|    clip_range           | 0.2          |
|    entropy_loss         | -3.01        |
|    explained_variance   | -9.28        |
|    learning_rate        | 0.0003       |
|    loss                 | -0.151       |
|    n_updates            | 280          |
|    policy_gradient_loss | -0.0392      |
|    value_loss           | 0.00331      |
------------------------------------------
-----------------------------------------
| rollout/                |             |
|    ep_len_mean          | 1e+03       |
|    ep_rew_mean          | -1          |
| time/                   |             |
|    fps                  | 636         |
|    iterations           | 30          |
|    time_elapsed         | 3           |
|    total_timesteps      | 1920        |
| train/                  |             |
|    approx_kl            | 0.021743339 |
|    clip_fraction        | 0.198       |
|    clip_range           | 0.2         |
|    entropy_loss         | -3.08       |
|    explained_variance   | -10.3       |
|    learning_rate        | 0.0003      |
|    loss                 | -0.0937     |
|    n_updates            | 290         |
|    policy_gradient_loss | -0.0594     |
|    value_loss           | 0.00359     |
-----------------------------------------
-----------------------------------------
| rollout/                |             |
|    ep_len_mean          | 1e+03       |
|    ep_rew_mean          | -1          |
| time/                   |             |
|    fps                  | 637         |
|    iterations           | 31          |
|    time_elapsed         | 3           |
|    total_timesteps      | 1984        |
| train/                  |             |
|    approx_kl            | 0.023904456 |
|    clip_fraction        | 0.234       |
|    clip_range           | 0.2         |
|    entropy_loss         | -3.02       |
|    explained_variance   | -11         |
|    learning_rate        | 0.0003      |
|    loss                 | -0.159      |
|    n_updates            | 300         |
|    policy_gradient_loss | -0.0647     |
|    value_loss           | 0.00491     |
-----------------------------------------
-----------------------------------------
| rollout/                |             |
|    ep_len_mean          | 1e+03       |
|    ep_rew_mean          | -1          |
| time/                   |             |
|    fps                  | 638         |
|    iterations           | 32          |
|    time_elapsed         | 3           |
|    total_timesteps      | 2048        |
| train/                  |             |
|    approx_kl            | 0.027131438 |
|    clip_fraction        | 0.205       |
|    clip_range           | 0.2         |
|    entropy_loss         | -2.98       |
|    explained_variance   | -3.64       |
|    learning_rate        | 0.0003      |
|    loss                 | -0.129      |
|    n_updates            | 310         |
|    policy_gradient_loss | -0.0623     |
|    value_loss           | 0.0023      |
-----------------------------------------
-----------------------------------------
| rollout/                |             |
|    ep_len_mean          | 1e+03       |
|    ep_rew_mean          | -1          |
| time/                   |             |
|    fps                  | 638         |
|    iterations           | 33          |
|    time_elapsed         | 3           |
|    total_timesteps      | 2112        |
| train/                  |             |
|    approx_kl            | 0.017495938 |
|    clip_fraction        | 0.0875      |
|    clip_range           | 0.2         |
|    entropy_loss         | -3          |
|    explained_variance   | -2.82       |
|    learning_rate        | 0.0003      |
|    loss                 | -0.114      |
|    n_updates            | 320         |
|    policy_gradient_loss | -0.0424     |
|    value_loss           | 0.00281     |
-----------------------------------------
----------------------------------------
| rollout/                |            |
|    ep_len_mean          | 1e+03      |
|    ep_rew_mean          | -1         |
| time/                   |            |
|    fps                  | 635        |
|    iterations           | 34         |
|    time_elapsed         | 3          |
|    total_timesteps      | 2176       |
| train/                  |            |
|    approx_kl            | 0.01856634 |
|    clip_fraction        | 0.106      |
|    clip_range           | 0.2        |
|    entropy_loss         | -3.03      |
|    explained_variance   | -1.16      |
|    learning_rate        | 0.0003     |
|    loss                 | -0.134     |
|    n_updates            | 330        |
|    policy_gradient_loss | -0.0435    |
|    value_loss           | 0.00215    |
----------------------------------------
-----------------------------------------
| rollout/                |             |
|    ep_len_mean          | 1e+03       |
|    ep_rew_mean          | -1          |
| time/                   |             |
|    fps                  | 635         |
|    iterations           | 35          |
|    time_elapsed         | 3           |
|    total_timesteps      | 2240        |
| train/                  |             |
|    approx_kl            | 0.015955381 |
|    clip_fraction        | 0.0906      |
|    clip_range           | 0.2         |
|    entropy_loss         | -3.01       |
|    explained_variance   | -12         |
|    learning_rate        | 0.0003      |
|    loss                 | -0.139      |
|    n_updates            | 340         |
|    policy_gradient_loss | -0.0509     |
|    value_loss           | 0.00187     |
-----------------------------------------
-----------------------------------------
| rollout/                |             |
|    ep_len_mean          | 1e+03       |
|    ep_rew_mean          | -1          |
| time/                   |             |
|    fps                  | 635         |
|    iterations           | 36          |
|    time_elapsed         | 3           |
|    total_timesteps      | 2304        |
| train/                  |             |
|    approx_kl            | 0.014589735 |
|    clip_fraction        | 0.139       |
|    clip_range           | 0.2         |
|    entropy_loss         | -3.01       |
|    explained_variance   | -14.9       |
|    learning_rate        | 0.0003      |
|    loss                 | -0.0865     |
|    n_updates            | 350         |
|    policy_gradient_loss | -0.0478     |
|    value_loss           | 0.00508     |
-----------------------------------------
------------------------------------------
| rollout/                |              |
|    ep_len_mean          | 1e+03        |
|    ep_rew_mean          | -1           |
| time/                   |              |
|    fps                  | 636          |
|    iterations           | 37           |
|    time_elapsed         | 3            |
|    total_timesteps      | 2368         |
| train/                  |              |
|    approx_kl            | 0.0136638675 |
|    clip_fraction        | 0.0703       |
|    clip_range           | 0.2          |
|    entropy_loss         | -2.95        |
|    explained_variance   | -2.63        |
|    learning_rate        | 0.0003       |
|    loss                 | -0.108       |
|    n_updates            | 360          |
|    policy_gradient_loss | -0.0365      |
|    value_loss           | 0.00343      |
------------------------------------------
-----------------------------------------
| rollout/                |             |
|    ep_len_mean          | 1e+03       |
|    ep_rew_mean          | -1          |
| time/                   |             |
|    fps                  | 636         |
|    iterations           | 38          |
|    time_elapsed         | 3           |
|    total_timesteps      | 2432        |
| train/                  |             |
|    approx_kl            | 0.013456955 |
|    clip_fraction        | 0.139       |
|    clip_range           | 0.2         |
|    entropy_loss         | -3.04       |
|    explained_variance   | -2.62       |
|    learning_rate        | 0.0003      |
|    loss                 | -0.111      |
|    n_updates            | 370         |
|    policy_gradient_loss | -0.0429     |
|    value_loss           | 0.00208     |
-----------------------------------------
-----------------------------------------
| rollout/                |             |
|    ep_len_mean          | 1e+03       |
|    ep_rew_mean          | -1          |
| time/                   |             |
|    fps                  | 636         |
|    iterations           | 39          |
|    time_elapsed         | 3           |
|    total_timesteps      | 2496        |
| train/                  |             |
|    approx_kl            | 0.021847032 |
|    clip_fraction        | 0.225       |
|    clip_range           | 0.2         |
|    entropy_loss         | -3.04       |
|    explained_variance   | -9.94       |
|    learning_rate        | 0.0003      |
|    loss                 | -0.0849     |
|    n_updates            | 380         |
|    policy_gradient_loss | -0.053      |
|    value_loss           | 0.00099     |
-----------------------------------------
----------------------------------------
| rollout/                |            |
|    ep_len_mean          | 1e+03      |
|    ep_rew_mean          | -1         |
| time/                   |            |
|    fps                  | 636        |
|    iterations           | 40         |
|    time_elapsed         | 4          |
|    total_timesteps      | 2560       |
| train/                  |            |
|    approx_kl            | 0.02309883 |
|    clip_fraction        | 0.206      |
|    clip_range           | 0.2        |
|    entropy_loss         | -3         |
|    explained_variance   | -22.1      |
|    learning_rate        | 0.0003     |
|    loss                 | -0.126     |
|    n_updates            | 390        |
|    policy_gradient_loss | -0.0519    |
|    value_loss           | 0.00147    |
----------------------------------------
-----------------------------------------
| rollout/                |             |
|    ep_len_mean          | 1e+03       |
|    ep_rew_mean          | -1          |
| time/                   |             |
|    fps                  | 637         |
|    iterations           | 41          |
|    time_elapsed         | 4           |
|    total_timesteps      | 2624        |
| train/                  |             |
|    approx_kl            | 0.022137275 |
|    clip_fraction        | 0.177       |
|    clip_range           | 0.2         |
|    entropy_loss         | -2.99       |
|    explained_variance   | -34         |
|    learning_rate        | 0.0003      |
|    loss                 | -0.14       |
|    n_updates            | 400         |
|    policy_gradient_loss | -0.051      |
|    value_loss           | 0.00557     |
-----------------------------------------
-----------------------------------------
| rollout/                |             |
|    ep_len_mean          | 1e+03       |
|    ep_rew_mean          | -1          |
| time/                   |             |
|    fps                  | 637         |
|    iterations           | 42          |
|    time_elapsed         | 4           |
|    total_timesteps      | 2688        |
| train/                  |             |
|    approx_kl            | 0.014448716 |
|    clip_fraction        | 0.166       |
|    clip_range           | 0.2         |
|    entropy_loss         | -2.99       |
|    explained_variance   | -13.6       |
|    learning_rate        | 0.0003      |
|    loss                 | -0.105      |
|    n_updates            | 410         |
|    policy_gradient_loss | -0.0367     |
|    value_loss           | 0.00271     |
-----------------------------------------
----------------------------------------
| rollout/                |            |
|    ep_len_mean          | 1e+03      |
|    ep_rew_mean          | -1         |
| time/                   |            |
|    fps                  | 635        |
|    iterations           | 43         |
|    time_elapsed         | 4          |
|    total_timesteps      | 2752       |
| train/                  |            |
|    approx_kl            | 0.01727496 |
|    clip_fraction        | 0.131      |
|    clip_range           | 0.2        |
|    entropy_loss         | -3.04      |
|    explained_variance   | -19.4      |
|    learning_rate        | 0.0003     |
|    loss                 | -0.15      |
|    n_updates            | 420        |
|    policy_gradient_loss | -0.0488    |
|    value_loss           | 0.00232    |
----------------------------------------
-----------------------------------------
| rollout/                |             |
|    ep_len_mean          | 1e+03       |
|    ep_rew_mean          | -1          |
| time/                   |             |
|    fps                  | 633         |
|    iterations           | 44          |
|    time_elapsed         | 4           |
|    total_timesteps      | 2816        |
| train/                  |             |
|    approx_kl            | 0.029713288 |
|    clip_fraction        | 0.264       |
|    clip_range           | 0.2         |
|    entropy_loss         | -3.04       |
|    explained_variance   | -12         |
|    learning_rate        | 0.0003      |
|    loss                 | -0.178      |
|    n_updates            | 430         |
|    policy_gradient_loss | -0.0665     |
|    value_loss           | 0.0033      |
-----------------------------------------
-----------------------------------------
| rollout/                |             |
|    ep_len_mean          | 1e+03       |
|    ep_rew_mean          | -1          |
| time/                   |             |
|    fps                  | 634         |
|    iterations           | 45          |
|    time_elapsed         | 4           |
|    total_timesteps      | 2880        |
| train/                  |             |
|    approx_kl            | 0.013210801 |
|    clip_fraction        | 0.0906      |
|    clip_range           | 0.2         |
|    entropy_loss         | -3.02       |
|    explained_variance   | -4.76       |
|    learning_rate        | 0.0003      |
|    loss                 | -0.0872     |
|    n_updates            | 440         |
|    policy_gradient_loss | -0.0382     |
|    value_loss           | 0.00195     |
-----------------------------------------
----------------------------------------
| rollout/                |            |
|    ep_len_mean          | 1e+03      |
|    ep_rew_mean          | -1         |
| time/                   |            |
|    fps                  | 634        |
|    iterations           | 46         |
|    time_elapsed         | 4          |
|    total_timesteps      | 2944       |
| train/                  |            |
|    approx_kl            | 0.02275725 |
|    clip_fraction        | 0.192      |
|    clip_range           | 0.2        |
|    entropy_loss         | -3.03      |
|    explained_variance   | -5.65      |
|    learning_rate        | 0.0003     |
|    loss                 | -0.073     |
|    n_updates            | 450        |
|    policy_gradient_loss | -0.0499    |
|    value_loss           | 0.00093    |
----------------------------------------
-----------------------------------------
| rollout/                |             |
|    ep_len_mean          | 1e+03       |
|    ep_rew_mean          | -1          |
| time/                   |             |
|    fps                  | 634         |
|    iterations           | 47          |
|    time_elapsed         | 4           |
|    total_timesteps      | 3008        |
| train/                  |             |
|    approx_kl            | 0.018489363 |
|    clip_fraction        | 0.147       |
|    clip_range           | 0.2         |
|    entropy_loss         | -3.02       |
|    explained_variance   | -2.05       |
|    learning_rate        | 0.0003      |
|    loss                 | -0.0628     |
|    n_updates            | 460         |
|    policy_gradient_loss | -0.0392     |
|    value_loss           | 0.000313    |
-----------------------------------------
-----------------------------------------
| rollout/                |             |
|    ep_len_mean          | 1e+03       |
|    ep_rew_mean          | -1          |
| time/                   |             |
|    fps                  | 632         |
|    iterations           | 48          |
|    time_elapsed         | 4           |
|    total_timesteps      | 3072        |
| train/                  |             |
|    approx_kl            | 0.023288645 |
|    clip_fraction        | 0.158       |
|    clip_range           | 0.2         |
|    entropy_loss         | -3.07       |
|    explained_variance   | -2.36       |
|    learning_rate        | 0.0003      |
|    loss                 | -0.131      |
|    n_updates            | 470         |
|    policy_gradient_loss | -0.04       |
|    value_loss           | 0.00149     |
-----------------------------------------
----------------------------------------
| rollout/                |            |
|    ep_len_mean          | 1e+03      |
|    ep_rew_mean          | -1         |
| time/                   |            |
|    fps                  | 630        |
|    iterations           | 49         |
|    time_elapsed         | 4          |
|    total_timesteps      | 3136       |
| train/                  |            |
|    approx_kl            | 0.02289585 |
|    clip_fraction        | 0.23       |
|    clip_range           | 0.2        |
|    entropy_loss         | -3.04      |
|    explained_variance   | -30.8      |
|    learning_rate        | 0.0003     |
|    loss                 | -0.0906    |
|    n_updates            | 480        |
|    policy_gradient_loss | -0.0423    |
|    value_loss           | 0.000731   |
----------------------------------------
-----------------------------------------
| rollout/                |             |
|    ep_len_mean          | 1e+03       |
|    ep_rew_mean          | -1          |
| time/                   |             |
|    fps                  | 630         |
|    iterations           | 50          |
|    time_elapsed         | 5           |
|    total_timesteps      | 3200        |
| train/                  |             |
|    approx_kl            | 0.017229546 |
|    clip_fraction        | 0.123       |
|    clip_range           | 0.2         |
|    entropy_loss         | -3          |
|    explained_variance   | -24.5       |
|    learning_rate        | 0.0003      |
|    loss                 | -0.0657     |
|    n_updates            | 490         |
|    policy_gradient_loss | -0.0386     |
|    value_loss           | 0.000508    |
-----------------------------------------
-----------------------------------------
| rollout/                |             |
|    ep_len_mean          | 1e+03       |
|    ep_rew_mean          | -1          |
| time/                   |             |
|    fps                  | 630         |
|    iterations           | 51          |
|    time_elapsed         | 5           |
|    total_timesteps      | 3264        |
| train/                  |             |
|    approx_kl            | 0.024505273 |
|    clip_fraction        | 0.163       |
|    clip_range           | 0.2         |
|    entropy_loss         | -3          |
|    explained_variance   | -3.16       |
|    learning_rate        | 0.0003      |
|    loss                 | -0.096      |
|    n_updates            | 500         |
|    policy_gradient_loss | -0.0435     |
|    value_loss           | 0.00167     |
-----------------------------------------
-----------------------------------------
| rollout/                |             |
|    ep_len_mean          | 1e+03       |
|    ep_rew_mean          | -1          |
| time/                   |             |
|    fps                  | 631         |
|    iterations           | 52          |
|    time_elapsed         | 5           |
|    total_timesteps      | 3328        |
| train/                  |             |
|    approx_kl            | 0.013603832 |
|    clip_fraction        | 0.172       |
|    clip_range           | 0.2         |
|    entropy_loss         | -2.98       |
|    explained_variance   | -27.3       |
|    learning_rate        | 0.0003      |
|    loss                 | -0.108      |
|    n_updates            | 510         |
|    policy_gradient_loss | -0.0414     |
|    value_loss           | 0.000616    |
-----------------------------------------
-----------------------------------------
| rollout/                |             |
|    ep_len_mean          | 1e+03       |
|    ep_rew_mean          | -1          |
| time/                   |             |
|    fps                  | 630         |
|    iterations           | 53          |
|    time_elapsed         | 5           |
|    total_timesteps      | 3392        |
| train/                  |             |
|    approx_kl            | 0.022423584 |
|    clip_fraction        | 0.195       |
|    clip_range           | 0.2         |
|    entropy_loss         | -2.93       |
|    explained_variance   | -43.3       |
|    learning_rate        | 0.0003      |
|    loss                 | -0.123      |
|    n_updates            | 520         |
|    policy_gradient_loss | -0.0455     |
|    value_loss           | 0.00422     |
-----------------------------------------
-----------------------------------------
| rollout/                |             |
|    ep_len_mean          | 1e+03       |
|    ep_rew_mean          | -1          |
| time/                   |             |
|    fps                  | 630         |
|    iterations           | 54          |
|    time_elapsed         | 5           |
|    total_timesteps      | 3456        |
| train/                  |             |
|    approx_kl            | 0.016874133 |
|    clip_fraction        | 0.0922      |
|    clip_range           | 0.2         |
|    entropy_loss         | -2.89       |
|    explained_variance   | -11.4       |
|    learning_rate        | 0.0003      |
|    loss                 | -0.0906     |
|    n_updates            | 530         |
|    policy_gradient_loss | -0.0313     |
|    value_loss           | 0.00109     |
-----------------------------------------
----------------------------------------
| rollout/                |            |
|    ep_len_mean          | 1e+03      |
|    ep_rew_mean          | -1         |
| time/                   |            |
|    fps                  | 630        |
|    iterations           | 55         |
|    time_elapsed         | 5          |
|    total_timesteps      | 3520       |
| train/                  |            |
|    approx_kl            | 0.01170881 |
|    clip_fraction        | 0.0828     |
|    clip_range           | 0.2        |
|    entropy_loss         | -2.92      |
|    explained_variance   | -10.6      |
|    learning_rate        | 0.0003     |
|    loss                 | -0.132     |
|    n_updates            | 540        |
|    policy_gradient_loss | -0.0378    |
|    value_loss           | 0.00155    |
----------------------------------------
-----------------------------------------
| rollout/                |             |
|    ep_len_mean          | 1e+03       |
|    ep_rew_mean          | -1          |
| time/                   |             |
|    fps                  | 629         |
|    iterations           | 56          |
|    time_elapsed         | 5           |
|    total_timesteps      | 3584        |
| train/                  |             |
|    approx_kl            | 0.020287372 |
|    clip_fraction        | 0.189       |
|    clip_range           | 0.2         |
|    entropy_loss         | -2.89       |
|    explained_variance   | -50.8       |
|    learning_rate        | 0.0003      |
|    loss                 | -0.154      |
|    n_updates            | 550         |
|    policy_gradient_loss | -0.0487     |
|    value_loss           | 0.00098     |
-----------------------------------------
-----------------------------------------
| rollout/                |             |
|    ep_len_mean          | 1e+03       |
|    ep_rew_mean          | -1          |
| time/                   |             |
|    fps                  | 627         |
|    iterations           | 57          |
|    time_elapsed         | 5           |
|    total_timesteps      | 3648        |
| train/                  |             |
|    approx_kl            | 0.018769832 |
|    clip_fraction        | 0.188       |
|    clip_range           | 0.2         |
|    entropy_loss         | -2.86       |
|    explained_variance   | -0.366      |
|    learning_rate        | 0.0003      |
|    loss                 | -0.126      |
|    n_updates            | 560         |
|    policy_gradient_loss | -0.0408     |
|    value_loss           | 0.000928    |
-----------------------------------------
---------------------------------------
| rollout/                |           |
|    ep_len_mean          | 1e+03     |
|    ep_rew_mean          | -1        |
| time/                   |           |
|    fps                  | 626       |
|    iterations           | 58        |
|    time_elapsed         | 5         |
|    total_timesteps      | 3712      |
| train/                  |           |
|    approx_kl            | 0.0192332 |
|    clip_fraction        | 0.152     |
|    clip_range           | 0.2       |
|    entropy_loss         | -2.85     |
|    explained_variance   | -14.3     |
|    learning_rate        | 0.0003    |
|    loss                 | -0.107    |
|    n_updates            | 570       |
|    policy_gradient_loss | -0.0404   |
|    value_loss           | 0.001     |
---------------------------------------
-----------------------------------------
| rollout/                |             |
|    ep_len_mean          | 1e+03       |
|    ep_rew_mean          | -1          |
| time/                   |             |
|    fps                  | 624         |
|    iterations           | 59          |
|    time_elapsed         | 6           |
|    total_timesteps      | 3776        |
| train/                  |             |
|    approx_kl            | 0.018412966 |
|    clip_fraction        | 0.195       |
|    clip_range           | 0.2         |
|    entropy_loss         | -2.87       |
|    explained_variance   | -12.9       |
|    learning_rate        | 0.0003      |
|    loss                 | -0.0976     |
|    n_updates            | 580         |
|    policy_gradient_loss | -0.0476     |
|    value_loss           | 0.000534    |
-----------------------------------------
-----------------------------------------
| rollout/                |             |
|    ep_len_mean          | 1e+03       |
|    ep_rew_mean          | -1          |
| time/                   |             |
|    fps                  | 623         |
|    iterations           | 60          |
|    time_elapsed         | 6           |
|    total_timesteps      | 3840        |
| train/                  |             |
|    approx_kl            | 0.013676392 |
|    clip_fraction        | 0.0828      |
|    clip_range           | 0.2         |
|    entropy_loss         | -2.89       |
|    explained_variance   | -9.61       |
|    learning_rate        | 0.0003      |
|    loss                 | -0.0215     |
|    n_updates            | 590         |
|    policy_gradient_loss | -0.0284     |
|    value_loss           | 0.000657    |
-----------------------------------------
-----------------------------------------
| rollout/                |             |
|    ep_len_mean          | 1e+03       |
|    ep_rew_mean          | -1          |
| time/                   |             |
|    fps                  | 625         |
|    iterations           | 61          |
|    time_elapsed         | 6           |
|    total_timesteps      | 3904        |
| train/                  |             |
|    approx_kl            | 0.016121035 |
|    clip_fraction        | 0.105       |
|    clip_range           | 0.2         |
|    entropy_loss         | -2.91       |
|    explained_variance   | -29.8       |
|    learning_rate        | 0.0003      |
|    loss                 | -0.115      |
|    n_updates            | 600         |
|    policy_gradient_loss | -0.0369     |
|    value_loss           | 0.00152     |
-----------------------------------------
-----------------------------------------
| rollout/                |             |
|    ep_len_mean          | 1e+03       |
|    ep_rew_mean          | -1          |
| time/                   |             |
|    fps                  | 624         |
|    iterations           | 62          |
|    time_elapsed         | 6           |
|    total_timesteps      | 3968        |
| train/                  |             |
|    approx_kl            | 0.022167696 |
|    clip_fraction        | 0.222       |
|    clip_range           | 0.2         |
|    entropy_loss         | -2.89       |
|    explained_variance   | -18.5       |
|    learning_rate        | 0.0003      |
|    loss                 | -0.115      |
|    n_updates            | 610         |
|    policy_gradient_loss | -0.0503     |
|    value_loss           | 0.00268     |
-----------------------------------------
-----------------------------------------
| rollout/                |             |
|    ep_len_mean          | 1e+03       |
|    ep_rew_mean          | -1          |
| time/                   |             |
|    fps                  | 625         |
|    iterations           | 63          |
|    time_elapsed         | 6           |
|    total_timesteps      | 4032        |
| train/                  |             |
|    approx_kl            | 0.020936701 |
|    clip_fraction        | 0.128       |
|    clip_range           | 0.2         |
|    entropy_loss         | -2.89       |
|    explained_variance   | -21.7       |
|    learning_rate        | 0.0003      |
|    loss                 | -0.11       |
|    n_updates            | 620         |
|    policy_gradient_loss | -0.0418     |
|    value_loss           | 0.00109     |
-----------------------------------------
-----------------------------------------
| rollout/                |             |
|    ep_len_mean          | 1e+03       |
|    ep_rew_mean          | -1          |
| time/                   |             |
|    fps                  | 626         |
|    iterations           | 64          |
|    time_elapsed         | 6           |
|    total_timesteps      | 4096        |
| train/                  |             |
|    approx_kl            | 0.021733576 |
|    clip_fraction        | 0.205       |
|    clip_range           | 0.2         |
|    entropy_loss         | -2.81       |
|    explained_variance   | -2.29       |
|    learning_rate        | 0.0003      |
|    loss                 | -0.125      |
|    n_updates            | 630         |
|    policy_gradient_loss | -0.0439     |
|    value_loss           | 0.00214     |
-----------------------------------------
-----------------------------------------
| rollout/                |             |
|    ep_len_mean          | 1e+03       |
|    ep_rew_mean          | -1          |
| time/                   |             |
|    fps                  | 626         |
|    iterations           | 65          |
|    time_elapsed         | 6           |
|    total_timesteps      | 4160        |
| train/                  |             |
|    approx_kl            | 0.019724246 |
|    clip_fraction        | 0.163       |
|    clip_range           | 0.2         |
|    entropy_loss         | -2.81       |
|    explained_variance   | -4.99       |
|    learning_rate        | 0.0003      |
|    loss                 | -0.102      |
|    n_updates            | 640         |
|    policy_gradient_loss | -0.0323     |
|    value_loss           | 0.000408    |
-----------------------------------------
-----------------------------------------
| rollout/                |             |
|    ep_len_mean          | 1e+03       |
|    ep_rew_mean          | -1          |
| time/                   |             |
|    fps                  | 627         |
|    iterations           | 66          |
|    time_elapsed         | 6           |
|    total_timesteps      | 4224        |
| train/                  |             |
|    approx_kl            | 0.020764511 |
|    clip_fraction        | 0.156       |
|    clip_range           | 0.2         |
|    entropy_loss         | -2.79       |
|    explained_variance   | -24.6       |
|    learning_rate        | 0.0003      |
|    loss                 | -0.106      |
|    n_updates            | 650         |
|    policy_gradient_loss | -0.0399     |
|    value_loss           | 0.000461    |
-----------------------------------------
-----------------------------------------
| rollout/                |             |
|    ep_len_mean          | 1e+03       |
|    ep_rew_mean          | -1          |
| time/                   |             |
|    fps                  | 627         |
|    iterations           | 67          |
|    time_elapsed         | 6           |
|    total_timesteps      | 4288        |
| train/                  |             |
|    approx_kl            | 0.016612273 |
|    clip_fraction        | 0.17        |
|    clip_range           | 0.2         |
|    entropy_loss         | -2.8        |
|    explained_variance   | 0.0212      |
|    learning_rate        | 0.0003      |
|    loss                 | -0.145      |
|    n_updates            | 660         |
|    policy_gradient_loss | -0.0333     |
|    value_loss           | 0.000334    |
-----------------------------------------
----------------------------------------
| rollout/                |            |
|    ep_len_mean          | 1e+03      |
|    ep_rew_mean          | -1         |
| time/                   |            |
|    fps                  | 628        |
|    iterations           | 68         |
|    time_elapsed         | 6          |
|    total_timesteps      | 4352       |
| train/                  |            |
|    approx_kl            | 0.02107787 |
|    clip_fraction        | 0.205      |
|    clip_range           | 0.2        |
|    entropy_loss         | -2.78      |
|    explained_variance   | -35.6      |
|    learning_rate        | 0.0003     |
|    loss                 | -0.115     |
|    n_updates            | 670        |
|    policy_gradient_loss | -0.0306    |
|    value_loss           | 0.000471   |
----------------------------------------
-----------------------------------------
| rollout/                |             |
|    ep_len_mean          | 1e+03       |
|    ep_rew_mean          | -1          |
| time/                   |             |
|    fps                  | 627         |
|    iterations           | 69          |
|    time_elapsed         | 7           |
|    total_timesteps      | 4416        |
| train/                  |             |
|    approx_kl            | 0.022293683 |
|    clip_fraction        | 0.244       |
|    clip_range           | 0.2         |
|    entropy_loss         | -2.81       |
|    explained_variance   | -8.77       |
|    learning_rate        | 0.0003      |
|    loss                 | -0.0972     |
|    n_updates            | 680         |
|    policy_gradient_loss | -0.0445     |
|    value_loss           | 0.000111    |
-----------------------------------------
-----------------------------------------
| rollout/                |             |
|    ep_len_mean          | 1e+03       |
|    ep_rew_mean          | -1          |
| time/                   |             |
|    fps                  | 626         |
|    iterations           | 70          |
|    time_elapsed         | 7           |
|    total_timesteps      | 4480        |
| train/                  |             |
|    approx_kl            | 0.019061971 |
|    clip_fraction        | 0.172       |
|    clip_range           | 0.2         |
|    entropy_loss         | -2.86       |
|    explained_variance   | -48         |
|    learning_rate        | 0.0003      |
|    loss                 | -0.13       |
|    n_updates            | 690         |
|    policy_gradient_loss | -0.0267     |
|    value_loss           | 5.36e-05    |
-----------------------------------------
----------------------------------------
| rollout/                |            |
|    ep_len_mean          | 1e+03      |
|    ep_rew_mean          | -1         |
| time/                   |            |
|    fps                  | 627        |
|    iterations           | 71         |
|    time_elapsed         | 7          |
|    total_timesteps      | 4544       |
| train/                  |            |
|    approx_kl            | 0.02321153 |
|    clip_fraction        | 0.228      |
|    clip_range           | 0.2        |
|    entropy_loss         | -2.87      |
|    explained_variance   | -33.4      |
|    learning_rate        | 0.0003     |
|    loss                 | -0.0829    |
|    n_updates            | 700        |
|    policy_gradient_loss | -0.0406    |
|    value_loss           | 2.3e-05    |
----------------------------------------
-----------------------------------------
| rollout/                |             |
|    ep_len_mean          | 1e+03       |
|    ep_rew_mean          | -1          |
| time/                   |             |
|    fps                  | 627         |
|    iterations           | 72          |
|    time_elapsed         | 7           |
|    total_timesteps      | 4608        |
| train/                  |             |
|    approx_kl            | 0.012948561 |
|    clip_fraction        | 0.0813      |
|    clip_range           | 0.2         |
|    entropy_loss         | -2.86       |
|    explained_variance   | -18.3       |
|    learning_rate        | 0.0003      |
|    loss                 | -0.0723     |
|    n_updates            | 710         |
|    policy_gradient_loss | -0.0157     |
|    value_loss           | 0.000173    |
-----------------------------------------
-----------------------------------------
| rollout/                |             |
|    ep_len_mean          | 1e+03       |
|    ep_rew_mean          | -1          |
| time/                   |             |
|    fps                  | 627         |
|    iterations           | 73          |
|    time_elapsed         | 7           |
|    total_timesteps      | 4672        |
| train/                  |             |
|    approx_kl            | 0.019541655 |
|    clip_fraction        | 0.175       |
|    clip_range           | 0.2         |
|    entropy_loss         | -2.81       |
|    explained_variance   | -13.6       |
|    learning_rate        | 0.0003      |
|    loss                 | -0.095      |
|    n_updates            | 720         |
|    policy_gradient_loss | -0.0384     |
|    value_loss           | 8.54e-05    |
-----------------------------------------
-----------------------------------------
| rollout/                |             |
|    ep_len_mean          | 1e+03       |
|    ep_rew_mean          | -1          |
| time/                   |             |
|    fps                  | 626         |
|    iterations           | 74          |
|    time_elapsed         | 7           |
|    total_timesteps      | 4736        |
| train/                  |             |
|    approx_kl            | 0.025967672 |
|    clip_fraction        | 0.306       |
|    clip_range           | 0.2         |
|    entropy_loss         | -2.76       |
|    explained_variance   | -16.5       |
|    learning_rate        | 0.0003      |
|    loss                 | -0.0594     |
|    n_updates            | 730         |
|    policy_gradient_loss | -0.0549     |
|    value_loss           | 5.35e-05    |
-----------------------------------------
----------------------------------------
| rollout/                |            |
|    ep_len_mean          | 1e+03      |
|    ep_rew_mean          | -1         |
| time/                   |            |
|    fps                  | 626        |
|    iterations           | 75         |
|    time_elapsed         | 7          |
|    total_timesteps      | 4800       |
| train/                  |            |
|    approx_kl            | 0.01768779 |
|    clip_fraction        | 0.109      |
|    clip_range           | 0.2        |
|    entropy_loss         | -2.73      |
|    explained_variance   | -60.4      |
|    learning_rate        | 0.0003     |
|    loss                 | -0.0802    |
|    n_updates            | 740        |
|    policy_gradient_loss | -0.0382    |
|    value_loss           | 0.000417   |
----------------------------------------
-----------------------------------------
| rollout/                |             |
|    ep_len_mean          | 1e+03       |
|    ep_rew_mean          | -1          |
| time/                   |             |
|    fps                  | 627         |
|    iterations           | 76          |
|    time_elapsed         | 7           |
|    total_timesteps      | 4864        |
| train/                  |             |
|    approx_kl            | 0.014904354 |
|    clip_fraction        | 0.153       |
|    clip_range           | 0.2         |
|    entropy_loss         | -2.69       |
|    explained_variance   | -4.11       |
|    learning_rate        | 0.0003      |
|    loss                 | -0.111      |
|    n_updates            | 750         |
|    policy_gradient_loss | -0.0245     |
|    value_loss           | 0.000878    |
-----------------------------------------
-----------------------------------------
| rollout/                |             |
|    ep_len_mean          | 1e+03       |
|    ep_rew_mean          | -1          |
| time/                   |             |
|    fps                  | 627         |
|    iterations           | 77          |
|    time_elapsed         | 7           |
|    total_timesteps      | 4928        |
| train/                  |             |
|    approx_kl            | 0.020548869 |
|    clip_fraction        | 0.155       |
|    clip_range           | 0.2         |
|    entropy_loss         | -2.73       |
|    explained_variance   | -24         |
|    learning_rate        | 0.0003      |
|    loss                 | -0.0954     |
|    n_updates            | 760         |
|    policy_gradient_loss | -0.036      |
|    value_loss           | 0.000196    |
-----------------------------------------
-----------------------------------------
| rollout/                |             |
|    ep_len_mean          | 1e+03       |
|    ep_rew_mean          | -1          |
| time/                   |             |
|    fps                  | 628         |
|    iterations           | 78          |
|    time_elapsed         | 7           |
|    total_timesteps      | 4992        |
| train/                  |             |
|    approx_kl            | 0.037265014 |
|    clip_fraction        | 0.33        |
|    clip_range           | 0.2         |
|    entropy_loss         | -2.78       |
|    explained_variance   | -39.6       |
|    learning_rate        | 0.0003      |
|    loss                 | -0.0889     |
|    n_updates            | 770         |
|    policy_gradient_loss | -0.0553     |
|    value_loss           | 0.00103     |
-----------------------------------------
-----------------------------------------
| rollout/                |             |
|    ep_len_mean          | 1e+03       |
|    ep_rew_mean          | -1          |
| time/                   |             |
|    fps                  | 628         |
|    iterations           | 79          |
|    time_elapsed         | 8           |
|    total_timesteps      | 5056        |
| train/                  |             |
|    approx_kl            | 0.033137895 |
|    clip_fraction        | 0.322       |
|    clip_range           | 0.2         |
|    entropy_loss         | -2.83       |
|    explained_variance   | -14.7       |
|    learning_rate        | 0.0003      |
|    loss                 | -0.175      |
|    n_updates            | 780         |
|    policy_gradient_loss | -0.0581     |
|    value_loss           | 0.000364    |
-----------------------------------------
-----------------------------------------
| rollout/                |             |
|    ep_len_mean          | 1e+03       |
|    ep_rew_mean          | -1          |
| time/                   |             |
|    fps                  | 628         |
|    iterations           | 80          |
|    time_elapsed         | 8           |
|    total_timesteps      | 5120        |
| train/                  |             |
|    approx_kl            | 0.025983829 |
|    clip_fraction        | 0.23        |
|    clip_range           | 0.2         |
|    entropy_loss         | -2.85       |
|    explained_variance   | -0.373      |
|    learning_rate        | 0.0003      |
|    loss                 | -0.0343     |
|    n_updates            | 790         |
|    policy_gradient_loss | -0.0435     |
|    value_loss           | 0.00101     |
-----------------------------------------
-----------------------------------------
| rollout/                |             |
|    ep_len_mean          | 1e+03       |
|    ep_rew_mean          | -1          |
| time/                   |             |
|    fps                  | 628         |
|    iterations           | 81          |
|    time_elapsed         | 8           |
|    total_timesteps      | 5184        |
| train/                  |             |
|    approx_kl            | 0.022783712 |
|    clip_fraction        | 0.128       |
|    clip_range           | 0.2         |
|    entropy_loss         | -2.84       |
|    explained_variance   | -20.8       |
|    learning_rate        | 0.0003      |
|    loss                 | -0.0958     |
|    n_updates            | 800         |
|    policy_gradient_loss | -0.0347     |
|    value_loss           | 0.00102     |
-----------------------------------------
-----------------------------------------
| rollout/                |             |
|    ep_len_mean          | 1e+03       |
|    ep_rew_mean          | -1          |
| time/                   |             |
|    fps                  | 629         |
|    iterations           | 82          |
|    time_elapsed         | 8           |
|    total_timesteps      | 5248        |
| train/                  |             |
|    approx_kl            | 0.014031875 |
|    clip_fraction        | 0.136       |
|    clip_range           | 0.2         |
|    entropy_loss         | -2.84       |
|    explained_variance   | 0.266       |
|    learning_rate        | 0.0003      |
|    loss                 | -0.0869     |
|    n_updates            | 810         |
|    policy_gradient_loss | -0.0362     |
|    value_loss           | 0.0012      |
-----------------------------------------
-----------------------------------------
| rollout/                |             |
|    ep_len_mean          | 1e+03       |
|    ep_rew_mean          | -1          |
| time/                   |             |
|    fps                  | 629         |
|    iterations           | 83          |
|    time_elapsed         | 8           |
|    total_timesteps      | 5312        |
| train/                  |             |
|    approx_kl            | 0.019232754 |
|    clip_fraction        | 0.177       |
|    clip_range           | 0.2         |
|    entropy_loss         | -2.85       |
|    explained_variance   | -18.3       |
|    learning_rate        | 0.0003      |
|    loss                 | -0.101      |
|    n_updates            | 820         |
|    policy_gradient_loss | -0.0544     |
|    value_loss           | 0.00346     |
-----------------------------------------
-----------------------------------------
| rollout/                |             |
|    ep_len_mean          | 1e+03       |
|    ep_rew_mean          | -1          |
| time/                   |             |
|    fps                  | 629         |
|    iterations           | 84          |
|    time_elapsed         | 8           |
|    total_timesteps      | 5376        |
| train/                  |             |
|    approx_kl            | 0.013044539 |
|    clip_fraction        | 0.0906      |
|    clip_range           | 0.2         |
|    entropy_loss         | -2.76       |
|    explained_variance   | -7.21       |
|    learning_rate        | 0.0003      |
|    loss                 | -0.106      |
|    n_updates            | 830         |
|    policy_gradient_loss | -0.032      |
|    value_loss           | 0.00136     |
-----------------------------------------
----------------------------------------
| rollout/                |            |
|    ep_len_mean          | 1e+03      |
|    ep_rew_mean          | -1         |
| time/                   |            |
|    fps                  | 630        |
|    iterations           | 85         |
|    time_elapsed         | 8          |
|    total_timesteps      | 5440       |
| train/                  |            |
|    approx_kl            | 0.02008366 |
|    clip_fraction        | 0.159      |
|    clip_range           | 0.2        |
|    entropy_loss         | -2.72      |
|    explained_variance   | -16.6      |
|    learning_rate        | 0.0003     |
|    loss                 | -0.086     |
|    n_updates            | 840        |
|    policy_gradient_loss | -0.0435    |
|    value_loss           | 0.00197    |
----------------------------------------
-----------------------------------------
| rollout/                |             |
|    ep_len_mean          | 1e+03       |
|    ep_rew_mean          | -1          |
| time/                   |             |
|    fps                  | 630         |
|    iterations           | 86          |
|    time_elapsed         | 8           |
|    total_timesteps      | 5504        |
| train/                  |             |
|    approx_kl            | 0.014819055 |
|    clip_fraction        | 0.175       |
|    clip_range           | 0.2         |
|    entropy_loss         | -2.76       |
|    explained_variance   | -10.3       |
|    learning_rate        | 0.0003      |
|    loss                 | -0.125      |
|    n_updates            | 850         |
|    policy_gradient_loss | -0.0339     |
|    value_loss           | 0.000568    |
-----------------------------------------
----------------------------------------
| rollout/                |            |
|    ep_len_mean          | 1e+03      |
|    ep_rew_mean          | -1         |
| time/                   |            |
|    fps                  | 631        |
|    iterations           | 87         |
|    time_elapsed         | 8          |
|    total_timesteps      | 5568       |
| train/                  |            |
|    approx_kl            | 0.01090992 |
|    clip_fraction        | 0.156      |
|    clip_range           | 0.2        |
|    entropy_loss         | -2.75      |
|    explained_variance   | -4.55      |
|    learning_rate        | 0.0003     |
|    loss                 | -0.0449    |
|    n_updates            | 860        |
|    policy_gradient_loss | -0.0229    |
|    value_loss           | 0.000296   |
----------------------------------------
-----------------------------------------
| rollout/                |             |
|    ep_len_mean          | 1e+03       |
|    ep_rew_mean          | -1          |
| time/                   |             |
|    fps                  | 631         |
|    iterations           | 88          |
|    time_elapsed         | 8           |
|    total_timesteps      | 5632        |
| train/                  |             |
|    approx_kl            | 0.022726025 |
|    clip_fraction        | 0.147       |
|    clip_range           | 0.2         |
|    entropy_loss         | -2.71       |
|    explained_variance   | -26.5       |
|    learning_rate        | 0.0003      |
|    loss                 | -0.111      |
|    n_updates            | 870         |
|    policy_gradient_loss | -0.0368     |
|    value_loss           | 0.000459    |
-----------------------------------------
-----------------------------------------
| rollout/                |             |
|    ep_len_mean          | 1e+03       |
|    ep_rew_mean          | -1          |
| time/                   |             |
|    fps                  | 631         |
|    iterations           | 89          |
|    time_elapsed         | 9           |
|    total_timesteps      | 5696        |
| train/                  |             |
|    approx_kl            | 0.022580031 |
|    clip_fraction        | 0.159       |
|    clip_range           | 0.2         |
|    entropy_loss         | -2.66       |
|    explained_variance   | -32.9       |
|    learning_rate        | 0.0003      |
|    loss                 | -0.135      |
|    n_updates            | 880         |
|    policy_gradient_loss | -0.0442     |
|    value_loss           | 0.000287    |
-----------------------------------------
-----------------------------------------
| rollout/                |             |
|    ep_len_mean          | 1e+03       |
|    ep_rew_mean          | -1          |
| time/                   |             |
|    fps                  | 631         |
|    iterations           | 90          |
|    time_elapsed         | 9           |
|    total_timesteps      | 5760        |
| train/                  |             |
|    approx_kl            | 0.014707245 |
|    clip_fraction        | 0.142       |
|    clip_range           | 0.2         |
|    entropy_loss         | -2.55       |
|    explained_variance   | -16         |
|    learning_rate        | 0.0003      |
|    loss                 | -0.0915     |
|    n_updates            | 890         |
|    policy_gradient_loss | -0.0291     |
|    value_loss           | 7.77e-05    |
-----------------------------------------
---------------------------------------
| rollout/                |           |
|    ep_len_mean          | 1e+03     |
|    ep_rew_mean          | -1        |
| time/                   |           |
|    fps                  | 632       |
|    iterations           | 91        |
|    time_elapsed         | 9         |
|    total_timesteps      | 5824      |
| train/                  |           |
|    approx_kl            | 0.0176194 |
|    clip_fraction        | 0.212     |
|    clip_range           | 0.2       |
|    entropy_loss         | -2.49     |
|    explained_variance   | -18.4     |
|    learning_rate        | 0.0003    |
|    loss                 | -0.107    |
|    n_updates            | 900       |
|    policy_gradient_loss | -0.0247   |
|    value_loss           | 7.08e-05  |
---------------------------------------
---------------------------------------
| rollout/                |           |
|    ep_len_mean          | 1e+03     |
|    ep_rew_mean          | -1        |
| time/                   |           |
|    fps                  | 632       |
|    iterations           | 92        |
|    time_elapsed         | 9         |
|    total_timesteps      | 5888      |
| train/                  |           |
|    approx_kl            | 0.0148238 |
|    clip_fraction        | 0.119     |
|    clip_range           | 0.2       |
|    entropy_loss         | -2.42     |
|    explained_variance   | -3.35     |
|    learning_rate        | 0.0003    |
|    loss                 | -0.0987   |
|    n_updates            | 910       |
|    policy_gradient_loss | -0.0309   |
|    value_loss           | 3.84e-05  |
---------------------------------------
-----------------------------------------
| rollout/                |             |
|    ep_len_mean          | 1e+03       |
|    ep_rew_mean          | -1          |
| time/                   |             |
|    fps                  | 632         |
|    iterations           | 93          |
|    time_elapsed         | 9           |
|    total_timesteps      | 5952        |
| train/                  |             |
|    approx_kl            | 0.018834371 |
|    clip_fraction        | 0.267       |
|    clip_range           | 0.2         |
|    entropy_loss         | -2.44       |
|    explained_variance   | -1.7        |
|    learning_rate        | 0.0003      |
|    loss                 | -0.0891     |
|    n_updates            | 920         |
|    policy_gradient_loss | -0.0361     |
|    value_loss           | 1.11e-05    |
-----------------------------------------
-----------------------------------------
| rollout/                |             |
|    ep_len_mean          | 1e+03       |
|    ep_rew_mean          | -1          |
| time/                   |             |
|    fps                  | 632         |
|    iterations           | 94          |
|    time_elapsed         | 9           |
|    total_timesteps      | 6016        |
| train/                  |             |
|    approx_kl            | 0.016161952 |
|    clip_fraction        | 0.253       |
|    clip_range           | 0.2         |
|    entropy_loss         | -2.38       |
|    explained_variance   | -0.0491     |
|    learning_rate        | 0.0003      |
|    loss                 | -0.071      |
|    n_updates            | 930         |
|    policy_gradient_loss | -0.0401     |
|    value_loss           | 5.64e-06    |
-----------------------------------------
-----------------------------------------
| rollout/                |             |
|    ep_len_mean          | 1e+03       |
|    ep_rew_mean          | -1          |
| time/                   |             |
|    fps                  | 633         |
|    iterations           | 95          |
|    time_elapsed         | 9           |
|    total_timesteps      | 6080        |
| train/                  |             |
|    approx_kl            | 0.021697659 |
|    clip_fraction        | 0.211       |
|    clip_range           | 0.2         |
|    entropy_loss         | -2.34       |
|    explained_variance   | -0.0279     |
|    learning_rate        | 0.0003      |
|    loss                 | -0.115      |
|    n_updates            | 940         |
|    policy_gradient_loss | -0.0438     |
|    value_loss           | 0.00037     |
-----------------------------------------
-----------------------------------------
| rollout/                |             |
|    ep_len_mean          | 1e+03       |
|    ep_rew_mean          | -1          |
| time/                   |             |
|    fps                  | 633         |
|    iterations           | 96          |
|    time_elapsed         | 9           |
|    total_timesteps      | 6144        |
| train/                  |             |
|    approx_kl            | 0.023323998 |
|    clip_fraction        | 0.277       |
|    clip_range           | 0.2         |
|    entropy_loss         | -2.35       |
|    explained_variance   | -0.433      |
|    learning_rate        | 0.0003      |
|    loss                 | -0.0856     |
|    n_updates            | 950         |
|    policy_gradient_loss | -0.0452     |
|    value_loss           | 0.000387    |
-----------------------------------------
-----------------------------------------
| rollout/                |             |
|    ep_len_mean          | 1e+03       |
|    ep_rew_mean          | -1          |
| time/                   |             |
|    fps                  | 633         |
|    iterations           | 97          |
|    time_elapsed         | 9           |
|    total_timesteps      | 6208        |
| train/                  |             |
|    approx_kl            | 0.015418969 |
|    clip_fraction        | 0.216       |
|    clip_range           | 0.2         |
|    entropy_loss         | -2.37       |
|    explained_variance   | -2.37       |
|    learning_rate        | 0.0003      |
|    loss                 | -0.0794     |
|    n_updates            | 960         |
|    policy_gradient_loss | -0.0276     |
|    value_loss           | 0.000357    |
-----------------------------------------
-----------------------------------------
| rollout/                |             |
|    ep_len_mean          | 1e+03       |
|    ep_rew_mean          | -1          |
| time/                   |             |
|    fps                  | 633         |
|    iterations           | 98          |
|    time_elapsed         | 9           |
|    total_timesteps      | 6272        |
| train/                  |             |
|    approx_kl            | 0.028684352 |
|    clip_fraction        | 0.27        |
|    clip_range           | 0.2         |
|    entropy_loss         | -2.4        |
|    explained_variance   | -48.6       |
|    learning_rate        | 0.0003      |
|    loss                 | -0.0728     |
|    n_updates            | 970         |
|    policy_gradient_loss | -0.0481     |
|    value_loss           | 0.00095     |
-----------------------------------------
-----------------------------------------
| rollout/                |             |
|    ep_len_mean          | 1e+03       |
|    ep_rew_mean          | -1          |
| time/                   |             |
|    fps                  | 634         |
|    iterations           | 99          |
|    time_elapsed         | 9           |
|    total_timesteps      | 6336        |
| train/                  |             |
|    approx_kl            | 0.030393826 |
|    clip_fraction        | 0.239       |
|    clip_range           | 0.2         |
|    entropy_loss         | -2.52       |
|    explained_variance   | -32.8       |
|    learning_rate        | 0.0003      |
|    loss                 | -0.124      |
|    n_updates            | 980         |
|    policy_gradient_loss | -0.0494     |
|    value_loss           | 0.00107     |
-----------------------------------------
-----------------------------------------
| rollout/                |             |
|    ep_len_mean          | 1e+03       |
|    ep_rew_mean          | -1          |
| time/                   |             |
|    fps                  | 634         |
|    iterations           | 100         |
|    time_elapsed         | 10          |
|    total_timesteps      | 6400        |
| train/                  |             |
|    approx_kl            | 0.017347569 |
|    clip_fraction        | 0.119       |
|    clip_range           | 0.2         |
|    entropy_loss         | -2.59       |
|    explained_variance   | -153        |
|    learning_rate        | 0.0003      |
|    loss                 | -0.101      |
|    n_updates            | 990         |
|    policy_gradient_loss | -0.036      |
|    value_loss           | 0.000862    |
-----------------------------------------
-----------------------------------------
| rollout/                |             |
|    ep_len_mean          | 1e+03       |
|    ep_rew_mean          | -1          |
| time/                   |             |
|    fps                  | 635         |
|    iterations           | 101         |
|    time_elapsed         | 10          |
|    total_timesteps      | 6464        |
| train/                  |             |
|    approx_kl            | 0.024146397 |
|    clip_fraction        | 0.184       |
|    clip_range           | 0.2         |
|    entropy_loss         | -2.59       |
|    explained_variance   | -15.5       |
|    learning_rate        | 0.0003      |
|    loss                 | -0.0763     |
|    n_updates            | 1000        |
|    policy_gradient_loss | -0.0377     |
|    value_loss           | 0.000392    |
-----------------------------------------
-----------------------------------------
| rollout/                |             |
|    ep_len_mean          | 1e+03       |
|    ep_rew_mean          | -1          |
| time/                   |             |
|    fps                  | 635         |
|    iterations           | 102         |
|    time_elapsed         | 10          |
|    total_timesteps      | 6528        |
| train/                  |             |
|    approx_kl            | 0.026397273 |
|    clip_fraction        | 0.286       |
|    clip_range           | 0.2         |
|    entropy_loss         | -2.65       |
|    explained_variance   | -2.98       |
|    learning_rate        | 0.0003      |
|    loss                 | -0.101      |
|    n_updates            | 1010        |
|    policy_gradient_loss | -0.0472     |
|    value_loss           | 0.000146    |
-----------------------------------------
-----------------------------------------
| rollout/                |             |
|    ep_len_mean          | 1e+03       |
|    ep_rew_mean          | -1          |
| time/                   |             |
|    fps                  | 635         |
|    iterations           | 103         |
|    time_elapsed         | 10          |
|    total_timesteps      | 6592        |
| train/                  |             |
|    approx_kl            | 0.021274662 |
|    clip_fraction        | 0.192       |
|    clip_range           | 0.2         |
|    entropy_loss         | -2.67       |
|    explained_variance   | -44.7       |
|    learning_rate        | 0.0003      |
|    loss                 | -0.0392     |
|    n_updates            | 1020        |
|    policy_gradient_loss | -0.0379     |
|    value_loss           | 0.000353    |
-----------------------------------------
----------------------------------------
| rollout/                |            |
|    ep_len_mean          | 1e+03      |
|    ep_rew_mean          | -1         |
| time/                   |            |
|    fps                  | 635        |
|    iterations           | 104        |
|    time_elapsed         | 10         |
|    total_timesteps      | 6656       |
| train/                  |            |
|    approx_kl            | 0.02520755 |
|    clip_fraction        | 0.236      |
|    clip_range           | 0.2        |
|    entropy_loss         | -2.68      |
|    explained_variance   | -3.65      |
|    learning_rate        | 0.0003     |
|    loss                 | -0.131     |
|    n_updates            | 1030       |
|    policy_gradient_loss | -0.0629    |
|    value_loss           | 0.000748   |
----------------------------------------
----------------------------------------
| rollout/                |            |
|    ep_len_mean          | 1e+03      |
|    ep_rew_mean          | -1         |
| time/                   |            |
|    fps                  | 635        |
|    iterations           | 105        |
|    time_elapsed         | 10         |
|    total_timesteps      | 6720       |
| train/                  |            |
|    approx_kl            | 0.02277002 |
|    clip_fraction        | 0.198      |
|    clip_range           | 0.2        |
|    entropy_loss         | -2.64      |
|    explained_variance   | -13.5      |
|    learning_rate        | 0.0003     |
|    loss                 | -0.119     |
|    n_updates            | 1040       |
|    policy_gradient_loss | -0.0422    |
|    value_loss           | 0.000332   |
----------------------------------------
-----------------------------------------
| rollout/                |             |
|    ep_len_mean          | 1e+03       |
|    ep_rew_mean          | -1          |
| time/                   |             |
|    fps                  | 635         |
|    iterations           | 106         |
|    time_elapsed         | 10          |
|    total_timesteps      | 6784        |
| train/                  |             |
|    approx_kl            | 0.011798757 |
|    clip_fraction        | 0.0844      |
|    clip_range           | 0.2         |
|    entropy_loss         | -2.65       |
|    explained_variance   | -16.5       |
|    learning_rate        | 0.0003      |
|    loss                 | -0.0746     |
|    n_updates            | 1050        |
|    policy_gradient_loss | -0.0249     |
|    value_loss           | 0.000119    |
-----------------------------------------
-----------------------------------------
| rollout/                |             |
|    ep_len_mean          | 1e+03       |
|    ep_rew_mean          | -1          |
| time/                   |             |
|    fps                  | 635         |
|    iterations           | 107         |
|    time_elapsed         | 10          |
|    total_timesteps      | 6848        |
| train/                  |             |
|    approx_kl            | 0.022152238 |
|    clip_fraction        | 0.217       |
|    clip_range           | 0.2         |
|    entropy_loss         | -2.68       |
|    explained_variance   | -33.5       |
|    learning_rate        | 0.0003      |
|    loss                 | -0.0841     |
|    n_updates            | 1060        |
|    policy_gradient_loss | -0.0377     |
|    value_loss           | 0.000207    |
-----------------------------------------
-----------------------------------------
| rollout/                |             |
|    ep_len_mean          | 1e+03       |
|    ep_rew_mean          | -1          |
| time/                   |             |
|    fps                  | 636         |
|    iterations           | 108         |
|    time_elapsed         | 10          |
|    total_timesteps      | 6912        |
| train/                  |             |
|    approx_kl            | 0.012451123 |
|    clip_fraction        | 0.113       |
|    clip_range           | 0.2         |
|    entropy_loss         | -2.71       |
|    explained_variance   | -64.7       |
|    learning_rate        | 0.0003      |
|    loss                 | -0.0543     |
|    n_updates            | 1070        |
|    policy_gradient_loss | -0.0228     |
|    value_loss           | 0.000183    |
-----------------------------------------
-----------------------------------------
| rollout/                |             |
|    ep_len_mean          | 1e+03       |
|    ep_rew_mean          | -1          |
| time/                   |             |
|    fps                  | 636         |
|    iterations           | 109         |
|    time_elapsed         | 10          |
|    total_timesteps      | 6976        |
| train/                  |             |
|    approx_kl            | 0.023100156 |
|    clip_fraction        | 0.161       |
|    clip_range           | 0.2         |
|    entropy_loss         | -2.77       |
|    explained_variance   | -4.65       |
|    learning_rate        | 0.0003      |
|    loss                 | -0.0904     |
|    n_updates            | 1080        |
|    policy_gradient_loss | -0.0392     |
|    value_loss           | 0.000261    |
-----------------------------------------
-----------------------------------------
| rollout/                |             |
|    ep_len_mean          | 1e+03       |
|    ep_rew_mean          | -1          |
| time/                   |             |
|    fps                  | 636         |
|    iterations           | 110         |
|    time_elapsed         | 11          |
|    total_timesteps      | 7040        |
| train/                  |             |
|    approx_kl            | 0.024793804 |
|    clip_fraction        | 0.234       |
|    clip_range           | 0.2         |
|    entropy_loss         | -2.85       |
|    explained_variance   | -18.6       |
|    learning_rate        | 0.0003      |
|    loss                 | -0.0619     |
|    n_updates            | 1090        |
|    policy_gradient_loss | -0.0461     |
|    value_loss           | 0.00042     |
-----------------------------------------
-----------------------------------------
| rollout/                |             |
|    ep_len_mean          | 1e+03       |
|    ep_rew_mean          | -1          |
| time/                   |             |
|    fps                  | 636         |
|    iterations           | 111         |
|    time_elapsed         | 11          |
|    total_timesteps      | 7104        |
| train/                  |             |
|    approx_kl            | 0.023715865 |
|    clip_fraction        | 0.237       |
|    clip_range           | 0.2         |
|    entropy_loss         | -2.88       |
|    explained_variance   | 0.0102      |
|    learning_rate        | 0.0003      |
|    loss                 | -0.1        |
|    n_updates            | 1100        |
|    policy_gradient_loss | -0.0546     |
|    value_loss           | 0.000653    |
-----------------------------------------
-----------------------------------------
| rollout/                |             |
|    ep_len_mean          | 1e+03       |
|    ep_rew_mean          | -1          |
| time/                   |             |
|    fps                  | 636         |
|    iterations           | 112         |
|    time_elapsed         | 11          |
|    total_timesteps      | 7168        |
| train/                  |             |
|    approx_kl            | 0.011003672 |
|    clip_fraction        | 0.0656      |
|    clip_range           | 0.2         |
|    entropy_loss         | -2.86       |
|    explained_variance   | -84.2       |
|    learning_rate        | 0.0003      |
|    loss                 | -0.122      |
|    n_updates            | 1110        |
|    policy_gradient_loss | -0.0234     |
|    value_loss           | 0.000498    |
-----------------------------------------
----------------------------------------
| rollout/                |            |
|    ep_len_mean          | 1e+03      |
|    ep_rew_mean          | -1         |
| time/                   |            |
|    fps                  | 637        |
|    iterations           | 113        |
|    time_elapsed         | 11         |
|    total_timesteps      | 7232       |
| train/                  |            |
|    approx_kl            | 0.02188597 |
|    clip_fraction        | 0.188      |
|    clip_range           | 0.2        |
|    entropy_loss         | -2.84      |
|    explained_variance   | -19.3      |
|    learning_rate        | 0.0003     |
|    loss                 | -0.108     |
|    n_updates            | 1120       |
|    policy_gradient_loss | -0.0518    |
|    value_loss           | 0.00056    |
----------------------------------------
-----------------------------------------
| rollout/                |             |
|    ep_len_mean          | 1e+03       |
|    ep_rew_mean          | -1          |
| time/                   |             |
|    fps                  | 637         |
|    iterations           | 114         |
|    time_elapsed         | 11          |
|    total_timesteps      | 7296        |
| train/                  |             |
|    approx_kl            | 0.021672286 |
|    clip_fraction        | 0.195       |
|    clip_range           | 0.2         |
|    entropy_loss         | -2.76       |
|    explained_variance   | -36.6       |
|    learning_rate        | 0.0003      |
|    loss                 | -0.114      |
|    n_updates            | 1130        |
|    policy_gradient_loss | -0.0441     |
|    value_loss           | 0.000784    |
-----------------------------------------
----------------------------------------
| rollout/                |            |
|    ep_len_mean          | 1e+03      |
|    ep_rew_mean          | -1         |
| time/                   |            |
|    fps                  | 637        |
|    iterations           | 115        |
|    time_elapsed         | 11         |
|    total_timesteps      | 7360       |
| train/                  |            |
|    approx_kl            | 0.02328659 |
|    clip_fraction        | 0.267      |
|    clip_range           | 0.2        |
|    entropy_loss         | -2.8       |
|    explained_variance   | -7.31      |
|    learning_rate        | 0.0003     |
|    loss                 | -0.136     |
|    n_updates            | 1140       |
|    policy_gradient_loss | -0.0511    |
|    value_loss           | 0.000858   |
----------------------------------------
-----------------------------------------
| rollout/                |             |
|    ep_len_mean          | 1e+03       |
|    ep_rew_mean          | -1          |
| time/                   |             |
|    fps                  | 637         |
|    iterations           | 116         |
|    time_elapsed         | 11          |
|    total_timesteps      | 7424        |
| train/                  |             |
|    approx_kl            | 0.019928697 |
|    clip_fraction        | 0.139       |
|    clip_range           | 0.2         |
|    entropy_loss         | -2.79       |
|    explained_variance   | -8.64       |
|    learning_rate        | 0.0003      |
|    loss                 | -0.0946     |
|    n_updates            | 1150        |
|    policy_gradient_loss | -0.0393     |
|    value_loss           | 0.00076     |
-----------------------------------------
---------------------------------------
| rollout/                |           |
|    ep_len_mean          | 1e+03     |
|    ep_rew_mean          | -1        |
| time/                   |           |
|    fps                  | 637       |
|    iterations           | 117       |
|    time_elapsed         | 11        |
|    total_timesteps      | 7488      |
| train/                  |           |
|    approx_kl            | 0.0254035 |
|    clip_fraction        | 0.197     |
|    clip_range           | 0.2       |
|    entropy_loss         | -2.76     |
|    explained_variance   | -48.8     |
|    learning_rate        | 0.0003    |
|    loss                 | -0.0806   |
|    n_updates            | 1160      |
|    policy_gradient_loss | -0.0383   |
|    value_loss           | 0.000519  |
---------------------------------------
-----------------------------------------
| rollout/                |             |
|    ep_len_mean          | 1e+03       |
|    ep_rew_mean          | -1          |
| time/                   |             |
|    fps                  | 637         |
|    iterations           | 118         |
|    time_elapsed         | 11          |
|    total_timesteps      | 7552        |
| train/                  |             |
|    approx_kl            | 0.021710958 |
|    clip_fraction        | 0.191       |
|    clip_range           | 0.2         |
|    entropy_loss         | -2.79       |
|    explained_variance   | -1.99       |
|    learning_rate        | 0.0003      |
|    loss                 | -0.0846     |
|    n_updates            | 1170        |
|    policy_gradient_loss | -0.0344     |
|    value_loss           | 0.000372    |
-----------------------------------------
-----------------------------------------
| rollout/                |             |
|    ep_len_mean          | 1e+03       |
|    ep_rew_mean          | -1          |
| time/                   |             |
|    fps                  | 637         |
|    iterations           | 119         |
|    time_elapsed         | 11          |
|    total_timesteps      | 7616        |
| train/                  |             |
|    approx_kl            | 0.016538832 |
|    clip_fraction        | 0.109       |
|    clip_range           | 0.2         |
|    entropy_loss         | -2.89       |
|    explained_variance   | -32.6       |
|    learning_rate        | 0.0003      |
|    loss                 | -0.0763     |
|    n_updates            | 1180        |
|    policy_gradient_loss | -0.0311     |
|    value_loss           | 0.000312    |
-----------------------------------------
-----------------------------------------
| rollout/                |             |
|    ep_len_mean          | 1e+03       |
|    ep_rew_mean          | -1          |
| time/                   |             |
|    fps                  | 638         |
|    iterations           | 120         |
|    time_elapsed         | 12          |
|    total_timesteps      | 7680        |
| train/                  |             |
|    approx_kl            | 0.023840785 |
|    clip_fraction        | 0.212       |
|    clip_range           | 0.2         |
|    entropy_loss         | -2.9        |
|    explained_variance   | -7.8        |
|    learning_rate        | 0.0003      |
|    loss                 | -0.124      |
|    n_updates            | 1190        |
|    policy_gradient_loss | -0.0475     |
|    value_loss           | 0.000298    |
-----------------------------------------
-----------------------------------------
| rollout/                |             |
|    ep_len_mean          | 1e+03       |
|    ep_rew_mean          | -1          |
| time/                   |             |
|    fps                  | 638         |
|    iterations           | 121         |
|    time_elapsed         | 12          |
|    total_timesteps      | 7744        |
| train/                  |             |
|    approx_kl            | 0.019507945 |
|    clip_fraction        | 0.167       |
|    clip_range           | 0.2         |
|    entropy_loss         | -2.85       |
|    explained_variance   | -22.4       |
|    learning_rate        | 0.0003      |
|    loss                 | -0.0948     |
|    n_updates            | 1200        |
|    policy_gradient_loss | -0.04       |
|    value_loss           | 0.000152    |
-----------------------------------------
-----------------------------------------
| rollout/                |             |
|    ep_len_mean          | 1e+03       |
|    ep_rew_mean          | -1          |
| time/                   |             |
|    fps                  | 639         |
|    iterations           | 122         |
|    time_elapsed         | 12          |
|    total_timesteps      | 7808        |
| train/                  |             |
|    approx_kl            | 0.026831586 |
|    clip_fraction        | 0.225       |
|    clip_range           | 0.2         |
|    entropy_loss         | -2.82       |
|    explained_variance   | -13.7       |
|    learning_rate        | 0.0003      |
|    loss                 | -0.0884     |
|    n_updates            | 1210        |
|    policy_gradient_loss | -0.0442     |
|    value_loss           | 0.000119    |
-----------------------------------------
-----------------------------------------
| rollout/                |             |
|    ep_len_mean          | 1e+03       |
|    ep_rew_mean          | -1          |
| time/                   |             |
|    fps                  | 639         |
|    iterations           | 123         |
|    time_elapsed         | 12          |
|    total_timesteps      | 7872        |
| train/                  |             |
|    approx_kl            | 0.017249353 |
|    clip_fraction        | 0.169       |
|    clip_range           | 0.2         |
|    entropy_loss         | -2.78       |
|    explained_variance   | -13.6       |
|    learning_rate        | 0.0003      |
|    loss                 | -0.0977     |
|    n_updates            | 1220        |
|    policy_gradient_loss | -0.0293     |
|    value_loss           | 5.04e-05    |
-----------------------------------------
-----------------------------------------
| rollout/                |             |
|    ep_len_mean          | 1e+03       |
|    ep_rew_mean          | -1          |
| time/                   |             |
|    fps                  | 639         |
|    iterations           | 124         |
|    time_elapsed         | 12          |
|    total_timesteps      | 7936        |
| train/                  |             |
|    approx_kl            | 0.009370734 |
|    clip_fraction        | 0.0531      |
|    clip_range           | 0.2         |
|    entropy_loss         | -2.77       |
|    explained_variance   | -71.9       |
|    learning_rate        | 0.0003      |
|    loss                 | -0.0437     |
|    n_updates            | 1230        |
|    policy_gradient_loss | -0.0143     |
|    value_loss           | 6.88e-05    |
-----------------------------------------
-----------------------------------------
| rollout/                |             |
|    ep_len_mean          | 1e+03       |
|    ep_rew_mean          | -1          |
| time/                   |             |
|    fps                  | 639         |
|    iterations           | 125         |
|    time_elapsed         | 12          |
|    total_timesteps      | 8000        |
| train/                  |             |
|    approx_kl            | 0.021139178 |
|    clip_fraction        | 0.261       |
|    clip_range           | 0.2         |
|    entropy_loss         | -2.84       |
|    explained_variance   | -20.2       |
|    learning_rate        | 0.0003      |
|    loss                 | -0.0905     |
|    n_updates            | 1240        |
|    policy_gradient_loss | -0.0314     |
|    value_loss           | 5.93e-05    |
-----------------------------------------
-----------------------------------------
| rollout/                |             |
|    ep_len_mean          | 1e+03       |
|    ep_rew_mean          | -1          |
| time/                   |             |
|    fps                  | 639         |
|    iterations           | 126         |
|    time_elapsed         | 12          |
|    total_timesteps      | 8064        |
| train/                  |             |
|    approx_kl            | 0.021006275 |
|    clip_fraction        | 0.17        |
|    clip_range           | 0.2         |
|    entropy_loss         | -2.75       |
|    explained_variance   | -0.273      |
|    learning_rate        | 0.0003      |
|    loss                 | -0.0593     |
|    n_updates            | 1250        |
|    policy_gradient_loss | -0.025      |
|    value_loss           | 0.000614    |
-----------------------------------------
-----------------------------------------
| rollout/                |             |
|    ep_len_mean          | 1e+03       |
|    ep_rew_mean          | -1          |
| time/                   |             |
|    fps                  | 639         |
|    iterations           | 127         |
|    time_elapsed         | 12          |
|    total_timesteps      | 8128        |
| train/                  |             |
|    approx_kl            | 0.018993009 |
|    clip_fraction        | 0.203       |
|    clip_range           | 0.2         |
|    entropy_loss         | -2.8        |
|    explained_variance   | -14.3       |
|    learning_rate        | 0.0003      |
|    loss                 | -0.0397     |
|    n_updates            | 1260        |
|    policy_gradient_loss | -0.0416     |
|    value_loss           | 0.000232    |
-----------------------------------------
-----------------------------------------
| rollout/                |             |
|    ep_len_mean          | 1e+03       |
|    ep_rew_mean          | -1          |
| time/                   |             |
|    fps                  | 639         |
|    iterations           | 128         |
|    time_elapsed         | 12          |
|    total_timesteps      | 8192        |
| train/                  |             |
|    approx_kl            | 0.028296972 |
|    clip_fraction        | 0.2         |
|    clip_range           | 0.2         |
|    entropy_loss         | -2.81       |
|    explained_variance   | -22.7       |
|    learning_rate        | 0.0003      |
|    loss                 | -0.124      |
|    n_updates            | 1270        |
|    policy_gradient_loss | -0.045      |
|    value_loss           | 6.82e-05    |
-----------------------------------------
-----------------------------------------
| rollout/                |             |
|    ep_len_mean          | 1e+03       |
|    ep_rew_mean          | -1          |
| time/                   |             |
|    fps                  | 640         |
|    iterations           | 129         |
|    time_elapsed         | 12          |
|    total_timesteps      | 8256        |
| train/                  |             |
|    approx_kl            | 0.018187346 |
|    clip_fraction        | 0.197       |
|    clip_range           | 0.2         |
|    entropy_loss         | -2.82       |
|    explained_variance   | -9.23       |
|    learning_rate        | 0.0003      |
|    loss                 | -0.0636     |
|    n_updates            | 1280        |
|    policy_gradient_loss | -0.0317     |
|    value_loss           | 4.88e-06    |
-----------------------------------------
-----------------------------------------
| rollout/                |             |
|    ep_len_mean          | 1e+03       |
|    ep_rew_mean          | -1          |
| time/                   |             |
|    fps                  | 640         |
|    iterations           | 130         |
|    time_elapsed         | 12          |
|    total_timesteps      | 8320        |
| train/                  |             |
|    approx_kl            | 0.027908571 |
|    clip_fraction        | 0.231       |
|    clip_range           | 0.2         |
|    entropy_loss         | -2.79       |
|    explained_variance   | -25         |
|    learning_rate        | 0.0003      |
|    loss                 | -0.106      |
|    n_updates            | 1290        |
|    policy_gradient_loss | -0.0429     |
|    value_loss           | 7.75e-06    |
-----------------------------------------
-----------------------------------------
| rollout/                |             |
|    ep_len_mean          | 1e+03       |
|    ep_rew_mean          | -1          |
| time/                   |             |
|    fps                  | 640         |
|    iterations           | 131         |
|    time_elapsed         | 13          |
|    total_timesteps      | 8384        |
| train/                  |             |
|    approx_kl            | 0.026246026 |
|    clip_fraction        | 0.273       |
|    clip_range           | 0.2         |
|    entropy_loss         | -2.81       |
|    explained_variance   | -3.44       |
|    learning_rate        | 0.0003      |
|    loss                 | -0.135      |
|    n_updates            | 1300        |
|    policy_gradient_loss | -0.0505     |
|    value_loss           | 3.43e-06    |
-----------------------------------------
-----------------------------------------
| rollout/                |             |
|    ep_len_mean          | 1e+03       |
|    ep_rew_mean          | -1          |
| time/                   |             |
|    fps                  | 640         |
|    iterations           | 132         |
|    time_elapsed         | 13          |
|    total_timesteps      | 8448        |
| train/                  |             |
|    approx_kl            | 0.012163139 |
|    clip_fraction        | 0.0875      |
|    clip_range           | 0.2         |
|    entropy_loss         | -2.86       |
|    explained_variance   | -34.7       |
|    learning_rate        | 0.0003      |
|    loss                 | 0.00151     |
|    n_updates            | 1310        |
|    policy_gradient_loss | -0.0333     |
|    value_loss           | 0.000496    |
-----------------------------------------
---------------------------------------
| rollout/                |           |
|    ep_len_mean          | 1e+03     |
|    ep_rew_mean          | -1        |
| time/                   |           |
|    fps                  | 640       |
|    iterations           | 133       |
|    time_elapsed         | 13        |
|    total_timesteps      | 8512      |
| train/                  |           |
|    approx_kl            | 0.0205174 |
|    clip_fraction        | 0.192     |
|    clip_range           | 0.2       |
|    entropy_loss         | -2.89     |
|    explained_variance   | -51.2     |
|    learning_rate        | 0.0003    |
|    loss                 | -0.0966   |
|    n_updates            | 1320      |
|    policy_gradient_loss | -0.0476   |
|    value_loss           | 0.000359  |
---------------------------------------
-----------------------------------------
| rollout/                |             |
|    ep_len_mean          | 1e+03       |
|    ep_rew_mean          | -1          |
| time/                   |             |
|    fps                  | 641         |
|    iterations           | 134         |
|    time_elapsed         | 13          |
|    total_timesteps      | 8576        |
| train/                  |             |
|    approx_kl            | 0.017251056 |
|    clip_fraction        | 0.164       |
|    clip_range           | 0.2         |
|    entropy_loss         | -2.77       |
|    explained_variance   | -8.76       |
|    learning_rate        | 0.0003      |
|    loss                 | -0.0871     |
|    n_updates            | 1330        |
|    policy_gradient_loss | -0.033      |
|    value_loss           | 3.26e-05    |
-----------------------------------------
-----------------------------------------
| rollout/                |             |
|    ep_len_mean          | 1e+03       |
|    ep_rew_mean          | -1          |
| time/                   |             |
|    fps                  | 641         |
|    iterations           | 135         |
|    time_elapsed         | 13          |
|    total_timesteps      | 8640        |
| train/                  |             |
|    approx_kl            | 0.021537367 |
|    clip_fraction        | 0.175       |
|    clip_range           | 0.2         |
|    entropy_loss         | -2.78       |
|    explained_variance   | -23         |
|    learning_rate        | 0.0003      |
|    loss                 | -0.114      |
|    n_updates            | 1340        |
|    policy_gradient_loss | -0.047      |
|    value_loss           | 3.22e-05    |
-----------------------------------------
-----------------------------------------
| rollout/                |             |
|    ep_len_mean          | 1e+03       |
|    ep_rew_mean          | -1          |
| time/                   |             |
|    fps                  | 641         |
|    iterations           | 136         |
|    time_elapsed         | 13          |
|    total_timesteps      | 8704        |
| train/                  |             |
|    approx_kl            | 0.029583119 |
|    clip_fraction        | 0.275       |
|    clip_range           | 0.2         |
|    entropy_loss         | -2.79       |
|    explained_variance   | -49.2       |
|    learning_rate        | 0.0003      |
|    loss                 | -0.131      |
|    n_updates            | 1350        |
|    policy_gradient_loss | -0.0509     |
|    value_loss           | 8.98e-06    |
-----------------------------------------
-----------------------------------------
| rollout/                |             |
|    ep_len_mean          | 1e+03       |
|    ep_rew_mean          | -1          |
| time/                   |             |
|    fps                  | 641         |
|    iterations           | 137         |
|    time_elapsed         | 13          |
|    total_timesteps      | 8768        |
| train/                  |             |
|    approx_kl            | 0.021682614 |
|    clip_fraction        | 0.248       |
|    clip_range           | 0.2         |
|    entropy_loss         | -2.76       |
|    explained_variance   | -40.9       |
|    learning_rate        | 0.0003      |
|    loss                 | -0.0935     |
|    n_updates            | 1360        |
|    policy_gradient_loss | -0.0577     |
|    value_loss           | 1.74e-05    |
-----------------------------------------
----------------------------------------
| rollout/                |            |
|    ep_len_mean          | 1e+03      |
|    ep_rew_mean          | -1         |
| time/                   |            |
|    fps                  | 641        |
|    iterations           | 138        |
|    time_elapsed         | 13         |
|    total_timesteps      | 8832       |
| train/                  |            |
|    approx_kl            | 0.02514987 |
|    clip_fraction        | 0.256      |
|    clip_range           | 0.2        |
|    entropy_loss         | -2.84      |
|    explained_variance   | -3.01      |
|    learning_rate        | 0.0003     |
|    loss                 | -0.118     |
|    n_updates            | 1370       |
|    policy_gradient_loss | -0.0452    |
|    value_loss           | 0.0001     |
----------------------------------------
-----------------------------------------
| rollout/                |             |
|    ep_len_mean          | 1e+03       |
|    ep_rew_mean          | -1          |
| time/                   |             |
|    fps                  | 641         |
|    iterations           | 139         |
|    time_elapsed         | 13          |
|    total_timesteps      | 8896        |
| train/                  |             |
|    approx_kl            | 0.016696293 |
|    clip_fraction        | 0.153       |
|    clip_range           | 0.2         |
|    entropy_loss         | -2.82       |
|    explained_variance   | -14.3       |
|    learning_rate        | 0.0003      |
|    loss                 | -0.0633     |
|    n_updates            | 1380        |
|    policy_gradient_loss | -0.0339     |
|    value_loss           | 8.11e-05    |
-----------------------------------------
-----------------------------------------
| rollout/                |             |
|    ep_len_mean          | 1e+03       |
|    ep_rew_mean          | -1          |
| time/                   |             |
|    fps                  | 641         |
|    iterations           | 140         |
|    time_elapsed         | 13          |
|    total_timesteps      | 8960        |
| train/                  |             |
|    approx_kl            | 0.014025194 |
|    clip_fraction        | 0.0859      |
|    clip_range           | 0.2         |
|    entropy_loss         | -2.79       |
|    explained_variance   | -67.1       |
|    learning_rate        | 0.0003      |
|    loss                 | -0.0221     |
|    n_updates            | 1390        |
|    policy_gradient_loss | -0.029      |
|    value_loss           | 0.000149    |
-----------------------------------------
-----------------------------------------
| rollout/                |             |
|    ep_len_mean          | 1e+03       |
|    ep_rew_mean          | -1          |
| time/                   |             |
|    fps                  | 641         |
|    iterations           | 141         |
|    time_elapsed         | 14          |
|    total_timesteps      | 9024        |
| train/                  |             |
|    approx_kl            | 0.026908752 |
|    clip_fraction        | 0.175       |
|    clip_range           | 0.2         |
|    entropy_loss         | -2.7        |
|    explained_variance   | -25.7       |
|    learning_rate        | 0.0003      |
|    loss                 | -0.076      |
|    n_updates            | 1400        |
|    policy_gradient_loss | -0.0382     |
|    value_loss           | 7.6e-05     |
-----------------------------------------
-----------------------------------------
| rollout/                |             |
|    ep_len_mean          | 1e+03       |
|    ep_rew_mean          | -1          |
| time/                   |             |
|    fps                  | 641         |
|    iterations           | 142         |
|    time_elapsed         | 14          |
|    total_timesteps      | 9088        |
| train/                  |             |
|    approx_kl            | 0.017587952 |
|    clip_fraction        | 0.111       |
|    clip_range           | 0.2         |
|    entropy_loss         | -2.62       |
|    explained_variance   | 0.00646     |
|    learning_rate        | 0.0003      |
|    loss                 | -0.121      |
|    n_updates            | 1410        |
|    policy_gradient_loss | -0.0337     |
|    value_loss           | 0.00069     |
-----------------------------------------
-----------------------------------------
| rollout/                |             |
|    ep_len_mean          | 1e+03       |
|    ep_rew_mean          | -1          |
| time/                   |             |
|    fps                  | 641         |
|    iterations           | 143         |
|    time_elapsed         | 14          |
|    total_timesteps      | 9152        |
| train/                  |             |
|    approx_kl            | 0.016010817 |
|    clip_fraction        | 0.164       |
|    clip_range           | 0.2         |
|    entropy_loss         | -2.5        |
|    explained_variance   | -9.76       |
|    learning_rate        | 0.0003      |
|    loss                 | -0.0754     |
|    n_updates            | 1420        |
|    policy_gradient_loss | -0.032      |
|    value_loss           | 0.00014     |
-----------------------------------------
-----------------------------------------
| rollout/                |             |
|    ep_len_mean          | 1e+03       |
|    ep_rew_mean          | -1          |
| time/                   |             |
|    fps                  | 641         |
|    iterations           | 144         |
|    time_elapsed         | 14          |
|    total_timesteps      | 9216        |
| train/                  |             |
|    approx_kl            | 0.015974004 |
|    clip_fraction        | 0.105       |
|    clip_range           | 0.2         |
|    entropy_loss         | -2.48       |
|    explained_variance   | -16.4       |
|    learning_rate        | 0.0003      |
|    loss                 | -0.13       |
|    n_updates            | 1430        |
|    policy_gradient_loss | -0.041      |
|    value_loss           | 0.000145    |
-----------------------------------------
-----------------------------------------
| rollout/                |             |
|    ep_len_mean          | 1e+03       |
|    ep_rew_mean          | -1          |
| time/                   |             |
|    fps                  | 641         |
|    iterations           | 145         |
|    time_elapsed         | 14          |
|    total_timesteps      | 9280        |
| train/                  |             |
|    approx_kl            | 0.026232675 |
|    clip_fraction        | 0.206       |
|    clip_range           | 0.2         |
|    entropy_loss         | -2.42       |
|    explained_variance   | -18.7       |
|    learning_rate        | 0.0003      |
|    loss                 | -0.118      |
|    n_updates            | 1440        |
|    policy_gradient_loss | -0.0426     |
|    value_loss           | 0.000142    |
-----------------------------------------
-----------------------------------------
| rollout/                |             |
|    ep_len_mean          | 1e+03       |
|    ep_rew_mean          | -1          |
| time/                   |             |
|    fps                  | 641         |
|    iterations           | 146         |
|    time_elapsed         | 14          |
|    total_timesteps      | 9344        |
| train/                  |             |
|    approx_kl            | 0.016787257 |
|    clip_fraction        | 0.158       |
|    clip_range           | 0.2         |
|    entropy_loss         | -2.43       |
|    explained_variance   | -51.2       |
|    learning_rate        | 0.0003      |
|    loss                 | -0.103      |
|    n_updates            | 1450        |
|    policy_gradient_loss | -0.0372     |
|    value_loss           | 0.000303    |
-----------------------------------------
-----------------------------------------
| rollout/                |             |
|    ep_len_mean          | 1e+03       |
|    ep_rew_mean          | -1          |
| time/                   |             |
|    fps                  | 641         |
|    iterations           | 147         |
|    time_elapsed         | 14          |
|    total_timesteps      | 9408        |
| train/                  |             |
|    approx_kl            | 0.012597939 |
|    clip_fraction        | 0.108       |
|    clip_range           | 0.2         |
|    entropy_loss         | -2.38       |
|    explained_variance   | -10.2       |
|    learning_rate        | 0.0003      |
|    loss                 | -0.0882     |
|    n_updates            | 1460        |
|    policy_gradient_loss | -0.0222     |
|    value_loss           | 0.000491    |
-----------------------------------------
-----------------------------------------
| rollout/                |             |
|    ep_len_mean          | 1e+03       |
|    ep_rew_mean          | -1          |
| time/                   |             |
|    fps                  | 641         |
|    iterations           | 148         |
|    time_elapsed         | 14          |
|    total_timesteps      | 9472        |
| train/                  |             |
|    approx_kl            | 0.022212667 |
|    clip_fraction        | 0.152       |
|    clip_range           | 0.2         |
|    entropy_loss         | -2.38       |
|    explained_variance   | -59.6       |
|    learning_rate        | 0.0003      |
|    loss                 | -0.0616     |
|    n_updates            | 1470        |
|    policy_gradient_loss | -0.0382     |
|    value_loss           | 0.000204    |
-----------------------------------------
----------------------------------------
| rollout/                |            |
|    ep_len_mean          | 1e+03      |
|    ep_rew_mean          | -1         |
| time/                   |            |
|    fps                  | 641        |
|    iterations           | 149        |
|    time_elapsed         | 14         |
|    total_timesteps      | 9536       |
| train/                  |            |
|    approx_kl            | 0.02194596 |
|    clip_fraction        | 0.138      |
|    clip_range           | 0.2        |
|    entropy_loss         | -2.51      |
|    explained_variance   | -28        |
|    learning_rate        | 0.0003     |
|    loss                 | -0.0163    |
|    n_updates            | 1480       |
|    policy_gradient_loss | -0.028     |
|    value_loss           | 0.000117   |
----------------------------------------
-----------------------------------------
| rollout/                |             |
|    ep_len_mean          | 1e+03       |
|    ep_rew_mean          | -1          |
| time/                   |             |
|    fps                  | 642         |
|    iterations           | 150         |
|    time_elapsed         | 14          |
|    total_timesteps      | 9600        |
| train/                  |             |
|    approx_kl            | 0.016594106 |
|    clip_fraction        | 0.172       |
|    clip_range           | 0.2         |
|    entropy_loss         | -2.47       |
|    explained_variance   | -8.54       |
|    learning_rate        | 0.0003      |
|    loss                 | -0.0685     |
|    n_updates            | 1490        |
|    policy_gradient_loss | -0.0359     |
|    value_loss           | 0.000115    |
-----------------------------------------
-----------------------------------------
| rollout/                |             |
|    ep_len_mean          | 1e+03       |
|    ep_rew_mean          | -1          |
| time/                   |             |
|    fps                  | 642         |
|    iterations           | 151         |
|    time_elapsed         | 15          |
|    total_timesteps      | 9664        |
| train/                  |             |
|    approx_kl            | 0.011059941 |
|    clip_fraction        | 0.0563      |
|    clip_range           | 0.2         |
|    entropy_loss         | -2.39       |
|    explained_variance   | -54.8       |
|    learning_rate        | 0.0003      |
|    loss                 | -0.0628     |
|    n_updates            | 1500        |
|    policy_gradient_loss | -0.0268     |
|    value_loss           | 0.00022     |
-----------------------------------------
-----------------------------------------
| rollout/                |             |
|    ep_len_mean          | 1e+03       |
|    ep_rew_mean          | -1          |
| time/                   |             |
|    fps                  | 642         |
|    iterations           | 152         |
|    time_elapsed         | 15          |
|    total_timesteps      | 9728        |
| train/                  |             |
|    approx_kl            | 0.015189633 |
|    clip_fraction        | 0.122       |
|    clip_range           | 0.2         |
|    entropy_loss         | -2.41       |
|    explained_variance   | -30.4       |
|    learning_rate        | 0.0003      |
|    loss                 | -0.0227     |
|    n_updates            | 1510        |
|    policy_gradient_loss | -0.027      |
|    value_loss           | 0.000359    |
-----------------------------------------
------------------------------------------
| rollout/                |              |
|    ep_len_mean          | 1e+03        |
|    ep_rew_mean          | -1           |
| time/                   |              |
|    fps                  | 642          |
|    iterations           | 153          |
|    time_elapsed         | 15           |
|    total_timesteps      | 9792         |
| train/                  |              |
|    approx_kl            | 0.0152528025 |
|    clip_fraction        | 0.108        |
|    clip_range           | 0.2          |
|    entropy_loss         | -2.49        |
|    explained_variance   | -17.1        |
|    learning_rate        | 0.0003       |
|    loss                 | -0.0498      |
|    n_updates            | 1520         |
|    policy_gradient_loss | -0.0319      |
|    value_loss           | 0.000158     |
------------------------------------------
-----------------------------------------
| rollout/                |             |
|    ep_len_mean          | 1e+03       |
|    ep_rew_mean          | -1          |
| time/                   |             |
|    fps                  | 642         |
|    iterations           | 154         |
|    time_elapsed         | 15          |
|    total_timesteps      | 9856        |
| train/                  |             |
|    approx_kl            | 0.017279236 |
|    clip_fraction        | 0.141       |
|    clip_range           | 0.2         |
|    entropy_loss         | -2.39       |
|    explained_variance   | -9.44       |
|    learning_rate        | 0.0003      |
|    loss                 | -0.0249     |
|    n_updates            | 1530        |
|    policy_gradient_loss | -0.0339     |
|    value_loss           | 0.000315    |
-----------------------------------------
-----------------------------------------
| rollout/                |             |
|    ep_len_mean          | 1e+03       |
|    ep_rew_mean          | -1          |
| time/                   |             |
|    fps                  | 642         |
|    iterations           | 155         |
|    time_elapsed         | 15          |
|    total_timesteps      | 9920        |
| train/                  |             |
|    approx_kl            | 0.021428395 |
|    clip_fraction        | 0.163       |
|    clip_range           | 0.2         |
|    entropy_loss         | -2.32       |
|    explained_variance   | -9.98       |
|    learning_rate        | 0.0003      |
|    loss                 | -0.138      |
|    n_updates            | 1540        |
|    policy_gradient_loss | -0.0515     |
|    value_loss           | 0.000586    |
-----------------------------------------
----------------------------------------
| rollout/                |            |
|    ep_len_mean          | 1e+03      |
|    ep_rew_mean          | -1         |
| time/                   |            |
|    fps                  | 642        |
|    iterations           | 156        |
|    time_elapsed         | 15         |
|    total_timesteps      | 9984       |
| train/                  |            |
|    approx_kl            | 0.01601512 |
|    clip_fraction        | 0.127      |
|    clip_range           | 0.2        |
|    entropy_loss         | -2.2       |
|    explained_variance   | -3.3       |
|    learning_rate        | 0.0003     |
|    loss                 | -0.0935    |
|    n_updates            | 1550       |
|    policy_gradient_loss | -0.0364    |
|    value_loss           | 0.000304   |
----------------------------------------
-----------------------------------------
| rollout/                |             |
|    ep_len_mean          | 1e+03       |
|    ep_rew_mean          | -1          |
| time/                   |             |
|    fps                  | 642         |
|    iterations           | 157         |
|    time_elapsed         | 15          |
|    total_timesteps      | 10048       |
| train/                  |             |
|    approx_kl            | 0.020522438 |
|    clip_fraction        | 0.152       |
|    clip_range           | 0.2         |
|    entropy_loss         | -2.03       |
|    explained_variance   | -24         |
|    learning_rate        | 0.0003      |
|    loss                 | -0.0814     |
|    n_updates            | 1560        |
|    policy_gradient_loss | -0.0349     |
|    value_loss           | 0.000252    |
-----------------------------------------
-----------------------------------------
| rollout/                |             |
|    ep_len_mean          | 1e+03       |
|    ep_rew_mean          | -1          |
| time/                   |             |
|    fps                  | 642         |
|    iterations           | 158         |
|    time_elapsed         | 15          |
|    total_timesteps      | 10112       |
| train/                  |             |
|    approx_kl            | 0.012678087 |
|    clip_fraction        | 0.127       |
|    clip_range           | 0.2         |
|    entropy_loss         | -2.07       |
|    explained_variance   | -0.0802     |
|    learning_rate        | 0.0003      |
|    loss                 | -0.0999     |
|    n_updates            | 1570        |
|    policy_gradient_loss | -0.0429     |
|    value_loss           | 0.00124     |
-----------------------------------------
-----------------------------------------
| rollout/                |             |
|    ep_len_mean          | 1e+03       |
|    ep_rew_mean          | -1          |
| time/                   |             |
|    fps                  | 642         |
|    iterations           | 159         |
|    time_elapsed         | 15          |
|    total_timesteps      | 10176       |
| train/                  |             |
|    approx_kl            | 0.016704222 |
|    clip_fraction        | 0.131       |
|    clip_range           | 0.2         |
|    entropy_loss         | -2.06       |
|    explained_variance   | -12.2       |
|    learning_rate        | 0.0003      |
|    loss                 | -0.12       |
|    n_updates            | 1580        |
|    policy_gradient_loss | -0.0472     |
|    value_loss           | 0.0006      |
-----------------------------------------
-----------------------------------------
| rollout/                |             |
|    ep_len_mean          | 1e+03       |
|    ep_rew_mean          | -1          |
| time/                   |             |
|    fps                  | 642         |
|    iterations           | 160         |
|    time_elapsed         | 15          |
|    total_timesteps      | 10240       |
| train/                  |             |
|    approx_kl            | 0.025699832 |
|    clip_fraction        | 0.281       |
|    clip_range           | 0.2         |
|    entropy_loss         | -2.09       |
|    explained_variance   | -0.19       |
|    learning_rate        | 0.0003      |
|    loss                 | -0.0438     |
|    n_updates            | 1590        |
|    policy_gradient_loss | -0.0542     |
|    value_loss           | 0.000752    |
-----------------------------------------
-----------------------------------------
| rollout/                |             |
|    ep_len_mean          | 1e+03       |
|    ep_rew_mean          | -1          |
| time/                   |             |
|    fps                  | 642         |
|    iterations           | 161         |
|    time_elapsed         | 16          |
|    total_timesteps      | 10304       |
| train/                  |             |
|    approx_kl            | 0.018517913 |
|    clip_fraction        | 0.108       |
|    clip_range           | 0.2         |
|    entropy_loss         | -2.07       |
|    explained_variance   | -68.7       |
|    learning_rate        | 0.0003      |
|    loss                 | -0.00577    |
|    n_updates            | 1600        |
|    policy_gradient_loss | -0.0287     |
|    value_loss           | 0.00039     |
-----------------------------------------
-----------------------------------------
| rollout/                |             |
|    ep_len_mean          | 1e+03       |
|    ep_rew_mean          | -1          |
| time/                   |             |
|    fps                  | 643         |
|    iterations           | 162         |
|    time_elapsed         | 16          |
|    total_timesteps      | 10368       |
| train/                  |             |
|    approx_kl            | 0.019667748 |
|    clip_fraction        | 0.139       |
|    clip_range           | 0.2         |
|    entropy_loss         | -2.1        |
|    explained_variance   | -37.8       |
|    learning_rate        | 0.0003      |
|    loss                 | -0.0808     |
|    n_updates            | 1610        |
|    policy_gradient_loss | -0.0341     |
|    value_loss           | 0.000358    |
-----------------------------------------
-----------------------------------------
| rollout/                |             |
|    ep_len_mean          | 1e+03       |
|    ep_rew_mean          | -1          |
| time/                   |             |
|    fps                  | 643         |
|    iterations           | 163         |
|    time_elapsed         | 16          |
|    total_timesteps      | 10432       |
| train/                  |             |
|    approx_kl            | 0.011003499 |
|    clip_fraction        | 0.075       |
|    clip_range           | 0.2         |
|    entropy_loss         | -1.97       |
|    explained_variance   | -6.32       |
|    learning_rate        | 0.0003      |
|    loss                 | -0.0598     |
|    n_updates            | 1620        |
|    policy_gradient_loss | -0.0281     |
|    value_loss           | 0.000299    |
-----------------------------------------
-----------------------------------------
| rollout/                |             |
|    ep_len_mean          | 1e+03       |
|    ep_rew_mean          | -1          |
| time/                   |             |
|    fps                  | 642         |
|    iterations           | 164         |
|    time_elapsed         | 16          |
|    total_timesteps      | 10496       |
| train/                  |             |
|    approx_kl            | 0.011278083 |
|    clip_fraction        | 0.0672      |
|    clip_range           | 0.2         |
|    entropy_loss         | -1.85       |
|    explained_variance   | -12.8       |
|    learning_rate        | 0.0003      |
|    loss                 | -0.034      |
|    n_updates            | 1630        |
|    policy_gradient_loss | -0.0233     |
|    value_loss           | 1.89e-05    |
-----------------------------------------
-----------------------------------------
| rollout/                |             |
|    ep_len_mean          | 1e+03       |
|    ep_rew_mean          | -1          |
| time/                   |             |
|    fps                  | 643         |
|    iterations           | 165         |
|    time_elapsed         | 16          |
|    total_timesteps      | 10560       |
| train/                  |             |
|    approx_kl            | 0.015086115 |
|    clip_fraction        | 0.141       |
|    clip_range           | 0.2         |
|    entropy_loss         | -1.81       |
|    explained_variance   | -52.6       |
|    learning_rate        | 0.0003      |
|    loss                 | -0.0991     |
|    n_updates            | 1640        |
|    policy_gradient_loss | -0.0347     |
|    value_loss           | 0.000352    |
-----------------------------------------
-----------------------------------------
| rollout/                |             |
|    ep_len_mean          | 1e+03       |
|    ep_rew_mean          | -1          |
| time/                   |             |
|    fps                  | 643         |
|    iterations           | 166         |
|    time_elapsed         | 16          |
|    total_timesteps      | 10624       |
| train/                  |             |
|    approx_kl            | 0.024809584 |
|    clip_fraction        | 0.188       |
|    clip_range           | 0.2         |
|    entropy_loss         | -1.82       |
|    explained_variance   | -9.01       |
|    learning_rate        | 0.0003      |
|    loss                 | -0.0341     |
|    n_updates            | 1650        |
|    policy_gradient_loss | -0.0364     |
|    value_loss           | 0.000169    |
-----------------------------------------
-----------------------------------------
| rollout/                |             |
|    ep_len_mean          | 1e+03       |
|    ep_rew_mean          | -1          |
| time/                   |             |
|    fps                  | 643         |
|    iterations           | 167         |
|    time_elapsed         | 16          |
|    total_timesteps      | 10688       |
| train/                  |             |
|    approx_kl            | 0.011241034 |
|    clip_fraction        | 0.0844      |
|    clip_range           | 0.2         |
|    entropy_loss         | -1.72       |
|    explained_variance   | -29.5       |
|    learning_rate        | 0.0003      |
|    loss                 | -0.061      |
|    n_updates            | 1660        |
|    policy_gradient_loss | -0.0337     |
|    value_loss           | 0.000239    |
-----------------------------------------
----------------------------------------
| rollout/                |            |
|    ep_len_mean          | 1e+03      |
|    ep_rew_mean          | -1         |
| time/                   |            |
|    fps                  | 643        |
|    iterations           | 168        |
|    time_elapsed         | 16         |
|    total_timesteps      | 10752      |
| train/                  |            |
|    approx_kl            | 0.01465237 |
|    clip_fraction        | 0.0906     |
|    clip_range           | 0.2        |
|    entropy_loss         | -1.78      |
|    explained_variance   | -58.7      |
|    learning_rate        | 0.0003     |
|    loss                 | -0.109     |
|    n_updates            | 1670       |
|    policy_gradient_loss | -0.0328    |
|    value_loss           | 0.000185   |
----------------------------------------
-----------------------------------------
| rollout/                |             |
|    ep_len_mean          | 1e+03       |
|    ep_rew_mean          | -1          |
| time/                   |             |
|    fps                  | 643         |
|    iterations           | 169         |
|    time_elapsed         | 16          |
|    total_timesteps      | 10816       |
| train/                  |             |
|    approx_kl            | 0.014245685 |
|    clip_fraction        | 0.0906      |
|    clip_range           | 0.2         |
|    entropy_loss         | -1.84       |
|    explained_variance   | -30.3       |
|    learning_rate        | 0.0003      |
|    loss                 | -0.101      |
|    n_updates            | 1680        |
|    policy_gradient_loss | -0.0244     |
|    value_loss           | 0.000109    |
-----------------------------------------
------------------------------------------
| rollout/                |              |
|    ep_len_mean          | 1e+03        |
|    ep_rew_mean          | -1           |
| time/                   |              |
|    fps                  | 643          |
|    iterations           | 170          |
|    time_elapsed         | 16           |
|    total_timesteps      | 10880        |
| train/                  |              |
|    approx_kl            | 0.0152687635 |
|    clip_fraction        | 0.119        |
|    clip_range           | 0.2          |
|    entropy_loss         | -1.8         |
|    explained_variance   | -78.3        |
|    learning_rate        | 0.0003       |
|    loss                 | -0.0741      |
|    n_updates            | 1690         |
|    policy_gradient_loss | -0.0226      |
|    value_loss           | 8.41e-05     |
------------------------------------------
----------------------------------------
| rollout/                |            |
|    ep_len_mean          | 1e+03      |
|    ep_rew_mean          | -1         |
| time/                   |            |
|    fps                  | 643        |
|    iterations           | 171        |
|    time_elapsed         | 17         |
|    total_timesteps      | 10944      |
| train/                  |            |
|    approx_kl            | 0.02068913 |
|    clip_fraction        | 0.195      |
|    clip_range           | 0.2        |
|    entropy_loss         | -1.9       |
|    explained_variance   | -14        |
|    learning_rate        | 0.0003     |
|    loss                 | -0.0701    |
|    n_updates            | 1700       |
|    policy_gradient_loss | -0.0436    |
|    value_loss           | 0.000107   |
----------------------------------------
-----------------------------------------
| rollout/                |             |
|    ep_len_mean          | 1e+03       |
|    ep_rew_mean          | -1          |
| time/                   |             |
|    fps                  | 643         |
|    iterations           | 172         |
|    time_elapsed         | 17          |
|    total_timesteps      | 11008       |
| train/                  |             |
|    approx_kl            | 0.009501961 |
|    clip_fraction        | 0.106       |
|    clip_range           | 0.2         |
|    entropy_loss         | -1.95       |
|    explained_variance   | -23.3       |
|    learning_rate        | 0.0003      |
|    loss                 | -0.091      |
|    n_updates            | 1710        |
|    policy_gradient_loss | -0.0259     |
|    value_loss           | 0.000287    |
-----------------------------------------
-----------------------------------------
| rollout/                |             |
|    ep_len_mean          | 1e+03       |
|    ep_rew_mean          | -1          |
| time/                   |             |
|    fps                  | 643         |
|    iterations           | 173         |
|    time_elapsed         | 17          |
|    total_timesteps      | 11072       |
| train/                  |             |
|    approx_kl            | 0.016357757 |
|    clip_fraction        | 0.113       |
|    clip_range           | 0.2         |
|    entropy_loss         | -1.88       |
|    explained_variance   | -0.843      |
|    learning_rate        | 0.0003      |
|    loss                 | -0.0812     |
|    n_updates            | 1720        |
|    policy_gradient_loss | -0.0291     |
|    value_loss           | 0.000952    |
-----------------------------------------
-----------------------------------------
| rollout/                |             |
|    ep_len_mean          | 1e+03       |
|    ep_rew_mean          | -1          |
| time/                   |             |
|    fps                  | 643         |
|    iterations           | 174         |
|    time_elapsed         | 17          |
|    total_timesteps      | 11136       |
| train/                  |             |
|    approx_kl            | 0.022267375 |
|    clip_fraction        | 0.0969      |
|    clip_range           | 0.2         |
|    entropy_loss         | -1.87       |
|    explained_variance   | -33.4       |
|    learning_rate        | 0.0003      |
|    loss                 | -0.0806     |
|    n_updates            | 1730        |
|    policy_gradient_loss | -0.0373     |
|    value_loss           | 0.000262    |
-----------------------------------------
-----------------------------------------
| rollout/                |             |
|    ep_len_mean          | 1e+03       |
|    ep_rew_mean          | -1          |
| time/                   |             |
|    fps                  | 643         |
|    iterations           | 175         |
|    time_elapsed         | 17          |
|    total_timesteps      | 11200       |
| train/                  |             |
|    approx_kl            | 0.013018854 |
|    clip_fraction        | 0.133       |
|    clip_range           | 0.2         |
|    entropy_loss         | -1.95       |
|    explained_variance   | -73.1       |
|    learning_rate        | 0.0003      |
|    loss                 | -0.047      |
|    n_updates            | 1740        |
|    policy_gradient_loss | -0.0303     |
|    value_loss           | 0.000286    |
-----------------------------------------
-----------------------------------------
| rollout/                |             |
|    ep_len_mean          | 1e+03       |
|    ep_rew_mean          | -1          |
| time/                   |             |
|    fps                  | 643         |
|    iterations           | 176         |
|    time_elapsed         | 17          |
|    total_timesteps      | 11264       |
| train/                  |             |
|    approx_kl            | 0.016447872 |
|    clip_fraction        | 0.0969      |
|    clip_range           | 0.2         |
|    entropy_loss         | -1.95       |
|    explained_variance   | -20         |
|    learning_rate        | 0.0003      |
|    loss                 | -0.0612     |
|    n_updates            | 1750        |
|    policy_gradient_loss | -0.0286     |
|    value_loss           | 6.51e-05    |
-----------------------------------------
-----------------------------------------
| rollout/                |             |
|    ep_len_mean          | 1e+03       |
|    ep_rew_mean          | -1          |
| time/                   |             |
|    fps                  | 643         |
|    iterations           | 177         |
|    time_elapsed         | 17          |
|    total_timesteps      | 11328       |
| train/                  |             |
|    approx_kl            | 0.015960947 |
|    clip_fraction        | 0.128       |
|    clip_range           | 0.2         |
|    entropy_loss         | -2.02       |
|    explained_variance   | -30.2       |
|    learning_rate        | 0.0003      |
|    loss                 | -0.117      |
|    n_updates            | 1760        |
|    policy_gradient_loss | -0.032      |
|    value_loss           | 5.62e-05    |
-----------------------------------------
----------------------------------------
| rollout/                |            |
|    ep_len_mean          | 1e+03      |
|    ep_rew_mean          | -1         |
| time/                   |            |
|    fps                  | 643        |
|    iterations           | 178        |
|    time_elapsed         | 17         |
|    total_timesteps      | 11392      |
| train/                  |            |
|    approx_kl            | 0.01972152 |
|    clip_fraction        | 0.0859     |
|    clip_range           | 0.2        |
|    entropy_loss         | -2.09      |
|    explained_variance   | -8.99      |
|    learning_rate        | 0.0003     |
|    loss                 | -0.111     |
|    n_updates            | 1770       |
|    policy_gradient_loss | -0.0346    |
|    value_loss           | 7.42e-05   |
----------------------------------------
-----------------------------------------
| rollout/                |             |
|    ep_len_mean          | 1e+03       |
|    ep_rew_mean          | -1          |
| time/                   |             |
|    fps                  | 643         |
|    iterations           | 179         |
|    time_elapsed         | 17          |
|    total_timesteps      | 11456       |
| train/                  |             |
|    approx_kl            | 0.012597408 |
|    clip_fraction        | 0.0953      |
|    clip_range           | 0.2         |
|    entropy_loss         | -2.09       |
|    explained_variance   | -19         |
|    learning_rate        | 0.0003      |
|    loss                 | -0.0724     |
|    n_updates            | 1780        |
|    policy_gradient_loss | -0.0288     |
|    value_loss           | 6.17e-05    |
-----------------------------------------
-----------------------------------------
| rollout/                |             |
|    ep_len_mean          | 1e+03       |
|    ep_rew_mean          | -1          |
| time/                   |             |
|    fps                  | 643         |
|    iterations           | 180         |
|    time_elapsed         | 17          |
|    total_timesteps      | 11520       |
| train/                  |             |
|    approx_kl            | 0.020859797 |
|    clip_fraction        | 0.153       |
|    clip_range           | 0.2         |
|    entropy_loss         | -2.14       |
|    explained_variance   | -11.7       |
|    learning_rate        | 0.0003      |
|    loss                 | -0.0444     |
|    n_updates            | 1790        |
|    policy_gradient_loss | -0.034      |
|    value_loss           | 6.46e-05    |
-----------------------------------------
----------------------------------------
| rollout/                |            |
|    ep_len_mean          | 1e+03      |
|    ep_rew_mean          | -1         |
| time/                   |            |
|    fps                  | 644        |
|    iterations           | 181        |
|    time_elapsed         | 17         |
|    total_timesteps      | 11584      |
| train/                  |            |
|    approx_kl            | 0.01810737 |
|    clip_fraction        | 0.166      |
|    clip_range           | 0.2        |
|    entropy_loss         | -2.05      |
|    explained_variance   | -51.1      |
|    learning_rate        | 0.0003     |
|    loss                 | -0.0995    |
|    n_updates            | 1800       |
|    policy_gradient_loss | -0.0274    |
|    value_loss           | 0.000152   |
----------------------------------------
----------------------------------------
| rollout/                |            |
|    ep_len_mean          | 1e+03      |
|    ep_rew_mean          | -1         |
| time/                   |            |
|    fps                  | 644        |
|    iterations           | 182        |
|    time_elapsed         | 18         |
|    total_timesteps      | 11648      |
| train/                  |            |
|    approx_kl            | 0.01636686 |
|    clip_fraction        | 0.1        |
|    clip_range           | 0.2        |
|    entropy_loss         | -1.87      |
|    explained_variance   | -20.7      |
|    learning_rate        | 0.0003     |
|    loss                 | -0.0949    |
|    n_updates            | 1810       |
|    policy_gradient_loss | -0.0369    |
|    value_loss           | 3.92e-05   |
----------------------------------------
-----------------------------------------
| rollout/                |             |
|    ep_len_mean          | 1e+03       |
|    ep_rew_mean          | -1          |
| time/                   |             |
|    fps                  | 644         |
|    iterations           | 183         |
|    time_elapsed         | 18          |
|    total_timesteps      | 11712       |
| train/                  |             |
|    approx_kl            | 0.027017504 |
|    clip_fraction        | 0.197       |
|    clip_range           | 0.2         |
|    entropy_loss         | -2.08       |
|    explained_variance   | -12.4       |
|    learning_rate        | 0.0003      |
|    loss                 | -0.0538     |
|    n_updates            | 1820        |
|    policy_gradient_loss | -0.0285     |
|    value_loss           | 5.59e-05    |
-----------------------------------------
-----------------------------------------
| rollout/                |             |
|    ep_len_mean          | 1e+03       |
|    ep_rew_mean          | -1          |
| time/                   |             |
|    fps                  | 644         |
|    iterations           | 184         |
|    time_elapsed         | 18          |
|    total_timesteps      | 11776       |
| train/                  |             |
|    approx_kl            | 0.017395157 |
|    clip_fraction        | 0.161       |
|    clip_range           | 0.2         |
|    entropy_loss         | -2.07       |
|    explained_variance   | -7.71       |
|    learning_rate        | 0.0003      |
|    loss                 | -0.0524     |
|    n_updates            | 1830        |
|    policy_gradient_loss | -0.033      |
|    value_loss           | 2.2e-05     |
-----------------------------------------
-----------------------------------------
| rollout/                |             |
|    ep_len_mean          | 1e+03       |
|    ep_rew_mean          | -1          |
| time/                   |             |
|    fps                  | 644         |
|    iterations           | 185         |
|    time_elapsed         | 18          |
|    total_timesteps      | 11840       |
| train/                  |             |
|    approx_kl            | 0.024735494 |
|    clip_fraction        | 0.298       |
|    clip_range           | 0.2         |
|    entropy_loss         | -2.21       |
|    explained_variance   | -10.1       |
|    learning_rate        | 0.0003      |
|    loss                 | -0.136      |
|    n_updates            | 1840        |
|    policy_gradient_loss | -0.0606     |
|    value_loss           | 2.27e-05    |
-----------------------------------------
-----------------------------------------
| rollout/                |             |
|    ep_len_mean          | 1e+03       |
|    ep_rew_mean          | -1          |
| time/                   |             |
|    fps                  | 644         |
|    iterations           | 186         |
|    time_elapsed         | 18          |
|    total_timesteps      | 11904       |
| train/                  |             |
|    approx_kl            | 0.013374569 |
|    clip_fraction        | 0.0969      |
|    clip_range           | 0.2         |
|    entropy_loss         | -2.23       |
|    explained_variance   | -51.2       |
|    learning_rate        | 0.0003      |
|    loss                 | -0.0781     |
|    n_updates            | 1850        |
|    policy_gradient_loss | -0.0273     |
|    value_loss           | 9.87e-05    |
-----------------------------------------
-----------------------------------------
| rollout/                |             |
|    ep_len_mean          | 1e+03       |
|    ep_rew_mean          | -1          |
| time/                   |             |
|    fps                  | 644         |
|    iterations           | 187         |
|    time_elapsed         | 18          |
|    total_timesteps      | 11968       |
| train/                  |             |
|    approx_kl            | 0.008083287 |
|    clip_fraction        | 0.102       |
|    clip_range           | 0.2         |
|    entropy_loss         | -2.28       |
|    explained_variance   | -20.3       |
|    learning_rate        | 0.0003      |
|    loss                 | -0.0817     |
|    n_updates            | 1860        |
|    policy_gradient_loss | -0.0197     |
|    value_loss           | 0.000146    |
-----------------------------------------
-----------------------------------------
| rollout/                |             |
|    ep_len_mean          | 1e+03       |
|    ep_rew_mean          | -1          |
| time/                   |             |
|    fps                  | 644         |
|    iterations           | 188         |
|    time_elapsed         | 18          |
|    total_timesteps      | 12032       |
| train/                  |             |
|    approx_kl            | 0.015729506 |
|    clip_fraction        | 0.108       |
|    clip_range           | 0.2         |
|    entropy_loss         | -2.29       |
|    explained_variance   | -2.88       |
|    learning_rate        | 0.0003      |
|    loss                 | -0.0459     |
|    n_updates            | 1870        |
|    policy_gradient_loss | -0.0273     |
|    value_loss           | 0.000233    |
-----------------------------------------
----------------------------------------
| rollout/                |            |
|    ep_len_mean          | 1e+03      |
|    ep_rew_mean          | -1         |
| time/                   |            |
|    fps                  | 644        |
|    iterations           | 189        |
|    time_elapsed         | 18         |
|    total_timesteps      | 12096      |
| train/                  |            |
|    approx_kl            | 0.02277058 |
|    clip_fraction        | 0.163      |
|    clip_range           | 0.2        |
|    entropy_loss         | -2.33      |
|    explained_variance   | 0.0769     |
|    learning_rate        | 0.0003     |
|    loss                 | -0.122     |
|    n_updates            | 1880       |
|    policy_gradient_loss | -0.0308    |
|    value_loss           | 0.000822   |
----------------------------------------
-----------------------------------------
| rollout/                |             |
|    ep_len_mean          | 1e+03       |
|    ep_rew_mean          | -1          |
| time/                   |             |
|    fps                  | 644         |
|    iterations           | 190         |
|    time_elapsed         | 18          |
|    total_timesteps      | 12160       |
| train/                  |             |
|    approx_kl            | 0.015301092 |
|    clip_fraction        | 0.103       |
|    clip_range           | 0.2         |
|    entropy_loss         | -2.46       |
|    explained_variance   | -21.7       |
|    learning_rate        | 0.0003      |
|    loss                 | -0.0518     |
|    n_updates            | 1890        |
|    policy_gradient_loss | -0.0347     |
|    value_loss           | 0.000203    |
-----------------------------------------
----------------------------------------
| rollout/                |            |
|    ep_len_mean          | 1e+03      |
|    ep_rew_mean          | -1         |
| time/                   |            |
|    fps                  | 645        |
|    iterations           | 191        |
|    time_elapsed         | 18         |
|    total_timesteps      | 12224      |
| train/                  |            |
|    approx_kl            | 0.01800635 |
|    clip_fraction        | 0.197      |
|    clip_range           | 0.2        |
|    entropy_loss         | -2.52      |
|    explained_variance   | -2.74      |
|    learning_rate        | 0.0003     |
|    loss                 | -0.0784    |
|    n_updates            | 1900       |
|    policy_gradient_loss | -0.0504    |
|    value_loss           | 7.8e-05    |
----------------------------------------
-----------------------------------------
| rollout/                |             |
|    ep_len_mean          | 1e+03       |
|    ep_rew_mean          | -1          |
| time/                   |             |
|    fps                  | 645         |
|    iterations           | 192         |
|    time_elapsed         | 19          |
|    total_timesteps      | 12288       |
| train/                  |             |
|    approx_kl            | 0.016531808 |
|    clip_fraction        | 0.186       |
|    clip_range           | 0.2         |
|    entropy_loss         | -2.54       |
|    explained_variance   | -23.1       |
|    learning_rate        | 0.0003      |
|    loss                 | -0.1        |
|    n_updates            | 1910        |
|    policy_gradient_loss | -0.0414     |
|    value_loss           | 4.44e-05    |
-----------------------------------------
----------------------------------------
| rollout/                |            |
|    ep_len_mean          | 1e+03      |
|    ep_rew_mean          | -1         |
| time/                   |            |
|    fps                  | 645        |
|    iterations           | 193        |
|    time_elapsed         | 19         |
|    total_timesteps      | 12352      |
| train/                  |            |
|    approx_kl            | 0.02595063 |
|    clip_fraction        | 0.261      |
|    clip_range           | 0.2        |
|    entropy_loss         | -2.62      |
|    explained_variance   | -1.32      |
|    learning_rate        | 0.0003     |
|    loss                 | -0.106     |
|    n_updates            | 1920       |
|    policy_gradient_loss | -0.0529    |
|    value_loss           | 8.51e-05   |
----------------------------------------
-----------------------------------------
| rollout/                |             |
|    ep_len_mean          | 1e+03       |
|    ep_rew_mean          | -1          |
| time/                   |             |
|    fps                  | 645         |
|    iterations           | 194         |
|    time_elapsed         | 19          |
|    total_timesteps      | 12416       |
| train/                  |             |
|    approx_kl            | 0.020590331 |
|    clip_fraction        | 0.139       |
|    clip_range           | 0.2         |
|    entropy_loss         | -2.61       |
|    explained_variance   | -30         |
|    learning_rate        | 0.0003      |
|    loss                 | -0.0541     |
|    n_updates            | 1930        |
|    policy_gradient_loss | -0.033      |
|    value_loss           | 5.19e-05    |
-----------------------------------------
-----------------------------------------
| rollout/                |             |
|    ep_len_mean          | 1e+03       |
|    ep_rew_mean          | -1          |
| time/                   |             |
|    fps                  | 645         |
|    iterations           | 195         |
|    time_elapsed         | 19          |
|    total_timesteps      | 12480       |
| train/                  |             |
|    approx_kl            | 0.010144475 |
|    clip_fraction        | 0.0453      |
|    clip_range           | 0.2         |
|    entropy_loss         | -2.63       |
|    explained_variance   | 0.106       |
|    learning_rate        | 0.0003      |
|    loss                 | -0.0672     |
|    n_updates            | 1940        |
|    policy_gradient_loss | -0.03       |
|    value_loss           | 6.96e-05    |
-----------------------------------------
-----------------------------------------
| rollout/                |             |
|    ep_len_mean          | 1e+03       |
|    ep_rew_mean          | -1          |
| time/                   |             |
|    fps                  | 645         |
|    iterations           | 196         |
|    time_elapsed         | 19          |
|    total_timesteps      | 12544       |
| train/                  |             |
|    approx_kl            | 0.023824714 |
|    clip_fraction        | 0.214       |
|    clip_range           | 0.2         |
|    entropy_loss         | -2.63       |
|    explained_variance   | -86.5       |
|    learning_rate        | 0.0003      |
|    loss                 | -0.105      |
|    n_updates            | 1950        |
|    policy_gradient_loss | -0.0467     |
|    value_loss           | 8.86e-05    |
-----------------------------------------
-----------------------------------------
| rollout/                |             |
|    ep_len_mean          | 1e+03       |
|    ep_rew_mean          | -1          |
| time/                   |             |
|    fps                  | 645         |
|    iterations           | 197         |
|    time_elapsed         | 19          |
|    total_timesteps      | 12608       |
| train/                  |             |
|    approx_kl            | 0.020159788 |
|    clip_fraction        | 0.116       |
|    clip_range           | 0.2         |
|    entropy_loss         | -2.74       |
|    explained_variance   | -9.58       |
|    learning_rate        | 0.0003      |
|    loss                 | -0.155      |
|    n_updates            | 1960        |
|    policy_gradient_loss | -0.0443     |
|    value_loss           | 9.16e-05    |
-----------------------------------------
-----------------------------------------
| rollout/                |             |
|    ep_len_mean          | 1e+03       |
|    ep_rew_mean          | -1          |
| time/                   |             |
|    fps                  | 645         |
|    iterations           | 198         |
|    time_elapsed         | 19          |
|    total_timesteps      | 12672       |
| train/                  |             |
|    approx_kl            | 0.016375113 |
|    clip_fraction        | 0.142       |
|    clip_range           | 0.2         |
|    entropy_loss         | -2.67       |
|    explained_variance   | -19         |
|    learning_rate        | 0.0003      |
|    loss                 | -0.115      |
|    n_updates            | 1970        |
|    policy_gradient_loss | -0.0353     |
|    value_loss           | 5.53e-05    |
-----------------------------------------
---------------------------------------
| rollout/                |           |
|    ep_len_mean          | 1e+03     |
|    ep_rew_mean          | -1        |
| time/                   |           |
|    fps                  | 645       |
|    iterations           | 199       |
|    time_elapsed         | 19        |
|    total_timesteps      | 12736     |
| train/                  |           |
|    approx_kl            | 0.0160136 |
|    clip_fraction        | 0.123     |
|    clip_range           | 0.2       |
|    entropy_loss         | -2.73     |
|    explained_variance   | -10.1     |
|    learning_rate        | 0.0003    |
|    loss                 | -0.12     |
|    n_updates            | 1980      |
|    policy_gradient_loss | -0.0429   |
|    value_loss           | 6.62e-05  |
---------------------------------------
-----------------------------------------
| rollout/                |             |
|    ep_len_mean          | 1e+03       |
|    ep_rew_mean          | -1          |
| time/                   |             |
|    fps                  | 645         |
|    iterations           | 200         |
|    time_elapsed         | 19          |
|    total_timesteps      | 12800       |
| train/                  |             |
|    approx_kl            | 0.041109122 |
|    clip_fraction        | 0.261       |
|    clip_range           | 0.2         |
|    entropy_loss         | -2.7        |
|    explained_variance   | -33.3       |
|    learning_rate        | 0.0003      |
|    loss                 | -0.12       |
|    n_updates            | 1990        |
|    policy_gradient_loss | -0.0506     |
|    value_loss           | 0.000147    |
-----------------------------------------
-----------------------------------------
| rollout/                |             |
|    ep_len_mean          | 1e+03       |
|    ep_rew_mean          | -1          |
| time/                   |             |
|    fps                  | 645         |
|    iterations           | 201         |
|    time_elapsed         | 19          |
|    total_timesteps      | 12864       |
| train/                  |             |
|    approx_kl            | 0.023825003 |
|    clip_fraction        | 0.163       |
|    clip_range           | 0.2         |
|    entropy_loss         | -2.72       |
|    explained_variance   | -18.8       |
|    learning_rate        | 0.0003      |
|    loss                 | -0.162      |
|    n_updates            | 2000        |
|    policy_gradient_loss | -0.0541     |
|    value_loss           | 4.86e-05    |
-----------------------------------------
-----------------------------------------
| rollout/                |             |
|    ep_len_mean          | 1e+03       |
|    ep_rew_mean          | -1          |
| time/                   |             |
|    fps                  | 645         |
|    iterations           | 202         |
|    time_elapsed         | 20          |
|    total_timesteps      | 12928       |
| train/                  |             |
|    approx_kl            | 0.036705524 |
|    clip_fraction        | 0.255       |
|    clip_range           | 0.2         |
|    entropy_loss         | -2.71       |
|    explained_variance   | -11.2       |
|    learning_rate        | 0.0003      |
|    loss                 | -0.1        |
|    n_updates            | 2010        |
|    policy_gradient_loss | -0.0479     |
|    value_loss           | 7.25e-05    |
-----------------------------------------
-----------------------------------------
| rollout/                |             |
|    ep_len_mean          | 1e+03       |
|    ep_rew_mean          | -1          |
| time/                   |             |
|    fps                  | 645         |
|    iterations           | 203         |
|    time_elapsed         | 20          |
|    total_timesteps      | 12992       |
| train/                  |             |
|    approx_kl            | 0.022375036 |
|    clip_fraction        | 0.155       |
|    clip_range           | 0.2         |
|    entropy_loss         | -2.8        |
|    explained_variance   | -18         |
|    learning_rate        | 0.0003      |
|    loss                 | -0.0866     |
|    n_updates            | 2020        |
|    policy_gradient_loss | -0.0448     |
|    value_loss           | 4.11e-05    |
-----------------------------------------
-----------------------------------------
| rollout/                |             |
|    ep_len_mean          | 1e+03       |
|    ep_rew_mean          | -1          |
| time/                   |             |
|    fps                  | 645         |
|    iterations           | 204         |
|    time_elapsed         | 20          |
|    total_timesteps      | 13056       |
| train/                  |             |
|    approx_kl            | 0.021018136 |
|    clip_fraction        | 0.169       |
|    clip_range           | 0.2         |
|    entropy_loss         | -2.71       |
|    explained_variance   | -32.7       |
|    learning_rate        | 0.0003      |
|    loss                 | -0.0954     |
|    n_updates            | 2030        |
|    policy_gradient_loss | -0.055      |
|    value_loss           | 5.91e-05    |
-----------------------------------------
----------------------------------------
| rollout/                |            |
|    ep_len_mean          | 1e+03      |
|    ep_rew_mean          | -1         |
| time/                   |            |
|    fps                  | 645        |
|    iterations           | 205        |
|    time_elapsed         | 20         |
|    total_timesteps      | 13120      |
| train/                  |            |
|    approx_kl            | 0.03655044 |
|    clip_fraction        | 0.267      |
|    clip_range           | 0.2        |
|    entropy_loss         | -2.67      |
|    explained_variance   | 0.0403     |
|    learning_rate        | 0.0003     |
|    loss                 | -0.152     |
|    n_updates            | 2040       |
|    policy_gradient_loss | -0.0445    |
|    value_loss           | 0.000603   |
----------------------------------------
-----------------------------------------
| rollout/                |             |
|    ep_len_mean          | 1e+03       |
|    ep_rew_mean          | -1          |
| time/                   |             |
|    fps                  | 645         |
|    iterations           | 206         |
|    time_elapsed         | 20          |
|    total_timesteps      | 13184       |
| train/                  |             |
|    approx_kl            | 0.027417162 |
|    clip_fraction        | 0.177       |
|    clip_range           | 0.2         |
|    entropy_loss         | -2.73       |
|    explained_variance   | -71.6       |
|    learning_rate        | 0.0003      |
|    loss                 | -0.12       |
|    n_updates            | 2050        |
|    policy_gradient_loss | -0.0441     |
|    value_loss           | 4.41e-05    |
-----------------------------------------
-----------------------------------------
| rollout/                |             |
|    ep_len_mean          | 1e+03       |
|    ep_rew_mean          | -1          |
| time/                   |             |
|    fps                  | 645         |
|    iterations           | 207         |
|    time_elapsed         | 20          |
|    total_timesteps      | 13248       |
| train/                  |             |
|    approx_kl            | 0.020545587 |
|    clip_fraction        | 0.131       |
|    clip_range           | 0.2         |
|    entropy_loss         | -2.78       |
|    explained_variance   | -23         |
|    learning_rate        | 0.0003      |
|    loss                 | -0.121      |
|    n_updates            | 2060        |
|    policy_gradient_loss | -0.0401     |
|    value_loss           | 3.62e-05    |
-----------------------------------------
-----------------------------------------
| rollout/                |             |
|    ep_len_mean          | 1e+03       |
|    ep_rew_mean          | -1          |
| time/                   |             |
|    fps                  | 646         |
|    iterations           | 208         |
|    time_elapsed         | 20          |
|    total_timesteps      | 13312       |
| train/                  |             |
|    approx_kl            | 0.020522498 |
|    clip_fraction        | 0.152       |
|    clip_range           | 0.2         |
|    entropy_loss         | -2.78       |
|    explained_variance   | -5.05       |
|    learning_rate        | 0.0003      |
|    loss                 | -0.0391     |
|    n_updates            | 2070        |
|    policy_gradient_loss | -0.0272     |
|    value_loss           | 0.000142    |
-----------------------------------------
-----------------------------------------
| rollout/                |             |
|    ep_len_mean          | 1e+03       |
|    ep_rew_mean          | -1          |
| time/                   |             |
|    fps                  | 646         |
|    iterations           | 209         |
|    time_elapsed         | 20          |
|    total_timesteps      | 13376       |
| train/                  |             |
|    approx_kl            | 0.026213046 |
|    clip_fraction        | 0.192       |
|    clip_range           | 0.2         |
|    entropy_loss         | -2.66       |
|    explained_variance   | -4.34       |
|    learning_rate        | 0.0003      |
|    loss                 | -0.066      |
|    n_updates            | 2080        |
|    policy_gradient_loss | -0.0394     |
|    value_loss           | 6.75e-05    |
-----------------------------------------
-----------------------------------------
| rollout/                |             |
|    ep_len_mean          | 1e+03       |
|    ep_rew_mean          | -1          |
| time/                   |             |
|    fps                  | 646         |
|    iterations           | 210         |
|    time_elapsed         | 20          |
|    total_timesteps      | 13440       |
| train/                  |             |
|    approx_kl            | 0.015392369 |
|    clip_fraction        | 0.139       |
|    clip_range           | 0.2         |
|    entropy_loss         | -2.69       |
|    explained_variance   | -12.3       |
|    learning_rate        | 0.0003      |
|    loss                 | -0.0901     |
|    n_updates            | 2090        |
|    policy_gradient_loss | -0.0344     |
|    value_loss           | 4.07e-05    |
-----------------------------------------
-----------------------------------------
| rollout/                |             |
|    ep_len_mean          | 1e+03       |
|    ep_rew_mean          | -1          |
| time/                   |             |
|    fps                  | 646         |
|    iterations           | 211         |
|    time_elapsed         | 20          |
|    total_timesteps      | 13504       |
| train/                  |             |
|    approx_kl            | 0.016837863 |
|    clip_fraction        | 0.13        |
|    clip_range           | 0.2         |
|    entropy_loss         | -2.71       |
|    explained_variance   | -52.3       |
|    learning_rate        | 0.0003      |
|    loss                 | -0.104      |
|    n_updates            | 2100        |
|    policy_gradient_loss | -0.0437     |
|    value_loss           | 4.23e-05    |
-----------------------------------------
-----------------------------------------
| rollout/                |             |
|    ep_len_mean          | 1e+03       |
|    ep_rew_mean          | -1          |
| time/                   |             |
|    fps                  | 646         |
|    iterations           | 212         |
|    time_elapsed         | 20          |
|    total_timesteps      | 13568       |
| train/                  |             |
|    approx_kl            | 0.022404222 |
|    clip_fraction        | 0.227       |
|    clip_range           | 0.2         |
|    entropy_loss         | -2.76       |
|    explained_variance   | -142        |
|    learning_rate        | 0.0003      |
|    loss                 | -0.0757     |
|    n_updates            | 2110        |
|    policy_gradient_loss | -0.0491     |
|    value_loss           | 5.89e-05    |
-----------------------------------------
-----------------------------------------
| rollout/                |             |
|    ep_len_mean          | 1e+03       |
|    ep_rew_mean          | -1          |
| time/                   |             |
|    fps                  | 646         |
|    iterations           | 213         |
|    time_elapsed         | 21          |
|    total_timesteps      | 13632       |
| train/                  |             |
|    approx_kl            | 0.021446489 |
|    clip_fraction        | 0.22        |
|    clip_range           | 0.2         |
|    entropy_loss         | -2.73       |
|    explained_variance   | -20.1       |
|    learning_rate        | 0.0003      |
|    loss                 | -0.111      |
|    n_updates            | 2120        |
|    policy_gradient_loss | -0.0408     |
|    value_loss           | 5.49e-05    |
-----------------------------------------
----------------------------------------
| rollout/                |            |
|    ep_len_mean          | 1e+03      |
|    ep_rew_mean          | -1         |
| time/                   |            |
|    fps                  | 646        |
|    iterations           | 214        |
|    time_elapsed         | 21         |
|    total_timesteps      | 13696      |
| train/                  |            |
|    approx_kl            | 0.02141379 |
|    clip_fraction        | 0.202      |
|    clip_range           | 0.2        |
|    entropy_loss         | -2.73      |
|    explained_variance   | -110       |
|    learning_rate        | 0.0003     |
|    loss                 | -0.0992    |
|    n_updates            | 2130       |
|    policy_gradient_loss | -0.0321    |
|    value_loss           | 9.99e-05   |
----------------------------------------
-----------------------------------------
| rollout/                |             |
|    ep_len_mean          | 1e+03       |
|    ep_rew_mean          | -1          |
| time/                   |             |
|    fps                  | 646         |
|    iterations           | 215         |
|    time_elapsed         | 21          |
|    total_timesteps      | 13760       |
| train/                  |             |
|    approx_kl            | 0.014485768 |
|    clip_fraction        | 0.119       |
|    clip_range           | 0.2         |
|    entropy_loss         | -2.68       |
|    explained_variance   | -19.9       |
|    learning_rate        | 0.0003      |
|    loss                 | -0.12       |
|    n_updates            | 2140        |
|    policy_gradient_loss | -0.0304     |
|    value_loss           | 3.01e-05    |
-----------------------------------------
-----------------------------------------
| rollout/                |             |
|    ep_len_mean          | 1e+03       |
|    ep_rew_mean          | -1          |
| time/                   |             |
|    fps                  | 646         |
|    iterations           | 216         |
|    time_elapsed         | 21          |
|    total_timesteps      | 13824       |
| train/                  |             |
|    approx_kl            | 0.012981695 |
|    clip_fraction        | 0.0938      |
|    clip_range           | 0.2         |
|    entropy_loss         | -2.71       |
|    explained_variance   | -11.1       |
|    learning_rate        | 0.0003      |
|    loss                 | -0.0657     |
|    n_updates            | 2150        |
|    policy_gradient_loss | -0.0333     |
|    value_loss           | 2.53e-05    |
-----------------------------------------
-----------------------------------------
| rollout/                |             |
|    ep_len_mean          | 1e+03       |
|    ep_rew_mean          | -1          |
| time/                   |             |
|    fps                  | 646         |
|    iterations           | 217         |
|    time_elapsed         | 21          |
|    total_timesteps      | 13888       |
| train/                  |             |
|    approx_kl            | 0.027176062 |
|    clip_fraction        | 0.184       |
|    clip_range           | 0.2         |
|    entropy_loss         | -2.67       |
|    explained_variance   | -18.8       |
|    learning_rate        | 0.0003      |
|    loss                 | -0.0866     |
|    n_updates            | 2160        |
|    policy_gradient_loss | -0.043      |
|    value_loss           | 2.94e-05    |
-----------------------------------------
-----------------------------------------
| rollout/                |             |
|    ep_len_mean          | 1e+03       |
|    ep_rew_mean          | -1          |
| time/                   |             |
|    fps                  | 646         |
|    iterations           | 218         |
|    time_elapsed         | 21          |
|    total_timesteps      | 13952       |
| train/                  |             |
|    approx_kl            | 0.022092212 |
|    clip_fraction        | 0.156       |
|    clip_range           | 0.2         |
|    entropy_loss         | -2.65       |
|    explained_variance   | -25.8       |
|    learning_rate        | 0.0003      |
|    loss                 | -0.0804     |
|    n_updates            | 2170        |
|    policy_gradient_loss | -0.0442     |
|    value_loss           | 2.61e-05    |
-----------------------------------------
-----------------------------------------
| rollout/                |             |
|    ep_len_mean          | 1e+03       |
|    ep_rew_mean          | -1          |
| time/                   |             |
|    fps                  | 646         |
|    iterations           | 219         |
|    time_elapsed         | 21          |
|    total_timesteps      | 14016       |
| train/                  |             |
|    approx_kl            | 0.023385307 |
|    clip_fraction        | 0.183       |
|    clip_range           | 0.2         |
|    entropy_loss         | -2.66       |
|    explained_variance   | -4.89       |
|    learning_rate        | 0.0003      |
|    loss                 | -0.102      |
|    n_updates            | 2180        |
|    policy_gradient_loss | -0.0416     |
|    value_loss           | 5.09e-05    |
-----------------------------------------
-----------------------------------------
| rollout/                |             |
|    ep_len_mean          | 1e+03       |
|    ep_rew_mean          | -1          |
| time/                   |             |
|    fps                  | 646         |
|    iterations           | 220         |
|    time_elapsed         | 21          |
|    total_timesteps      | 14080       |
| train/                  |             |
|    approx_kl            | 0.016031586 |
|    clip_fraction        | 0.117       |
|    clip_range           | 0.2         |
|    entropy_loss         | -2.64       |
|    explained_variance   | 0.0346      |
|    learning_rate        | 0.0003      |
|    loss                 | -0.085      |
|    n_updates            | 2190        |
|    policy_gradient_loss | -0.0416     |
|    value_loss           | 0.000907    |
-----------------------------------------
-----------------------------------------
| rollout/                |             |
|    ep_len_mean          | 1e+03       |
|    ep_rew_mean          | -1          |
| time/                   |             |
|    fps                  | 646         |
|    iterations           | 221         |
|    time_elapsed         | 21          |
|    total_timesteps      | 14144       |
| train/                  |             |
|    approx_kl            | 0.025109608 |
|    clip_fraction        | 0.239       |
|    clip_range           | 0.2         |
|    entropy_loss         | -2.59       |
|    explained_variance   | -21.1       |
|    learning_rate        | 0.0003      |
|    loss                 | -0.0838     |
|    n_updates            | 2200        |
|    policy_gradient_loss | -0.0559     |
|    value_loss           | 0.000393    |
-----------------------------------------
-----------------------------------------
| rollout/                |             |
|    ep_len_mean          | 1e+03       |
|    ep_rew_mean          | -1          |
| time/                   |             |
|    fps                  | 646         |
|    iterations           | 222         |
|    time_elapsed         | 21          |
|    total_timesteps      | 14208       |
| train/                  |             |
|    approx_kl            | 0.014228772 |
|    clip_fraction        | 0.139       |
|    clip_range           | 0.2         |
|    entropy_loss         | -2.55       |
|    explained_variance   | -19.6       |
|    learning_rate        | 0.0003      |
|    loss                 | -0.115      |
|    n_updates            | 2210        |
|    policy_gradient_loss | -0.0307     |
|    value_loss           | 5.22e-05    |
-----------------------------------------
-----------------------------------------
| rollout/                |             |
|    ep_len_mean          | 1e+03       |
|    ep_rew_mean          | -1          |
| time/                   |             |
|    fps                  | 646         |
|    iterations           | 223         |
|    time_elapsed         | 22          |
|    total_timesteps      | 14272       |
| train/                  |             |
|    approx_kl            | 0.014991176 |
|    clip_fraction        | 0.203       |
|    clip_range           | 0.2         |
|    entropy_loss         | -2.48       |
|    explained_variance   | -19.3       |
|    learning_rate        | 0.0003      |
|    loss                 | -0.0902     |
|    n_updates            | 2220        |
|    policy_gradient_loss | -0.0406     |
|    value_loss           | 1.99e-05    |
-----------------------------------------
-----------------------------------------
| rollout/                |             |
|    ep_len_mean          | 1e+03       |
|    ep_rew_mean          | -1          |
| time/                   |             |
|    fps                  | 646         |
|    iterations           | 224         |
|    time_elapsed         | 22          |
|    total_timesteps      | 14336       |
| train/                  |             |
|    approx_kl            | 0.018983155 |
|    clip_fraction        | 0.138       |
|    clip_range           | 0.2         |
|    entropy_loss         | -2.36       |
|    explained_variance   | -18.7       |
|    learning_rate        | 0.0003      |
|    loss                 | -0.0732     |
|    n_updates            | 2230        |
|    policy_gradient_loss | -0.0304     |
|    value_loss           | 2.8e-05     |
-----------------------------------------
----------------------------------------
| rollout/                |            |
|    ep_len_mean          | 1e+03      |
|    ep_rew_mean          | -1         |
| time/                   |            |
|    fps                  | 646        |
|    iterations           | 225        |
|    time_elapsed         | 22         |
|    total_timesteps      | 14400      |
| train/                  |            |
|    approx_kl            | 0.01935885 |
|    clip_fraction        | 0.119      |
|    clip_range           | 0.2        |
|    entropy_loss         | -2.37      |
|    explained_variance   | -41.5      |
|    learning_rate        | 0.0003     |
|    loss                 | -0.124     |
|    n_updates            | 2240       |
|    policy_gradient_loss | -0.027     |
|    value_loss           | 2.51e-05   |
----------------------------------------
-----------------------------------------
| rollout/                |             |
|    ep_len_mean          | 1e+03       |
|    ep_rew_mean          | -1          |
| time/                   |             |
|    fps                  | 646         |
|    iterations           | 226         |
|    time_elapsed         | 22          |
|    total_timesteps      | 14464       |
| train/                  |             |
|    approx_kl            | 0.017929055 |
|    clip_fraction        | 0.164       |
|    clip_range           | 0.2         |
|    entropy_loss         | -2.31       |
|    explained_variance   | -8.94       |
|    learning_rate        | 0.0003      |
|    loss                 | -0.0837     |
|    n_updates            | 2250        |
|    policy_gradient_loss | -0.0385     |
|    value_loss           | 1.38e-05    |
-----------------------------------------
-----------------------------------------
| rollout/                |             |
|    ep_len_mean          | 1e+03       |
|    ep_rew_mean          | -1          |
| time/                   |             |
|    fps                  | 646         |
|    iterations           | 227         |
|    time_elapsed         | 22          |
|    total_timesteps      | 14528       |
| train/                  |             |
|    approx_kl            | 0.023170128 |
|    clip_fraction        | 0.195       |
|    clip_range           | 0.2         |
|    entropy_loss         | -2.42       |
|    explained_variance   | -24.5       |
|    learning_rate        | 0.0003      |
|    loss                 | -0.112      |
|    n_updates            | 2260        |
|    policy_gradient_loss | -0.0482     |
|    value_loss           | 2.95e-05    |
-----------------------------------------
-----------------------------------------
| rollout/                |             |
|    ep_len_mean          | 1e+03       |
|    ep_rew_mean          | -1          |
| time/                   |             |
|    fps                  | 646         |
|    iterations           | 228         |
|    time_elapsed         | 22          |
|    total_timesteps      | 14592       |
| train/                  |             |
|    approx_kl            | 0.024072446 |
|    clip_fraction        | 0.191       |
|    clip_range           | 0.2         |
|    entropy_loss         | -2.47       |
|    explained_variance   | -88.4       |
|    learning_rate        | 0.0003      |
|    loss                 | -0.0702     |
|    n_updates            | 2270        |
|    policy_gradient_loss | -0.0441     |
|    value_loss           | 1.32e-05    |
-----------------------------------------
-----------------------------------------
| rollout/                |             |
|    ep_len_mean          | 1e+03       |
|    ep_rew_mean          | -1          |
| time/                   |             |
|    fps                  | 646         |
|    iterations           | 229         |
|    time_elapsed         | 22          |
|    total_timesteps      | 14656       |
| train/                  |             |
|    approx_kl            | 0.013210561 |
|    clip_fraction        | 0.247       |
|    clip_range           | 0.2         |
|    entropy_loss         | -2.37       |
|    explained_variance   | -56.5       |
|    learning_rate        | 0.0003      |
|    loss                 | -0.036      |
|    n_updates            | 2280        |
|    policy_gradient_loss | -0.0413     |
|    value_loss           | 2.11e-05    |
-----------------------------------------
-----------------------------------------
| rollout/                |             |
|    ep_len_mean          | 1e+03       |
|    ep_rew_mean          | -1          |
| time/                   |             |
|    fps                  | 646         |
|    iterations           | 230         |
|    time_elapsed         | 22          |
|    total_timesteps      | 14720       |
| train/                  |             |
|    approx_kl            | 0.028660122 |
|    clip_fraction        | 0.214       |
|    clip_range           | 0.2         |
|    entropy_loss         | -2.38       |
|    explained_variance   | -23.6       |
|    learning_rate        | 0.0003      |
|    loss                 | -0.102      |
|    n_updates            | 2290        |
|    policy_gradient_loss | -0.0442     |
|    value_loss           | 1.18e-05    |
-----------------------------------------
----------------------------------------
| rollout/                |            |
|    ep_len_mean          | 1e+03      |
|    ep_rew_mean          | -1         |
| time/                   |            |
|    fps                  | 647        |
|    iterations           | 231        |
|    time_elapsed         | 22         |
|    total_timesteps      | 14784      |
| train/                  |            |
|    approx_kl            | 0.01622695 |
|    clip_fraction        | 0.144      |
|    clip_range           | 0.2        |
|    entropy_loss         | -2.44      |
|    explained_variance   | -28.9      |
|    learning_rate        | 0.0003     |
|    loss                 | -0.093     |
|    n_updates            | 2300       |
|    policy_gradient_loss | -0.0335    |
|    value_loss           | 2.94e-05   |
----------------------------------------
----------------------------------------
| rollout/                |            |
|    ep_len_mean          | 1e+03      |
|    ep_rew_mean          | -1         |
| time/                   |            |
|    fps                  | 647        |
|    iterations           | 232        |
|    time_elapsed         | 22         |
|    total_timesteps      | 14848      |
| train/                  |            |
|    approx_kl            | 0.01567813 |
|    clip_fraction        | 0.131      |
|    clip_range           | 0.2        |
|    entropy_loss         | -2.38      |
|    explained_variance   | -5.04      |
|    learning_rate        | 0.0003     |
|    loss                 | -0.0705    |
|    n_updates            | 2310       |
|    policy_gradient_loss | -0.0369    |
|    value_loss           | 1.8e-05    |
----------------------------------------
-----------------------------------------
| rollout/                |             |
|    ep_len_mean          | 1e+03       |
|    ep_rew_mean          | -1          |
| time/                   |             |
|    fps                  | 647         |
|    iterations           | 233         |
|    time_elapsed         | 23          |
|    total_timesteps      | 14912       |
| train/                  |             |
|    approx_kl            | 0.025752231 |
|    clip_fraction        | 0.2         |
|    clip_range           | 0.2         |
|    entropy_loss         | -2.34       |
|    explained_variance   | -1.26       |
|    learning_rate        | 0.0003      |
|    loss                 | -0.101      |
|    n_updates            | 2320        |
|    policy_gradient_loss | -0.0487     |
|    value_loss           | 3.63e-05    |
-----------------------------------------
-----------------------------------------
| rollout/                |             |
|    ep_len_mean          | 1e+03       |
|    ep_rew_mean          | -1          |
| time/                   |             |
|    fps                  | 647         |
|    iterations           | 234         |
|    time_elapsed         | 23          |
|    total_timesteps      | 14976       |
| train/                  |             |
|    approx_kl            | 0.020998372 |
|    clip_fraction        | 0.17        |
|    clip_range           | 0.2         |
|    entropy_loss         | -2.31       |
|    explained_variance   | -59.3       |
|    learning_rate        | 0.0003      |
|    loss                 | -0.103      |
|    n_updates            | 2330        |
|    policy_gradient_loss | -0.0287     |
|    value_loss           | 7.06e-06    |
-----------------------------------------
-----------------------------------------
| rollout/                |             |
|    ep_len_mean          | 1e+03       |
|    ep_rew_mean          | -1          |
| time/                   |             |
|    fps                  | 647         |
|    iterations           | 235         |
|    time_elapsed         | 23          |
|    total_timesteps      | 15040       |
| train/                  |             |
|    approx_kl            | 0.020048741 |
|    clip_fraction        | 0.144       |
|    clip_range           | 0.2         |
|    entropy_loss         | -2.27       |
|    explained_variance   | -11.7       |
|    learning_rate        | 0.0003      |
|    loss                 | -0.12       |
|    n_updates            | 2340        |
|    policy_gradient_loss | -0.0334     |
|    value_loss           | 1.4e-05     |
-----------------------------------------
-----------------------------------------
| rollout/                |             |
|    ep_len_mean          | 1e+03       |
|    ep_rew_mean          | -1          |
| time/                   |             |
|    fps                  | 647         |
|    iterations           | 236         |
|    time_elapsed         | 23          |
|    total_timesteps      | 15104       |
| train/                  |             |
|    approx_kl            | 0.016842462 |
|    clip_fraction        | 0.205       |
|    clip_range           | 0.2         |
|    entropy_loss         | -2.21       |
|    explained_variance   | -0.0202     |
|    learning_rate        | 0.0003      |
|    loss                 | -0.0585     |
|    n_updates            | 2350        |
|    policy_gradient_loss | -0.0544     |
|    value_loss           | 0.000949    |
-----------------------------------------
-----------------------------------------
| rollout/                |             |
|    ep_len_mean          | 1e+03       |
|    ep_rew_mean          | -1          |
| time/                   |             |
|    fps                  | 647         |
|    iterations           | 237         |
|    time_elapsed         | 23          |
|    total_timesteps      | 15168       |
| train/                  |             |
|    approx_kl            | 0.014555473 |
|    clip_fraction        | 0.128       |
|    clip_range           | 0.2         |
|    entropy_loss         | -2.22       |
|    explained_variance   | -10.1       |
|    learning_rate        | 0.0003      |
|    loss                 | -0.0788     |
|    n_updates            | 2360        |
|    policy_gradient_loss | -0.0268     |
|    value_loss           | 0.000123    |
-----------------------------------------
-----------------------------------------
| rollout/                |             |
|    ep_len_mean          | 1e+03       |
|    ep_rew_mean          | -1          |
| time/                   |             |
|    fps                  | 647         |
|    iterations           | 238         |
|    time_elapsed         | 23          |
|    total_timesteps      | 15232       |
| train/                  |             |
|    approx_kl            | 0.020321716 |
|    clip_fraction        | 0.169       |
|    clip_range           | 0.2         |
|    entropy_loss         | -2.25       |
|    explained_variance   | -37         |
|    learning_rate        | 0.0003      |
|    loss                 | -0.0848     |
|    n_updates            | 2370        |
|    policy_gradient_loss | -0.0176     |
|    value_loss           | 2.04e-05    |
-----------------------------------------
-----------------------------------------
| rollout/                |             |
|    ep_len_mean          | 1e+03       |
|    ep_rew_mean          | -1          |
| time/                   |             |
|    fps                  | 647         |
|    iterations           | 239         |
|    time_elapsed         | 23          |
|    total_timesteps      | 15296       |
| train/                  |             |
|    approx_kl            | 0.027448364 |
|    clip_fraction        | 0.25        |
|    clip_range           | 0.2         |
|    entropy_loss         | -2.31       |
|    explained_variance   | -41.3       |
|    learning_rate        | 0.0003      |
|    loss                 | -0.0671     |
|    n_updates            | 2380        |
|    policy_gradient_loss | -0.0226     |
|    value_loss           | 3.37e-05    |
-----------------------------------------
-----------------------------------------
| rollout/                |             |
|    ep_len_mean          | 1e+03       |
|    ep_rew_mean          | -1          |
| time/                   |             |
|    fps                  | 647         |
|    iterations           | 240         |
|    time_elapsed         | 23          |
|    total_timesteps      | 15360       |
| train/                  |             |
|    approx_kl            | 0.021835033 |
|    clip_fraction        | 0.122       |
|    clip_range           | 0.2         |
|    entropy_loss         | -2.38       |
|    explained_variance   | -72.5       |
|    learning_rate        | 0.0003      |
|    loss                 | -0.0626     |
|    n_updates            | 2390        |
|    policy_gradient_loss | -0.0201     |
|    value_loss           | 1.31e-05    |
-----------------------------------------
-----------------------------------------
| rollout/                |             |
|    ep_len_mean          | 1e+03       |
|    ep_rew_mean          | -1          |
| time/                   |             |
|    fps                  | 647         |
|    iterations           | 241         |
|    time_elapsed         | 23          |
|    total_timesteps      | 15424       |
| train/                  |             |
|    approx_kl            | 0.019626856 |
|    clip_fraction        | 0.172       |
|    clip_range           | 0.2         |
|    entropy_loss         | -2.36       |
|    explained_variance   | -53.2       |
|    learning_rate        | 0.0003      |
|    loss                 | -0.115      |
|    n_updates            | 2400        |
|    policy_gradient_loss | -0.0371     |
|    value_loss           | 7.1e-06     |
-----------------------------------------
-----------------------------------------
| rollout/                |             |
|    ep_len_mean          | 1e+03       |
|    ep_rew_mean          | -1          |
| time/                   |             |
|    fps                  | 647         |
|    iterations           | 242         |
|    time_elapsed         | 23          |
|    total_timesteps      | 15488       |
| train/                  |             |
|    approx_kl            | 0.017553866 |
|    clip_fraction        | 0.212       |
|    clip_range           | 0.2         |
|    entropy_loss         | -2.38       |
|    explained_variance   | -22.8       |
|    learning_rate        | 0.0003      |
|    loss                 | -0.08       |
|    n_updates            | 2410        |
|    policy_gradient_loss | -0.0375     |
|    value_loss           | 1.07e-05    |
-----------------------------------------
-----------------------------------------
| rollout/                |             |
|    ep_len_mean          | 1e+03       |
|    ep_rew_mean          | -1          |
| time/                   |             |
|    fps                  | 647         |
|    iterations           | 243         |
|    time_elapsed         | 24          |
|    total_timesteps      | 15552       |
| train/                  |             |
|    approx_kl            | 0.022261197 |
|    clip_fraction        | 0.191       |
|    clip_range           | 0.2         |
|    entropy_loss         | -2.4        |
|    explained_variance   | -21.8       |
|    learning_rate        | 0.0003      |
|    loss                 | -0.0645     |
|    n_updates            | 2420        |
|    policy_gradient_loss | -0.042      |
|    value_loss           | 1.18e-05    |
-----------------------------------------
-----------------------------------------
| rollout/                |             |
|    ep_len_mean          | 1e+03       |
|    ep_rew_mean          | -1          |
| time/                   |             |
|    fps                  | 647         |
|    iterations           | 244         |
|    time_elapsed         | 24          |
|    total_timesteps      | 15616       |
| train/                  |             |
|    approx_kl            | 0.025265653 |
|    clip_fraction        | 0.275       |
|    clip_range           | 0.2         |
|    entropy_loss         | -2.45       |
|    explained_variance   | -6.81       |
|    learning_rate        | 0.0003      |
|    loss                 | -0.074      |
|    n_updates            | 2430        |
|    policy_gradient_loss | -0.0375     |
|    value_loss           | 8.26e-06    |
-----------------------------------------
-----------------------------------------
| rollout/                |             |
|    ep_len_mean          | 1e+03       |
|    ep_rew_mean          | -1          |
| time/                   |             |
|    fps                  | 647         |
|    iterations           | 245         |
|    time_elapsed         | 24          |
|    total_timesteps      | 15680       |
| train/                  |             |
|    approx_kl            | 0.027467877 |
|    clip_fraction        | 0.173       |
|    clip_range           | 0.2         |
|    entropy_loss         | -2.49       |
|    explained_variance   | -28.4       |
|    learning_rate        | 0.0003      |
|    loss                 | -0.14       |
|    n_updates            | 2440        |
|    policy_gradient_loss | -0.0454     |
|    value_loss           | 3.25e-06    |
-----------------------------------------
-----------------------------------------
| rollout/                |             |
|    ep_len_mean          | 1e+03       |
|    ep_rew_mean          | -1          |
| time/                   |             |
|    fps                  | 647         |
|    iterations           | 246         |
|    time_elapsed         | 24          |
|    total_timesteps      | 15744       |
| train/                  |             |
|    approx_kl            | 0.016131548 |
|    clip_fraction        | 0.161       |
|    clip_range           | 0.2         |
|    entropy_loss         | -2.48       |
|    explained_variance   | -59.8       |
|    learning_rate        | 0.0003      |
|    loss                 | -0.0569     |
|    n_updates            | 2450        |
|    policy_gradient_loss | -0.0243     |
|    value_loss           | 1.35e-05    |
-----------------------------------------
----------------------------------------
| rollout/                |            |
|    ep_len_mean          | 1e+03      |
|    ep_rew_mean          | -1         |
| time/                   |            |
|    fps                  | 647        |
|    iterations           | 247        |
|    time_elapsed         | 24         |
|    total_timesteps      | 15808      |
| train/                  |            |
|    approx_kl            | 0.02730578 |
|    clip_fraction        | 0.273      |
|    clip_range           | 0.2        |
|    entropy_loss         | -2.47      |
|    explained_variance   | -9.49      |
|    learning_rate        | 0.0003     |
|    loss                 | -0.105     |
|    n_updates            | 2460       |
|    policy_gradient_loss | -0.0412    |
|    value_loss           | 6.7e-06    |
----------------------------------------
----------------------------------------
| rollout/                |            |
|    ep_len_mean          | 1e+03      |
|    ep_rew_mean          | -1         |
| time/                   |            |
|    fps                  | 647        |
|    iterations           | 248        |
|    time_elapsed         | 24         |
|    total_timesteps      | 15872      |
| train/                  |            |
|    approx_kl            | 0.02030592 |
|    clip_fraction        | 0.178      |
|    clip_range           | 0.2        |
|    entropy_loss         | -2.39      |
|    explained_variance   | -134       |
|    learning_rate        | 0.0003     |
|    loss                 | -0.0731    |
|    n_updates            | 2470       |
|    policy_gradient_loss | -0.0346    |
|    value_loss           | 4.71e-06   |
----------------------------------------
-----------------------------------------
| rollout/                |             |
|    ep_len_mean          | 1e+03       |
|    ep_rew_mean          | -1          |
| time/                   |             |
|    fps                  | 647         |
|    iterations           | 249         |
|    time_elapsed         | 24          |
|    total_timesteps      | 15936       |
| train/                  |             |
|    approx_kl            | 0.018194579 |
|    clip_fraction        | 0.156       |
|    clip_range           | 0.2         |
|    entropy_loss         | -2.37       |
|    explained_variance   | -11.8       |
|    learning_rate        | 0.0003      |
|    loss                 | -0.0829     |
|    n_updates            | 2480        |
|    policy_gradient_loss | -0.0374     |
|    value_loss           | 8.13e-06    |
-----------------------------------------
-----------------------------------------
| rollout/                |             |
|    ep_len_mean          | 1e+03       |
|    ep_rew_mean          | -1          |
| time/                   |             |
|    fps                  | 647         |
|    iterations           | 250         |
|    time_elapsed         | 24          |
|    total_timesteps      | 16000       |
| train/                  |             |
|    approx_kl            | 0.016918188 |
|    clip_fraction        | 0.0859      |
|    clip_range           | 0.2         |
|    entropy_loss         | -2.43       |
|    explained_variance   | -57.2       |
|    learning_rate        | 0.0003      |
|    loss                 | -0.0572     |
|    n_updates            | 2490        |
|    policy_gradient_loss | -0.0331     |
|    value_loss           | 8.1e-06     |
-----------------------------------------
-----------------------------------------
| rollout/                |             |
|    ep_len_mean          | 1e+03       |
|    ep_rew_mean          | -1          |
| time/                   |             |
|    fps                  | 647         |
|    iterations           | 251         |
|    time_elapsed         | 24          |
|    total_timesteps      | 16064       |
| train/                  |             |
|    approx_kl            | 0.018133368 |
|    clip_fraction        | 0.231       |
|    clip_range           | 0.2         |
|    entropy_loss         | -2.57       |
|    explained_variance   | -0.0543     |
|    learning_rate        | 0.0003      |
|    loss                 | -0.077      |
|    n_updates            | 2500        |
|    policy_gradient_loss | -0.0402     |
|    value_loss           | 0.000732    |
-----------------------------------------
-----------------------------------------
| rollout/                |             |
|    ep_len_mean          | 1e+03       |
|    ep_rew_mean          | -1          |
| time/                   |             |
|    fps                  | 647         |
|    iterations           | 252         |
|    time_elapsed         | 24          |
|    total_timesteps      | 16128       |
| train/                  |             |
|    approx_kl            | 0.023443688 |
|    clip_fraction        | 0.277       |
|    clip_range           | 0.2         |
|    entropy_loss         | -2.53       |
|    explained_variance   | -52.4       |
|    learning_rate        | 0.0003      |
|    loss                 | -0.0851     |
|    n_updates            | 2510        |
|    policy_gradient_loss | -0.0506     |
|    value_loss           | 8.94e-05    |
-----------------------------------------
-----------------------------------------
| rollout/                |             |
|    ep_len_mean          | 1e+03       |
|    ep_rew_mean          | -1          |
| time/                   |             |
|    fps                  | 647         |
|    iterations           | 253         |
|    time_elapsed         | 25          |
|    total_timesteps      | 16192       |
| train/                  |             |
|    approx_kl            | 0.019368028 |
|    clip_fraction        | 0.181       |
|    clip_range           | 0.2         |
|    entropy_loss         | -2.51       |
|    explained_variance   | -8.44       |
|    learning_rate        | 0.0003      |
|    loss                 | -0.0725     |
|    n_updates            | 2520        |
|    policy_gradient_loss | -0.0312     |
|    value_loss           | 7.3e-05     |
-----------------------------------------
-----------------------------------------
| rollout/                |             |
|    ep_len_mean          | 1e+03       |
|    ep_rew_mean          | -1          |
| time/                   |             |
|    fps                  | 647         |
|    iterations           | 254         |
|    time_elapsed         | 25          |
|    total_timesteps      | 16256       |
| train/                  |             |
|    approx_kl            | 0.028950946 |
|    clip_fraction        | 0.225       |
|    clip_range           | 0.2         |
|    entropy_loss         | -2.6        |
|    explained_variance   | -61.4       |
|    learning_rate        | 0.0003      |
|    loss                 | -0.099      |
|    n_updates            | 2530        |
|    policy_gradient_loss | -0.0493     |
|    value_loss           | 2.28e-05    |
-----------------------------------------
----------------------------------------
| rollout/                |            |
|    ep_len_mean          | 1e+03      |
|    ep_rew_mean          | -1         |
| time/                   |            |
|    fps                  | 647        |
|    iterations           | 255        |
|    time_elapsed         | 25         |
|    total_timesteps      | 16320      |
| train/                  |            |
|    approx_kl            | 0.02172188 |
|    clip_fraction        | 0.152      |
|    clip_range           | 0.2        |
|    entropy_loss         | -2.67      |
|    explained_variance   | -2.79      |
|    learning_rate        | 0.0003     |
|    loss                 | -0.0855    |
|    n_updates            | 2540       |
|    policy_gradient_loss | -0.034     |
|    value_loss           | 1.11e-05   |
----------------------------------------
----------------------------------------
| rollout/                |            |
|    ep_len_mean          | 1e+03      |
|    ep_rew_mean          | -1         |
| time/                   |            |
|    fps                  | 647        |
|    iterations           | 256        |
|    time_elapsed         | 25         |
|    total_timesteps      | 16384      |
| train/                  |            |
|    approx_kl            | 0.01920613 |
|    clip_fraction        | 0.161      |
|    clip_range           | 0.2        |
|    entropy_loss         | -2.65      |
|    explained_variance   | -22.3      |
|    learning_rate        | 0.0003     |
|    loss                 | -0.0636    |
|    n_updates            | 2550       |
|    policy_gradient_loss | -0.0439    |
|    value_loss           | 1.3e-05    |
----------------------------------------
-----------------------------------------
| rollout/                |             |
|    ep_len_mean          | 1e+03       |
|    ep_rew_mean          | -1          |
| time/                   |             |
|    fps                  | 647         |
|    iterations           | 257         |
|    time_elapsed         | 25          |
|    total_timesteps      | 16448       |
| train/                  |             |
|    approx_kl            | 0.020738345 |
|    clip_fraction        | 0.208       |
|    clip_range           | 0.2         |
|    entropy_loss         | -2.59       |
|    explained_variance   | -37.2       |
|    learning_rate        | 0.0003      |
|    loss                 | -0.104      |
|    n_updates            | 2560        |
|    policy_gradient_loss | -0.0452     |
|    value_loss           | 1.06e-05    |
-----------------------------------------
----------------------------------------
| rollout/                |            |
|    ep_len_mean          | 1e+03      |
|    ep_rew_mean          | -1         |
| time/                   |            |
|    fps                  | 648        |
|    iterations           | 258        |
|    time_elapsed         | 25         |
|    total_timesteps      | 16512      |
| train/                  |            |
|    approx_kl            | 0.02386419 |
|    clip_fraction        | 0.131      |
|    clip_range           | 0.2        |
|    entropy_loss         | -2.53      |
|    explained_variance   | -3.24      |
|    learning_rate        | 0.0003     |
|    loss                 | -0.0791    |
|    n_updates            | 2570       |
|    policy_gradient_loss | -0.0322    |
|    value_loss           | 1.23e-05   |
----------------------------------------
-----------------------------------------
| rollout/                |             |
|    ep_len_mean          | 1e+03       |
|    ep_rew_mean          | -1          |
| time/                   |             |
|    fps                  | 648         |
|    iterations           | 259         |
|    time_elapsed         | 25          |
|    total_timesteps      | 16576       |
| train/                  |             |
|    approx_kl            | 0.024169195 |
|    clip_fraction        | 0.247       |
|    clip_range           | 0.2         |
|    entropy_loss         | -2.56       |
|    explained_variance   | -30.3       |
|    learning_rate        | 0.0003      |
|    loss                 | -0.125      |
|    n_updates            | 2580        |
|    policy_gradient_loss | -0.0501     |
|    value_loss           | 1.25e-05    |
-----------------------------------------
-----------------------------------------
| rollout/                |             |
|    ep_len_mean          | 1e+03       |
|    ep_rew_mean          | -1          |
| time/                   |             |
|    fps                  | 648         |
|    iterations           | 260         |
|    time_elapsed         | 25          |
|    total_timesteps      | 16640       |
| train/                  |             |
|    approx_kl            | 0.030883405 |
|    clip_fraction        | 0.158       |
|    clip_range           | 0.2         |
|    entropy_loss         | -2.5        |
|    explained_variance   | -18.7       |
|    learning_rate        | 0.0003      |
|    loss                 | 0.0245      |
|    n_updates            | 2590        |
|    policy_gradient_loss | -0.0311     |
|    value_loss           | 1.59e-05    |
-----------------------------------------
-----------------------------------------
| rollout/                |             |
|    ep_len_mean          | 1e+03       |
|    ep_rew_mean          | -1          |
| time/                   |             |
|    fps                  | 648         |
|    iterations           | 261         |
|    time_elapsed         | 25          |
|    total_timesteps      | 16704       |
| train/                  |             |
|    approx_kl            | 0.029208953 |
|    clip_fraction        | 0.227       |
|    clip_range           | 0.2         |
|    entropy_loss         | -2.56       |
|    explained_variance   | -53.8       |
|    learning_rate        | 0.0003      |
|    loss                 | -0.0757     |
|    n_updates            | 2600        |
|    policy_gradient_loss | -0.0551     |
|    value_loss           | 1.14e-05    |
-----------------------------------------
-----------------------------------------
| rollout/                |             |
|    ep_len_mean          | 1e+03       |
|    ep_rew_mean          | -1          |
| time/                   |             |
|    fps                  | 648         |
|    iterations           | 262         |
|    time_elapsed         | 25          |
|    total_timesteps      | 16768       |
| train/                  |             |
|    approx_kl            | 0.024903242 |
|    clip_fraction        | 0.258       |
|    clip_range           | 0.2         |
|    entropy_loss         | -2.65       |
|    explained_variance   | -7.48       |
|    learning_rate        | 0.0003      |
|    loss                 | -0.123      |
|    n_updates            | 2610        |
|    policy_gradient_loss | -0.0533     |
|    value_loss           | 8.54e-06    |
-----------------------------------------
-----------------------------------------
| rollout/                |             |
|    ep_len_mean          | 1e+03       |
|    ep_rew_mean          | -1          |
| time/                   |             |
|    fps                  | 648         |
|    iterations           | 263         |
|    time_elapsed         | 25          |
|    total_timesteps      | 16832       |
| train/                  |             |
|    approx_kl            | 0.021870997 |
|    clip_fraction        | 0.147       |
|    clip_range           | 0.2         |
|    entropy_loss         | -2.56       |
|    explained_variance   | -72.3       |
|    learning_rate        | 0.0003      |
|    loss                 | -0.0754     |
|    n_updates            | 2620        |
|    policy_gradient_loss | -0.0236     |
|    value_loss           | 1.97e-05    |
-----------------------------------------
-----------------------------------------
| rollout/                |             |
|    ep_len_mean          | 1e+03       |
|    ep_rew_mean          | -1          |
| time/                   |             |
|    fps                  | 648         |
|    iterations           | 264         |
|    time_elapsed         | 26          |
|    total_timesteps      | 16896       |
| train/                  |             |
|    approx_kl            | 0.017618518 |
|    clip_fraction        | 0.1         |
|    clip_range           | 0.2         |
|    entropy_loss         | -2.6        |
|    explained_variance   | -39.2       |
|    learning_rate        | 0.0003      |
|    loss                 | -0.103      |
|    n_updates            | 2630        |
|    policy_gradient_loss | -0.0306     |
|    value_loss           | 2.61e-05    |
-----------------------------------------
-----------------------------------------
| rollout/                |             |
|    ep_len_mean          | 1e+03       |
|    ep_rew_mean          | -1          |
| time/                   |             |
|    fps                  | 648         |
|    iterations           | 265         |
|    time_elapsed         | 26          |
|    total_timesteps      | 16960       |
| train/                  |             |
|    approx_kl            | 0.019331235 |
|    clip_fraction        | 0.17        |
|    clip_range           | 0.2         |
|    entropy_loss         | -2.6        |
|    explained_variance   | -29.2       |
|    learning_rate        | 0.0003      |
|    loss                 | -0.0416     |
|    n_updates            | 2640        |
|    policy_gradient_loss | -0.0338     |
|    value_loss           | 9.32e-06    |
-----------------------------------------
-----------------------------------------
| rollout/                |             |
|    ep_len_mean          | 1e+03       |
|    ep_rew_mean          | -1          |
| time/                   |             |
|    fps                  | 648         |
|    iterations           | 266         |
|    time_elapsed         | 26          |
|    total_timesteps      | 17024       |
| train/                  |             |
|    approx_kl            | 0.018676255 |
|    clip_fraction        | 0.189       |
|    clip_range           | 0.2         |
|    entropy_loss         | -2.66       |
|    explained_variance   | -49         |
|    learning_rate        | 0.0003      |
|    loss                 | -0.116      |
|    n_updates            | 2650        |
|    policy_gradient_loss | -0.0428     |
|    value_loss           | 2.82e-06    |
-----------------------------------------
-----------------------------------------
| rollout/                |             |
|    ep_len_mean          | 1e+03       |
|    ep_rew_mean          | -1          |
| time/                   |             |
|    fps                  | 648         |
|    iterations           | 267         |
|    time_elapsed         | 26          |
|    total_timesteps      | 17088       |
| train/                  |             |
|    approx_kl            | 0.015723132 |
|    clip_fraction        | 0.15        |
|    clip_range           | 0.2         |
|    entropy_loss         | -2.65       |
|    explained_variance   | 0.0258      |
|    learning_rate        | 0.0003      |
|    loss                 | -0.117      |
|    n_updates            | 2660        |
|    policy_gradient_loss | -0.0343     |
|    value_loss           | 0.000729    |
-----------------------------------------
----------------------------------------
| rollout/                |            |
|    ep_len_mean          | 1e+03      |
|    ep_rew_mean          | -1         |
| time/                   |            |
|    fps                  | 648        |
|    iterations           | 268        |
|    time_elapsed         | 26         |
|    total_timesteps      | 17152      |
| train/                  |            |
|    approx_kl            | 0.02667964 |
|    clip_fraction        | 0.22       |
|    clip_range           | 0.2        |
|    entropy_loss         | -2.7       |
|    explained_variance   | -4.96      |
|    learning_rate        | 0.0003     |
|    loss                 | -0.0757    |
|    n_updates            | 2670       |
|    policy_gradient_loss | -0.0465    |
|    value_loss           | 0.000112   |
----------------------------------------
-----------------------------------------
| rollout/                |             |
|    ep_len_mean          | 1e+03       |
|    ep_rew_mean          | -1          |
| time/                   |             |
|    fps                  | 648         |
|    iterations           | 269         |
|    time_elapsed         | 26          |
|    total_timesteps      | 17216       |
| train/                  |             |
|    approx_kl            | 0.020803303 |
|    clip_fraction        | 0.122       |
|    clip_range           | 0.2         |
|    entropy_loss         | -2.67       |
|    explained_variance   | -10.2       |
|    learning_rate        | 0.0003      |
|    loss                 | -0.0803     |
|    n_updates            | 2680        |
|    policy_gradient_loss | -0.0356     |
|    value_loss           | 4.69e-05    |
-----------------------------------------
-----------------------------------------
| rollout/                |             |
|    ep_len_mean          | 1e+03       |
|    ep_rew_mean          | -1          |
| time/                   |             |
|    fps                  | 648         |
|    iterations           | 270         |
|    time_elapsed         | 26          |
|    total_timesteps      | 17280       |
| train/                  |             |
|    approx_kl            | 0.020750469 |
|    clip_fraction        | 0.214       |
|    clip_range           | 0.2         |
|    entropy_loss         | -2.83       |
|    explained_variance   | -6.98       |
|    learning_rate        | 0.0003      |
|    loss                 | -0.063      |
|    n_updates            | 2690        |
|    policy_gradient_loss | -0.0391     |
|    value_loss           | 1.44e-05    |
-----------------------------------------
-----------------------------------------
| rollout/                |             |
|    ep_len_mean          | 1e+03       |
|    ep_rew_mean          | -1          |
| time/                   |             |
|    fps                  | 648         |
|    iterations           | 271         |
|    time_elapsed         | 26          |
|    total_timesteps      | 17344       |
| train/                  |             |
|    approx_kl            | 0.017331898 |
|    clip_fraction        | 0.131       |
|    clip_range           | 0.2         |
|    entropy_loss         | -2.87       |
|    explained_variance   | -222        |
|    learning_rate        | 0.0003      |
|    loss                 | -0.0734     |
|    n_updates            | 2700        |
|    policy_gradient_loss | -0.0451     |
|    value_loss           | 1.25e-05    |
-----------------------------------------
-----------------------------------------
| rollout/                |             |
|    ep_len_mean          | 1e+03       |
|    ep_rew_mean          | -1          |
| time/                   |             |
|    fps                  | 648         |
|    iterations           | 272         |
|    time_elapsed         | 26          |
|    total_timesteps      | 17408       |
| train/                  |             |
|    approx_kl            | 0.018828135 |
|    clip_fraction        | 0.163       |
|    clip_range           | 0.2         |
|    entropy_loss         | -2.83       |
|    explained_variance   | -16.7       |
|    learning_rate        | 0.0003      |
|    loss                 | -0.0786     |
|    n_updates            | 2710        |
|    policy_gradient_loss | -0.0433     |
|    value_loss           | 1.1e-05     |
-----------------------------------------
-----------------------------------------
| rollout/                |             |
|    ep_len_mean          | 1e+03       |
|    ep_rew_mean          | -1          |
| time/                   |             |
|    fps                  | 648         |
|    iterations           | 273         |
|    time_elapsed         | 26          |
|    total_timesteps      | 17472       |
| train/                  |             |
|    approx_kl            | 0.018477421 |
|    clip_fraction        | 0.134       |
|    clip_range           | 0.2         |
|    entropy_loss         | -2.84       |
|    explained_variance   | -61         |
|    learning_rate        | 0.0003      |
|    loss                 | -0.0611     |
|    n_updates            | 2720        |
|    policy_gradient_loss | -0.0381     |
|    value_loss           | 1.15e-05    |
-----------------------------------------
-----------------------------------------
| rollout/                |             |
|    ep_len_mean          | 1e+03       |
|    ep_rew_mean          | -1          |
| time/                   |             |
|    fps                  | 648         |
|    iterations           | 274         |
|    time_elapsed         | 27          |
|    total_timesteps      | 17536       |
| train/                  |             |
|    approx_kl            | 0.019684494 |
|    clip_fraction        | 0.244       |
|    clip_range           | 0.2         |
|    entropy_loss         | -2.69       |
|    explained_variance   | -1.13       |
|    learning_rate        | 0.0003      |
|    loss                 | -0.111      |
|    n_updates            | 2730        |
|    policy_gradient_loss | -0.0448     |
|    value_loss           | 2.86e-05    |
-----------------------------------------
-----------------------------------------
| rollout/                |             |
|    ep_len_mean          | 1e+03       |
|    ep_rew_mean          | -1          |
| time/                   |             |
|    fps                  | 648         |
|    iterations           | 275         |
|    time_elapsed         | 27          |
|    total_timesteps      | 17600       |
| train/                  |             |
|    approx_kl            | 0.019890085 |
|    clip_fraction        | 0.128       |
|    clip_range           | 0.2         |
|    entropy_loss         | -2.73       |
|    explained_variance   | -19.3       |
|    learning_rate        | 0.0003      |
|    loss                 | -0.0626     |
|    n_updates            | 2740        |
|    policy_gradient_loss | -0.0469     |
|    value_loss           | 9.71e-06    |
-----------------------------------------
-----------------------------------------
| rollout/                |             |
|    ep_len_mean          | 1e+03       |
|    ep_rew_mean          | -1          |
| time/                   |             |
|    fps                  | 648         |
|    iterations           | 276         |
|    time_elapsed         | 27          |
|    total_timesteps      | 17664       |
| train/                  |             |
|    approx_kl            | 0.017358901 |
|    clip_fraction        | 0.169       |
|    clip_range           | 0.2         |
|    entropy_loss         | -2.61       |
|    explained_variance   | -26.1       |
|    learning_rate        | 0.0003      |
|    loss                 | -0.102      |
|    n_updates            | 2750        |
|    policy_gradient_loss | -0.035      |
|    value_loss           | 1.29e-05    |
-----------------------------------------
----------------------------------------
| rollout/                |            |
|    ep_len_mean          | 1e+03      |
|    ep_rew_mean          | -1         |
| time/                   |            |
|    fps                  | 648        |
|    iterations           | 277        |
|    time_elapsed         | 27         |
|    total_timesteps      | 17728      |
| train/                  |            |
|    approx_kl            | 0.01691601 |
|    clip_fraction        | 0.194      |
|    clip_range           | 0.2        |
|    entropy_loss         | -2.52      |
|    explained_variance   | -17.1      |
|    learning_rate        | 0.0003     |
|    loss                 | -0.0557    |
|    n_updates            | 2760       |
|    policy_gradient_loss | -0.0401    |
|    value_loss           | 4.19e-06   |
----------------------------------------
-----------------------------------------
| rollout/                |             |
|    ep_len_mean          | 1e+03       |
|    ep_rew_mean          | -1          |
| time/                   |             |
|    fps                  | 648         |
|    iterations           | 278         |
|    time_elapsed         | 27          |
|    total_timesteps      | 17792       |
| train/                  |             |
|    approx_kl            | 0.017224524 |
|    clip_fraction        | 0.139       |
|    clip_range           | 0.2         |
|    entropy_loss         | -2.39       |
|    explained_variance   | -14.7       |
|    learning_rate        | 0.0003      |
|    loss                 | -0.111      |
|    n_updates            | 2770        |
|    policy_gradient_loss | -0.0356     |
|    value_loss           | 1.45e-05    |
-----------------------------------------
----------------------------------------
| rollout/                |            |
|    ep_len_mean          | 1e+03      |
|    ep_rew_mean          | -1         |
| time/                   |            |
|    fps                  | 648        |
|    iterations           | 279        |
|    time_elapsed         | 27         |
|    total_timesteps      | 17856      |
| train/                  |            |
|    approx_kl            | 0.03359343 |
|    clip_fraction        | 0.259      |
|    clip_range           | 0.2        |
|    entropy_loss         | -2.35      |
|    explained_variance   | -4.27      |
|    learning_rate        | 0.0003     |
|    loss                 | -0.131     |
|    n_updates            | 2780       |
|    policy_gradient_loss | -0.056     |
|    value_loss           | 1.4e-06    |
----------------------------------------
----------------------------------------
| rollout/                |            |
|    ep_len_mean          | 1e+03      |
|    ep_rew_mean          | -1         |
| time/                   |            |
|    fps                  | 648        |
|    iterations           | 280        |
|    time_elapsed         | 27         |
|    total_timesteps      | 17920      |
| train/                  |            |
|    approx_kl            | 0.02142786 |
|    clip_fraction        | 0.138      |
|    clip_range           | 0.2        |
|    entropy_loss         | -2.3       |
|    explained_variance   | -29.5      |
|    learning_rate        | 0.0003     |
|    loss                 | -0.068     |
|    n_updates            | 2790       |
|    policy_gradient_loss | -0.0351    |
|    value_loss           | 3.64e-06   |
----------------------------------------
-----------------------------------------
| rollout/                |             |
|    ep_len_mean          | 1e+03       |
|    ep_rew_mean          | -1          |
| time/                   |             |
|    fps                  | 648         |
|    iterations           | 281         |
|    time_elapsed         | 27          |
|    total_timesteps      | 17984       |
| train/                  |             |
|    approx_kl            | 0.023745114 |
|    clip_fraction        | 0.183       |
|    clip_range           | 0.2         |
|    entropy_loss         | -2.23       |
|    explained_variance   | -19.5       |
|    learning_rate        | 0.0003      |
|    loss                 | -0.108      |
|    n_updates            | 2800        |
|    policy_gradient_loss | -0.0339     |
|    value_loss           | 1.51e-06    |
-----------------------------------------
-----------------------------------------
| rollout/                |             |
|    ep_len_mean          | 1e+03       |
|    ep_rew_mean          | -1          |
| time/                   |             |
|    fps                  | 648         |
|    iterations           | 282         |
|    time_elapsed         | 27          |
|    total_timesteps      | 18048       |
| train/                  |             |
|    approx_kl            | 0.022164991 |
|    clip_fraction        | 0.17        |
|    clip_range           | 0.2         |
|    entropy_loss         | -2.39       |
|    explained_variance   | -12.1       |
|    learning_rate        | 0.0003      |
|    loss                 | -0.0819     |
|    n_updates            | 2810        |
|    policy_gradient_loss | -0.0335     |
|    value_loss           | 5.86e-07    |
-----------------------------------------
-----------------------------------------
| rollout/                |             |
|    ep_len_mean          | 1e+03       |
|    ep_rew_mean          | -1          |
| time/                   |             |
|    fps                  | 648         |
|    iterations           | 283         |
|    time_elapsed         | 27          |
|    total_timesteps      | 18112       |
| train/                  |             |
|    approx_kl            | 0.020481955 |
|    clip_fraction        | 0.206       |
|    clip_range           | 0.2         |
|    entropy_loss         | -2.35       |
|    explained_variance   | -0.0067     |
|    learning_rate        | 0.0003      |
|    loss                 | -0.0761     |
|    n_updates            | 2820        |
|    policy_gradient_loss | -0.0269     |
|    value_loss           | 0.000908    |
-----------------------------------------
-----------------------------------------
| rollout/                |             |
|    ep_len_mean          | 1e+03       |
|    ep_rew_mean          | -1          |
| time/                   |             |
|    fps                  | 648         |
|    iterations           | 284         |
|    time_elapsed         | 28          |
|    total_timesteps      | 18176       |
| train/                  |             |
|    approx_kl            | 0.014780193 |
|    clip_fraction        | 0.141       |
|    clip_range           | 0.2         |
|    entropy_loss         | -2.44       |
|    explained_variance   | -27.3       |
|    learning_rate        | 0.0003      |
|    loss                 | -0.0865     |
|    n_updates            | 2830        |
|    policy_gradient_loss | -0.0345     |
|    value_loss           | 2.82e-05    |
-----------------------------------------
-----------------------------------------
| rollout/                |             |
|    ep_len_mean          | 1e+03       |
|    ep_rew_mean          | -1          |
| time/                   |             |
|    fps                  | 648         |
|    iterations           | 285         |
|    time_elapsed         | 28          |
|    total_timesteps      | 18240       |
| train/                  |             |
|    approx_kl            | 0.017905077 |
|    clip_fraction        | 0.128       |
|    clip_range           | 0.2         |
|    entropy_loss         | -2.52       |
|    explained_variance   | -5.91       |
|    learning_rate        | 0.0003      |
|    loss                 | -0.0288     |
|    n_updates            | 2840        |
|    policy_gradient_loss | -0.0293     |
|    value_loss           | 2.88e-06    |
-----------------------------------------
-----------------------------------------
| rollout/                |             |
|    ep_len_mean          | 1e+03       |
|    ep_rew_mean          | -1          |
| time/                   |             |
|    fps                  | 648         |
|    iterations           | 286         |
|    time_elapsed         | 28          |
|    total_timesteps      | 18304       |
| train/                  |             |
|    approx_kl            | 0.026946424 |
|    clip_fraction        | 0.417       |
|    clip_range           | 0.2         |
|    entropy_loss         | -2.7        |
|    explained_variance   | -1.18       |
|    learning_rate        | 0.0003      |
|    loss                 | -0.0948     |
|    n_updates            | 2850        |
|    policy_gradient_loss | -0.0689     |
|    value_loss           | 4.06e-06    |
-----------------------------------------
-----------------------------------------
| rollout/                |             |
|    ep_len_mean          | 1e+03       |
|    ep_rew_mean          | -1          |
| time/                   |             |
|    fps                  | 648         |
|    iterations           | 287         |
|    time_elapsed         | 28          |
|    total_timesteps      | 18368       |
| train/                  |             |
|    approx_kl            | 0.021327283 |
|    clip_fraction        | 0.278       |
|    clip_range           | 0.2         |
|    entropy_loss         | -2.75       |
|    explained_variance   | -13.3       |
|    learning_rate        | 0.0003      |
|    loss                 | -0.156      |
|    n_updates            | 2860        |
|    policy_gradient_loss | -0.0426     |
|    value_loss           | 4.14e-06    |
-----------------------------------------
----------------------------------------
| rollout/                |            |
|    ep_len_mean          | 1e+03      |
|    ep_rew_mean          | -1         |
| time/                   |            |
|    fps                  | 648        |
|    iterations           | 288        |
|    time_elapsed         | 28         |
|    total_timesteps      | 18432      |
| train/                  |            |
|    approx_kl            | 0.03074741 |
|    clip_fraction        | 0.234      |
|    clip_range           | 0.2        |
|    entropy_loss         | -2.82      |
|    explained_variance   | -49.5      |
|    learning_rate        | 0.0003     |
|    loss                 | -0.0828    |
|    n_updates            | 2870       |
|    policy_gradient_loss | -0.0467    |
|    value_loss           | 1.89e-06   |
----------------------------------------
-----------------------------------------
| rollout/                |             |
|    ep_len_mean          | 1e+03       |
|    ep_rew_mean          | -1          |
| time/                   |             |
|    fps                  | 648         |
|    iterations           | 289         |
|    time_elapsed         | 28          |
|    total_timesteps      | 18496       |
| train/                  |             |
|    approx_kl            | 0.021617014 |
|    clip_fraction        | 0.169       |
|    clip_range           | 0.2         |
|    entropy_loss         | -2.84       |
|    explained_variance   | -74.9       |
|    learning_rate        | 0.0003      |
|    loss                 | -0.0992     |
|    n_updates            | 2880        |
|    policy_gradient_loss | -0.0359     |
|    value_loss           | 7.71e-06    |
-----------------------------------------
----------------------------------------
| rollout/                |            |
|    ep_len_mean          | 1e+03      |
|    ep_rew_mean          | -1         |
| time/                   |            |
|    fps                  | 648        |
|    iterations           | 290        |
|    time_elapsed         | 28         |
|    total_timesteps      | 18560      |
| train/                  |            |
|    approx_kl            | 0.03970694 |
|    clip_fraction        | 0.317      |
|    clip_range           | 0.2        |
|    entropy_loss         | -2.87      |
|    explained_variance   | -35.7      |
|    learning_rate        | 0.0003     |
|    loss                 | -0.115     |
|    n_updates            | 2890       |
|    policy_gradient_loss | -0.0504    |
|    value_loss           | 4.5e-06    |
----------------------------------------
-----------------------------------------
| rollout/                |             |
|    ep_len_mean          | 1e+03       |
|    ep_rew_mean          | -1          |
| time/                   |             |
|    fps                  | 648         |
|    iterations           | 291         |
|    time_elapsed         | 28          |
|    total_timesteps      | 18624       |
| train/                  |             |
|    approx_kl            | 0.030507945 |
|    clip_fraction        | 0.264       |
|    clip_range           | 0.2         |
|    entropy_loss         | -2.91       |
|    explained_variance   | -22.1       |
|    learning_rate        | 0.0003      |
|    loss                 | -0.101      |
|    n_updates            | 2900        |
|    policy_gradient_loss | -0.0428     |
|    value_loss           | 2.54e-06    |
-----------------------------------------
-----------------------------------------
| rollout/                |             |
|    ep_len_mean          | 1e+03       |
|    ep_rew_mean          | -1          |
| time/                   |             |
|    fps                  | 648         |
|    iterations           | 292         |
|    time_elapsed         | 28          |
|    total_timesteps      | 18688       |
| train/                  |             |
|    approx_kl            | 0.027391396 |
|    clip_fraction        | 0.242       |
|    clip_range           | 0.2         |
|    entropy_loss         | -2.92       |
|    explained_variance   | -6.82       |
|    learning_rate        | 0.0003      |
|    loss                 | -0.121      |
|    n_updates            | 2910        |
|    policy_gradient_loss | -0.0472     |
|    value_loss           | 6.09e-06    |
-----------------------------------------
----------------------------------------
| rollout/                |            |
|    ep_len_mean          | 1e+03      |
|    ep_rew_mean          | -1         |
| time/                   |            |
|    fps                  | 648        |
|    iterations           | 293        |
|    time_elapsed         | 28         |
|    total_timesteps      | 18752      |
| train/                  |            |
|    approx_kl            | 0.01629084 |
|    clip_fraction        | 0.184      |
|    clip_range           | 0.2        |
|    entropy_loss         | -2.89      |
|    explained_variance   | -7.49      |
|    learning_rate        | 0.0003     |
|    loss                 | -0.0713    |
|    n_updates            | 2920       |
|    policy_gradient_loss | -0.0449    |
|    value_loss           | 3.07e-06   |
----------------------------------------
----------------------------------------
| rollout/                |            |
|    ep_len_mean          | 1e+03      |
|    ep_rew_mean          | -1         |
| time/                   |            |
|    fps                  | 648        |
|    iterations           | 294        |
|    time_elapsed         | 29         |
|    total_timesteps      | 18816      |
| train/                  |            |
|    approx_kl            | 0.01915012 |
|    clip_fraction        | 0.148      |
|    clip_range           | 0.2        |
|    entropy_loss         | -2.92      |
|    explained_variance   | -16.1      |
|    learning_rate        | 0.0003     |
|    loss                 | -0.13      |
|    n_updates            | 2930       |
|    policy_gradient_loss | -0.0449    |
|    value_loss           | 2.7e-06    |
----------------------------------------
-----------------------------------------
| rollout/                |             |
|    ep_len_mean          | 1e+03       |
|    ep_rew_mean          | -1          |
| time/                   |             |
|    fps                  | 648         |
|    iterations           | 295         |
|    time_elapsed         | 29          |
|    total_timesteps      | 18880       |
| train/                  |             |
|    approx_kl            | 0.024579428 |
|    clip_fraction        | 0.284       |
|    clip_range           | 0.2         |
|    entropy_loss         | -2.79       |
|    explained_variance   | -11.3       |
|    learning_rate        | 0.0003      |
|    loss                 | -0.126      |
|    n_updates            | 2940        |
|    policy_gradient_loss | -0.0644     |
|    value_loss           | 1.94e-05    |
-----------------------------------------
-----------------------------------------
| rollout/                |             |
|    ep_len_mean          | 1e+03       |
|    ep_rew_mean          | -1          |
| time/                   |             |
|    fps                  | 648         |
|    iterations           | 296         |
|    time_elapsed         | 29          |
|    total_timesteps      | 18944       |
| train/                  |             |
|    approx_kl            | 0.027596658 |
|    clip_fraction        | 0.189       |
|    clip_range           | 0.2         |
|    entropy_loss         | -2.8        |
|    explained_variance   | -57.3       |
|    learning_rate        | 0.0003      |
|    loss                 | -0.104      |
|    n_updates            | 2950        |
|    policy_gradient_loss | -0.0475     |
|    value_loss           | 2e-05       |
-----------------------------------------
----------------------------------------
| rollout/                |            |
|    ep_len_mean          | 1e+03      |
|    ep_rew_mean          | -1         |
| time/                   |            |
|    fps                  | 648        |
|    iterations           | 297        |
|    time_elapsed         | 29         |
|    total_timesteps      | 19008      |
| train/                  |            |
|    approx_kl            | 0.02571768 |
|    clip_fraction        | 0.269      |
|    clip_range           | 0.2        |
|    entropy_loss         | -2.77      |
|    explained_variance   | -11.6      |
|    learning_rate        | 0.0003     |
|    loss                 | -0.131     |
|    n_updates            | 2960       |
|    policy_gradient_loss | -0.061     |
|    value_loss           | 1e-05      |
----------------------------------------
-----------------------------------------
| rollout/                |             |
|    ep_len_mean          | 1e+03       |
|    ep_rew_mean          | -1          |
| time/                   |             |
|    fps                  | 648         |
|    iterations           | 298         |
|    time_elapsed         | 29          |
|    total_timesteps      | 19072       |
| train/                  |             |
|    approx_kl            | 0.022877026 |
|    clip_fraction        | 0.141       |
|    clip_range           | 0.2         |
|    entropy_loss         | -2.75       |
|    explained_variance   | -0.0116     |
|    learning_rate        | 0.0003      |
|    loss                 | -0.125      |
|    n_updates            | 2970        |
|    policy_gradient_loss | -0.0524     |
|    value_loss           | 0.000734    |
-----------------------------------------
-----------------------------------------
| rollout/                |             |
|    ep_len_mean          | 1e+03       |
|    ep_rew_mean          | -1          |
| time/                   |             |
|    fps                  | 648         |
|    iterations           | 299         |
|    time_elapsed         | 29          |
|    total_timesteps      | 19136       |
| train/                  |             |
|    approx_kl            | 0.039433897 |
|    clip_fraction        | 0.322       |
|    clip_range           | 0.2         |
|    entropy_loss         | -2.71       |
|    explained_variance   | -7.8        |
|    learning_rate        | 0.0003      |
|    loss                 | -0.16       |
|    n_updates            | 2980        |
|    policy_gradient_loss | -0.0649     |
|    value_loss           | 0.000242    |
-----------------------------------------
-----------------------------------------
| rollout/                |             |
|    ep_len_mean          | 1e+03       |
|    ep_rew_mean          | -1          |
| time/                   |             |
|    fps                  | 648         |
|    iterations           | 300         |
|    time_elapsed         | 29          |
|    total_timesteps      | 19200       |
| train/                  |             |
|    approx_kl            | 0.020814389 |
|    clip_fraction        | 0.184       |
|    clip_range           | 0.2         |
|    entropy_loss         | -2.83       |
|    explained_variance   | -6.66       |
|    learning_rate        | 0.0003      |
|    loss                 | -0.0546     |
|    n_updates            | 2990        |
|    policy_gradient_loss | -0.0427     |
|    value_loss           | 2.46e-05    |
-----------------------------------------
-----------------------------------------
| rollout/                |             |
|    ep_len_mean          | 1e+03       |
|    ep_rew_mean          | -1          |
| time/                   |             |
|    fps                  | 648         |
|    iterations           | 301         |
|    time_elapsed         | 29          |
|    total_timesteps      | 19264       |
| train/                  |             |
|    approx_kl            | 0.016510129 |
|    clip_fraction        | 0.209       |
|    clip_range           | 0.2         |
|    entropy_loss         | -2.83       |
|    explained_variance   | -3.6        |
|    learning_rate        | 0.0003      |
|    loss                 | -0.11       |
|    n_updates            | 3000        |
|    policy_gradient_loss | -0.0398     |
|    value_loss           | 7.91e-06    |
-----------------------------------------
-----------------------------------------
| rollout/                |             |
|    ep_len_mean          | 1e+03       |
|    ep_rew_mean          | -1          |
| time/                   |             |
|    fps                  | 648         |
|    iterations           | 302         |
|    time_elapsed         | 29          |
|    total_timesteps      | 19328       |
| train/                  |             |
|    approx_kl            | 0.018085528 |
|    clip_fraction        | 0.164       |
|    clip_range           | 0.2         |
|    entropy_loss         | -2.74       |
|    explained_variance   | -9.48       |
|    learning_rate        | 0.0003      |
|    loss                 | -0.12       |
|    n_updates            | 3010        |
|    policy_gradient_loss | -0.0297     |
|    value_loss           | 6.33e-06    |
-----------------------------------------
-----------------------------------------
| rollout/                |             |
|    ep_len_mean          | 1e+03       |
|    ep_rew_mean          | -1          |
| time/                   |             |
|    fps                  | 648         |
|    iterations           | 303         |
|    time_elapsed         | 29          |
|    total_timesteps      | 19392       |
| train/                  |             |
|    approx_kl            | 0.034858882 |
|    clip_fraction        | 0.242       |
|    clip_range           | 0.2         |
|    entropy_loss         | -2.77       |
|    explained_variance   | -7.57       |
|    learning_rate        | 0.0003      |
|    loss                 | -0.161      |
|    n_updates            | 3020        |
|    policy_gradient_loss | -0.046      |
|    value_loss           | 7.91e-06    |
-----------------------------------------
-----------------------------------------
| rollout/                |             |
|    ep_len_mean          | 1e+03       |
|    ep_rew_mean          | -1          |
| time/                   |             |
|    fps                  | 648         |
|    iterations           | 304         |
|    time_elapsed         | 30          |
|    total_timesteps      | 19456       |
| train/                  |             |
|    approx_kl            | 0.020434432 |
|    clip_fraction        | 0.27        |
|    clip_range           | 0.2         |
|    entropy_loss         | -2.75       |
|    explained_variance   | -2.4        |
|    learning_rate        | 0.0003      |
|    loss                 | -0.137      |
|    n_updates            | 3030        |
|    policy_gradient_loss | -0.0485     |
|    value_loss           | 5.37e-06    |
-----------------------------------------
-----------------------------------------
| rollout/                |             |
|    ep_len_mean          | 1e+03       |
|    ep_rew_mean          | -1          |
| time/                   |             |
|    fps                  | 648         |
|    iterations           | 305         |
|    time_elapsed         | 30          |
|    total_timesteps      | 19520       |
| train/                  |             |
|    approx_kl            | 0.023957046 |
|    clip_fraction        | 0.22        |
|    clip_range           | 0.2         |
|    entropy_loss         | -2.69       |
|    explained_variance   | -1.36       |
|    learning_rate        | 0.0003      |
|    loss                 | -0.0945     |
|    n_updates            | 3040        |
|    policy_gradient_loss | -0.0543     |
|    value_loss           | 2.51e-06    |
-----------------------------------------
-----------------------------------------
| rollout/                |             |
|    ep_len_mean          | 1e+03       |
|    ep_rew_mean          | -1          |
| time/                   |             |
|    fps                  | 648         |
|    iterations           | 306         |
|    time_elapsed         | 30          |
|    total_timesteps      | 19584       |
| train/                  |             |
|    approx_kl            | 0.019436259 |
|    clip_fraction        | 0.139       |
|    clip_range           | 0.2         |
|    entropy_loss         | -2.74       |
|    explained_variance   | -30.5       |
|    learning_rate        | 0.0003      |
|    loss                 | -0.115      |
|    n_updates            | 3050        |
|    policy_gradient_loss | -0.0442     |
|    value_loss           | 5.61e-06    |
-----------------------------------------
-----------------------------------------
| rollout/                |             |
|    ep_len_mean          | 1e+03       |
|    ep_rew_mean          | -1          |
| time/                   |             |
|    fps                  | 647         |
|    iterations           | 307         |
|    time_elapsed         | 30          |
|    total_timesteps      | 19648       |
| train/                  |             |
|    approx_kl            | 0.018864628 |
|    clip_fraction        | 0.17        |
|    clip_range           | 0.2         |
|    entropy_loss         | -2.75       |
|    explained_variance   | -42.8       |
|    learning_rate        | 0.0003      |
|    loss                 | -0.111      |
|    n_updates            | 3060        |
|    policy_gradient_loss | -0.0427     |
|    value_loss           | 5.29e-06    |
-----------------------------------------
-----------------------------------------
| rollout/                |             |
|    ep_len_mean          | 1e+03       |
|    ep_rew_mean          | -1          |
| time/                   |             |
|    fps                  | 647         |
|    iterations           | 308         |
|    time_elapsed         | 30          |
|    total_timesteps      | 19712       |
| train/                  |             |
|    approx_kl            | 0.026322864 |
|    clip_fraction        | 0.23        |
|    clip_range           | 0.2         |
|    entropy_loss         | -2.72       |
|    explained_variance   | -4.62       |
|    learning_rate        | 0.0003      |
|    loss                 | -0.124      |
|    n_updates            | 3070        |
|    policy_gradient_loss | -0.0398     |
|    value_loss           | 2.55e-06    |
-----------------------------------------
-----------------------------------------
| rollout/                |             |
|    ep_len_mean          | 1e+03       |
|    ep_rew_mean          | -1          |
| time/                   |             |
|    fps                  | 647         |
|    iterations           | 309         |
|    time_elapsed         | 30          |
|    total_timesteps      | 19776       |
| train/                  |             |
|    approx_kl            | 0.035100363 |
|    clip_fraction        | 0.203       |
|    clip_range           | 0.2         |
|    entropy_loss         | -2.76       |
|    explained_variance   | -2.32       |
|    learning_rate        | 0.0003      |
|    loss                 | -0.117      |
|    n_updates            | 3080        |
|    policy_gradient_loss | -0.047      |
|    value_loss           | 1.47e-06    |
-----------------------------------------
----------------------------------------
| rollout/                |            |
|    ep_len_mean          | 1e+03      |
|    ep_rew_mean          | -1         |
| time/                   |            |
|    fps                  | 647        |
|    iterations           | 310        |
|    time_elapsed         | 30         |
|    total_timesteps      | 19840      |
| train/                  |            |
|    approx_kl            | 0.02505128 |
|    clip_fraction        | 0.312      |
|    clip_range           | 0.2        |
|    entropy_loss         | -2.81      |
|    explained_variance   | -46.5      |
|    learning_rate        | 0.0003     |
|    loss                 | -0.0837    |
|    n_updates            | 3090       |
|    policy_gradient_loss | -0.0502    |
|    value_loss           | 5.36e-06   |
----------------------------------------
-----------------------------------------
| rollout/                |             |
|    ep_len_mean          | 1e+03       |
|    ep_rew_mean          | -1          |
| time/                   |             |
|    fps                  | 647         |
|    iterations           | 311         |
|    time_elapsed         | 30          |
|    total_timesteps      | 19904       |
| train/                  |             |
|    approx_kl            | 0.021673612 |
|    clip_fraction        | 0.141       |
|    clip_range           | 0.2         |
|    entropy_loss         | -2.83       |
|    explained_variance   | -7.77       |
|    learning_rate        | 0.0003      |
|    loss                 | -0.0996     |
|    n_updates            | 3100        |
|    policy_gradient_loss | -0.0358     |
|    value_loss           | 4.44e-06    |
-----------------------------------------
-----------------------------------------
| rollout/                |             |
|    ep_len_mean          | 1e+03       |
|    ep_rew_mean          | -1          |
| time/                   |             |
|    fps                  | 647         |
|    iterations           | 312         |
|    time_elapsed         | 30          |
|    total_timesteps      | 19968       |
| train/                  |             |
|    approx_kl            | 0.033860393 |
|    clip_fraction        | 0.239       |
|    clip_range           | 0.2         |
|    entropy_loss         | -2.84       |
|    explained_variance   | -42.4       |
|    learning_rate        | 0.0003      |
|    loss                 | -0.0932     |
|    n_updates            | 3110        |
|    policy_gradient_loss | -0.0585     |
|    value_loss           | 7.88e-06    |
-----------------------------------------
-----------------------------------------
| rollout/                |             |
|    ep_len_mean          | 1e+03       |
|    ep_rew_mean          | -1          |
| time/                   |             |
|    fps                  | 647         |
|    iterations           | 313         |
|    time_elapsed         | 30          |
|    total_timesteps      | 20032       |
| train/                  |             |
|    approx_kl            | 0.011239082 |
|    clip_fraction        | 0.0719      |
|    clip_range           | 0.2         |
|    entropy_loss         | -2.84       |
|    explained_variance   | -12         |
|    learning_rate        | 0.0003      |
|    loss                 | -0.0702     |
|    n_updates            | 3120        |
|    policy_gradient_loss | -0.0178     |
|    value_loss           | 3.1e-06     |
-----------------------------------------
-----------------------------------------
| rollout/                |             |
|    ep_len_mean          | 1e+03       |
|    ep_rew_mean          | -1          |
| time/                   |             |
|    fps                  | 647         |
|    iterations           | 314         |
|    time_elapsed         | 31          |
|    total_timesteps      | 20096       |
| train/                  |             |
|    approx_kl            | 0.020787522 |
|    clip_fraction        | 0.172       |
|    clip_range           | 0.2         |
|    entropy_loss         | -2.82       |
|    explained_variance   | -0.0334     |
|    learning_rate        | 0.0003      |
|    loss                 | -0.136      |
|    n_updates            | 3130        |
|    policy_gradient_loss | -0.0553     |
|    value_loss           | 0.000643    |
-----------------------------------------
-----------------------------------------
| rollout/                |             |
|    ep_len_mean          | 1e+03       |
|    ep_rew_mean          | -1          |
| time/                   |             |
|    fps                  | 647         |
|    iterations           | 315         |
|    time_elapsed         | 31          |
|    total_timesteps      | 20160       |
| train/                  |             |
|    approx_kl            | 0.027966484 |
|    clip_fraction        | 0.261       |
|    clip_range           | 0.2         |
|    entropy_loss         | -2.9        |
|    explained_variance   | -54.5       |
|    learning_rate        | 0.0003      |
|    loss                 | -0.0953     |
|    n_updates            | 3140        |
|    policy_gradient_loss | -0.0344     |
|    value_loss           | 0.000173    |
-----------------------------------------
-----------------------------------------
| rollout/                |             |
|    ep_len_mean          | 1e+03       |
|    ep_rew_mean          | -1          |
| time/                   |             |
|    fps                  | 647         |
|    iterations           | 316         |
|    time_elapsed         | 31          |
|    total_timesteps      | 20224       |
| train/                  |             |
|    approx_kl            | 0.018780522 |
|    clip_fraction        | 0.131       |
|    clip_range           | 0.2         |
|    entropy_loss         | -2.88       |
|    explained_variance   | -4.16       |
|    learning_rate        | 0.0003      |
|    loss                 | -0.0419     |
|    n_updates            | 3150        |
|    policy_gradient_loss | -0.0405     |
|    value_loss           | 1.06e-05    |
-----------------------------------------
-----------------------------------------
| rollout/                |             |
|    ep_len_mean          | 1e+03       |
|    ep_rew_mean          | -1          |
| time/                   |             |
|    fps                  | 647         |
|    iterations           | 317         |
|    time_elapsed         | 31          |
|    total_timesteps      | 20288       |
| train/                  |             |
|    approx_kl            | 0.024328534 |
|    clip_fraction        | 0.231       |
|    clip_range           | 0.2         |
|    entropy_loss         | -2.83       |
|    explained_variance   | -23.4       |
|    learning_rate        | 0.0003      |
|    loss                 | -0.095      |
|    n_updates            | 3160        |
|    policy_gradient_loss | -0.0354     |
|    value_loss           | 2.49e-05    |
-----------------------------------------
----------------------------------------
| rollout/                |            |
|    ep_len_mean          | 1e+03      |
|    ep_rew_mean          | -1         |
| time/                   |            |
|    fps                  | 647        |
|    iterations           | 318        |
|    time_elapsed         | 31         |
|    total_timesteps      | 20352      |
| train/                  |            |
|    approx_kl            | 0.02873893 |
|    clip_fraction        | 0.272      |
|    clip_range           | 0.2        |
|    entropy_loss         | -2.76      |
|    explained_variance   | -6.46      |
|    learning_rate        | 0.0003     |
|    loss                 | -0.118     |
|    n_updates            | 3170       |
|    policy_gradient_loss | -0.055     |
|    value_loss           | 3.81e-05   |
----------------------------------------
----------------------------------------
| rollout/                |            |
|    ep_len_mean          | 1e+03      |
|    ep_rew_mean          | -1         |
| time/                   |            |
|    fps                  | 647        |
|    iterations           | 319        |
|    time_elapsed         | 31         |
|    total_timesteps      | 20416      |
| train/                  |            |
|    approx_kl            | 0.01606251 |
|    clip_fraction        | 0.122      |
|    clip_range           | 0.2        |
|    entropy_loss         | -2.74      |
|    explained_variance   | -3.25      |
|    learning_rate        | 0.0003     |
|    loss                 | -0.123     |
|    n_updates            | 3180       |
|    policy_gradient_loss | -0.0304    |
|    value_loss           | 1.98e-05   |
----------------------------------------
-----------------------------------------
| rollout/                |             |
|    ep_len_mean          | 1e+03       |
|    ep_rew_mean          | -1          |
| time/                   |             |
|    fps                  | 647         |
|    iterations           | 320         |
|    time_elapsed         | 31          |
|    total_timesteps      | 20480       |
| train/                  |             |
|    approx_kl            | 0.027231857 |
|    clip_fraction        | 0.228       |
|    clip_range           | 0.2         |
|    entropy_loss         | -2.74       |
|    explained_variance   | -1.35       |
|    learning_rate        | 0.0003      |
|    loss                 | -0.118      |
|    n_updates            | 3190        |
|    policy_gradient_loss | -0.0655     |
|    value_loss           | 3.67e-06    |
-----------------------------------------
-----------------------------------------
| rollout/                |             |
|    ep_len_mean          | 1e+03       |
|    ep_rew_mean          | -1          |
| time/                   |             |
|    fps                  | 647         |
|    iterations           | 321         |
|    time_elapsed         | 31          |
|    total_timesteps      | 20544       |
| train/                  |             |
|    approx_kl            | 0.020088665 |
|    clip_fraction        | 0.198       |
|    clip_range           | 0.2         |
|    entropy_loss         | -2.73       |
|    explained_variance   | -9.65       |
|    learning_rate        | 0.0003      |
|    loss                 | -0.136      |
|    n_updates            | 3200        |
|    policy_gradient_loss | -0.0413     |
|    value_loss           | 7.83e-06    |
-----------------------------------------
----------------------------------------
| rollout/                |            |
|    ep_len_mean          | 1e+03      |
|    ep_rew_mean          | -1         |
| time/                   |            |
|    fps                  | 647        |
|    iterations           | 322        |
|    time_elapsed         | 31         |
|    total_timesteps      | 20608      |
| train/                  |            |
|    approx_kl            | 0.02089427 |
|    clip_fraction        | 0.206      |
|    clip_range           | 0.2        |
|    entropy_loss         | -2.67      |
|    explained_variance   | -20.5      |
|    learning_rate        | 0.0003     |
|    loss                 | -0.0881    |
|    n_updates            | 3210       |
|    policy_gradient_loss | -0.0483    |
|    value_loss           | 7.83e-06   |
----------------------------------------
----------------------------------------
| rollout/                |            |
|    ep_len_mean          | 1e+03      |
|    ep_rew_mean          | -1         |
| time/                   |            |
|    fps                  | 647        |
|    iterations           | 323        |
|    time_elapsed         | 31         |
|    total_timesteps      | 20672      |
| train/                  |            |
|    approx_kl            | 0.03738587 |
|    clip_fraction        | 0.298      |
|    clip_range           | 0.2        |
|    entropy_loss         | -2.55      |
|    explained_variance   | -4.66      |
|    learning_rate        | 0.0003     |
|    loss                 | -0.152     |
|    n_updates            | 3220       |
|    policy_gradient_loss | -0.0447    |
|    value_loss           | 8.62e-06   |
----------------------------------------
-----------------------------------------
| rollout/                |             |
|    ep_len_mean          | 1e+03       |
|    ep_rew_mean          | -1          |
| time/                   |             |
|    fps                  | 647         |
|    iterations           | 324         |
|    time_elapsed         | 32          |
|    total_timesteps      | 20736       |
| train/                  |             |
|    approx_kl            | 0.019930553 |
|    clip_fraction        | 0.267       |
|    clip_range           | 0.2         |
|    entropy_loss         | -2.57       |
|    explained_variance   | -3.54       |
|    learning_rate        | 0.0003      |
|    loss                 | -0.0759     |
|    n_updates            | 3230        |
|    policy_gradient_loss | -0.0456     |
|    value_loss           | 2.62e-06    |
-----------------------------------------
-----------------------------------------
| rollout/                |             |
|    ep_len_mean          | 1e+03       |
|    ep_rew_mean          | -1          |
| time/                   |             |
|    fps                  | 647         |
|    iterations           | 325         |
|    time_elapsed         | 32          |
|    total_timesteps      | 20800       |
| train/                  |             |
|    approx_kl            | 0.021074971 |
|    clip_fraction        | 0.15        |
|    clip_range           | 0.2         |
|    entropy_loss         | -2.49       |
|    explained_variance   | -5.73       |
|    learning_rate        | 0.0003      |
|    loss                 | -0.078      |
|    n_updates            | 3240        |
|    policy_gradient_loss | -0.0349     |
|    value_loss           | 3.1e-06     |
-----------------------------------------
-----------------------------------------
| rollout/                |             |
|    ep_len_mean          | 1e+03       |
|    ep_rew_mean          | -1          |
| time/                   |             |
|    fps                  | 647         |
|    iterations           | 326         |
|    time_elapsed         | 32          |
|    total_timesteps      | 20864       |
| train/                  |             |
|    approx_kl            | 0.019103214 |
|    clip_fraction        | 0.134       |
|    clip_range           | 0.2         |
|    entropy_loss         | -2.54       |
|    explained_variance   | -0.789      |
|    learning_rate        | 0.0003      |
|    loss                 | -0.0794     |
|    n_updates            | 3250        |
|    policy_gradient_loss | -0.0366     |
|    value_loss           | 4.86e-06    |
-----------------------------------------
-----------------------------------------
| rollout/                |             |
|    ep_len_mean          | 1e+03       |
|    ep_rew_mean          | -1          |
| time/                   |             |
|    fps                  | 647         |
|    iterations           | 327         |
|    time_elapsed         | 32          |
|    total_timesteps      | 20928       |
| train/                  |             |
|    approx_kl            | 0.022536993 |
|    clip_fraction        | 0.166       |
|    clip_range           | 0.2         |
|    entropy_loss         | -2.52       |
|    explained_variance   | -10.6       |
|    learning_rate        | 0.0003      |
|    loss                 | -0.0865     |
|    n_updates            | 3260        |
|    policy_gradient_loss | -0.0409     |
|    value_loss           | 1.53e-06    |
-----------------------------------------
-----------------------------------------
| rollout/                |             |
|    ep_len_mean          | 1e+03       |
|    ep_rew_mean          | -1          |
| time/                   |             |
|    fps                  | 647         |
|    iterations           | 328         |
|    time_elapsed         | 32          |
|    total_timesteps      | 20992       |
| train/                  |             |
|    approx_kl            | 0.025508825 |
|    clip_fraction        | 0.181       |
|    clip_range           | 0.2         |
|    entropy_loss         | -2.65       |
|    explained_variance   | -13.7       |
|    learning_rate        | 0.0003      |
|    loss                 | -0.0605     |
|    n_updates            | 3270        |
|    policy_gradient_loss | -0.0384     |
|    value_loss           | 1.08e-05    |
-----------------------------------------
-----------------------------------------
| rollout/                |             |
|    ep_len_mean          | 1e+03       |
|    ep_rew_mean          | -1          |
| time/                   |             |
|    fps                  | 647         |
|    iterations           | 329         |
|    time_elapsed         | 32          |
|    total_timesteps      | 21056       |
| train/                  |             |
|    approx_kl            | 0.018206436 |
|    clip_fraction        | 0.0969      |
|    clip_range           | 0.2         |
|    entropy_loss         | -2.67       |
|    explained_variance   | -49         |
|    learning_rate        | 0.0003      |
|    loss                 | -0.0948     |
|    n_updates            | 3280        |
|    policy_gradient_loss | -0.0324     |
|    value_loss           | 5.14e-06    |
-----------------------------------------
----------------------------------------
| rollout/                |            |
|    ep_len_mean          | 1e+03      |
|    ep_rew_mean          | -1         |
| time/                   |            |
|    fps                  | 647        |
|    iterations           | 330        |
|    time_elapsed         | 32         |
|    total_timesteps      | 21120      |
| train/                  |            |
|    approx_kl            | 0.02668612 |
|    clip_fraction        | 0.2        |
|    clip_range           | 0.2        |
|    entropy_loss         | -2.68      |
|    explained_variance   | 0.0275     |
|    learning_rate        | 0.0003     |
|    loss                 | -0.0836    |
|    n_updates            | 3290       |
|    policy_gradient_loss | -0.0368    |
|    value_loss           | 0.000513   |
----------------------------------------
----------------------------------------
| rollout/                |            |
|    ep_len_mean          | 1e+03      |
|    ep_rew_mean          | -1         |
| time/                   |            |
|    fps                  | 647        |
|    iterations           | 331        |
|    time_elapsed         | 32         |
|    total_timesteps      | 21184      |
| train/                  |            |
|    approx_kl            | 0.01671527 |
|    clip_fraction        | 0.105      |
|    clip_range           | 0.2        |
|    entropy_loss         | -2.63      |
|    explained_variance   | -10        |
|    learning_rate        | 0.0003     |
|    loss                 | -0.106     |
|    n_updates            | 3300       |
|    policy_gradient_loss | -0.0231    |
|    value_loss           | 0.000107   |
----------------------------------------
-----------------------------------------
| rollout/                |             |
|    ep_len_mean          | 1e+03       |
|    ep_rew_mean          | -1          |
| time/                   |             |
|    fps                  | 647         |
|    iterations           | 332         |
|    time_elapsed         | 32          |
|    total_timesteps      | 21248       |
| train/                  |             |
|    approx_kl            | 0.019389272 |
|    clip_fraction        | 0.164       |
|    clip_range           | 0.2         |
|    entropy_loss         | -2.61       |
|    explained_variance   | -37.6       |
|    learning_rate        | 0.0003      |
|    loss                 | -0.0769     |
|    n_updates            | 3310        |
|    policy_gradient_loss | -0.0306     |
|    value_loss           | 1.27e-05    |
-----------------------------------------
------------------------------------------
| rollout/                |              |
|    ep_len_mean          | 1e+03        |
|    ep_rew_mean          | -1           |
| time/                   |              |
|    fps                  | 647          |
|    iterations           | 333          |
|    time_elapsed         | 32           |
|    total_timesteps      | 21312        |
| train/                  |              |
|    approx_kl            | 0.0142107885 |
|    clip_fraction        | 0.136        |
|    clip_range           | 0.2          |
|    entropy_loss         | -2.63        |
|    explained_variance   | -1.12        |
|    learning_rate        | 0.0003       |
|    loss                 | -0.0836      |
|    n_updates            | 3320         |
|    policy_gradient_loss | -0.0214      |
|    value_loss           | 1.76e-05     |
------------------------------------------
----------------------------------------
| rollout/                |            |
|    ep_len_mean          | 1e+03      |
|    ep_rew_mean          | -1         |
| time/                   |            |
|    fps                  | 647        |
|    iterations           | 334        |
|    time_elapsed         | 33         |
|    total_timesteps      | 21376      |
| train/                  |            |
|    approx_kl            | 0.02097033 |
|    clip_fraction        | 0.134      |
|    clip_range           | 0.2        |
|    entropy_loss         | -2.64      |
|    explained_variance   | -0.521     |
|    learning_rate        | 0.0003     |
|    loss                 | -0.0647    |
|    n_updates            | 3330       |
|    policy_gradient_loss | -0.0378    |
|    value_loss           | 4.08e-05   |
----------------------------------------
-----------------------------------------
| rollout/                |             |
|    ep_len_mean          | 1e+03       |
|    ep_rew_mean          | -1          |
| time/                   |             |
|    fps                  | 647         |
|    iterations           | 335         |
|    time_elapsed         | 33          |
|    total_timesteps      | 21440       |
| train/                  |             |
|    approx_kl            | 0.014176741 |
|    clip_fraction        | 0.117       |
|    clip_range           | 0.2         |
|    entropy_loss         | -2.67       |
|    explained_variance   | -4.01       |
|    learning_rate        | 0.0003      |
|    loss                 | -0.094      |
|    n_updates            | 3340        |
|    policy_gradient_loss | -0.0306     |
|    value_loss           | 9.16e-06    |
-----------------------------------------
-----------------------------------------
| rollout/                |             |
|    ep_len_mean          | 1e+03       |
|    ep_rew_mean          | -1          |
| time/                   |             |
|    fps                  | 647         |
|    iterations           | 336         |
|    time_elapsed         | 33          |
|    total_timesteps      | 21504       |
| train/                  |             |
|    approx_kl            | 0.022170022 |
|    clip_fraction        | 0.183       |
|    clip_range           | 0.2         |
|    entropy_loss         | -2.66       |
|    explained_variance   | -39.6       |
|    learning_rate        | 0.0003      |
|    loss                 | -0.0395     |
|    n_updates            | 3350        |
|    policy_gradient_loss | -0.0334     |
|    value_loss           | 1.26e-05    |
-----------------------------------------
-----------------------------------------
| rollout/                |             |
|    ep_len_mean          | 1e+03       |
|    ep_rew_mean          | -1          |
| time/                   |             |
|    fps                  | 647         |
|    iterations           | 337         |
|    time_elapsed         | 33          |
|    total_timesteps      | 21568       |
| train/                  |             |
|    approx_kl            | 0.027635612 |
|    clip_fraction        | 0.195       |
|    clip_range           | 0.2         |
|    entropy_loss         | -2.68       |
|    explained_variance   | -5.86       |
|    learning_rate        | 0.0003      |
|    loss                 | -0.057      |
|    n_updates            | 3360        |
|    policy_gradient_loss | -0.0469     |
|    value_loss           | 6.86e-06    |
-----------------------------------------
-----------------------------------------
| rollout/                |             |
|    ep_len_mean          | 1e+03       |
|    ep_rew_mean          | -1          |
| time/                   |             |
|    fps                  | 647         |
|    iterations           | 338         |
|    time_elapsed         | 33          |
|    total_timesteps      | 21632       |
| train/                  |             |
|    approx_kl            | 0.015841706 |
|    clip_fraction        | 0.169       |
|    clip_range           | 0.2         |
|    entropy_loss         | -2.73       |
|    explained_variance   | -43.8       |
|    learning_rate        | 0.0003      |
|    loss                 | -0.104      |
|    n_updates            | 3370        |
|    policy_gradient_loss | -0.037      |
|    value_loss           | 1.02e-05    |
-----------------------------------------
-----------------------------------------
| rollout/                |             |
|    ep_len_mean          | 1e+03       |
|    ep_rew_mean          | -1          |
| time/                   |             |
|    fps                  | 647         |
|    iterations           | 339         |
|    time_elapsed         | 33          |
|    total_timesteps      | 21696       |
| train/                  |             |
|    approx_kl            | 0.018297344 |
|    clip_fraction        | 0.267       |
|    clip_range           | 0.2         |
|    entropy_loss         | -2.76       |
|    explained_variance   | -32.7       |
|    learning_rate        | 0.0003      |
|    loss                 | -0.129      |
|    n_updates            | 3380        |
|    policy_gradient_loss | -0.0519     |
|    value_loss           | 3.66e-06    |
-----------------------------------------
-----------------------------------------
| rollout/                |             |
|    ep_len_mean          | 1e+03       |
|    ep_rew_mean          | -1          |
| time/                   |             |
|    fps                  | 647         |
|    iterations           | 340         |
|    time_elapsed         | 33          |
|    total_timesteps      | 21760       |
| train/                  |             |
|    approx_kl            | 0.019529734 |
|    clip_fraction        | 0.122       |
|    clip_range           | 0.2         |
|    entropy_loss         | -2.74       |
|    explained_variance   | -4.56       |
|    learning_rate        | 0.0003      |
|    loss                 | -0.0961     |
|    n_updates            | 3390        |
|    policy_gradient_loss | -0.0253     |
|    value_loss           | 9.15e-06    |
-----------------------------------------
-----------------------------------------
| rollout/                |             |
|    ep_len_mean          | 1e+03       |
|    ep_rew_mean          | -1          |
| time/                   |             |
|    fps                  | 647         |
|    iterations           | 341         |
|    time_elapsed         | 33          |
|    total_timesteps      | 21824       |
| train/                  |             |
|    approx_kl            | 0.027262943 |
|    clip_fraction        | 0.275       |
|    clip_range           | 0.2         |
|    entropy_loss         | -2.7        |
|    explained_variance   | -19.6       |
|    learning_rate        | 0.0003      |
|    loss                 | -0.0775     |
|    n_updates            | 3400        |
|    policy_gradient_loss | -0.0527     |
|    value_loss           | 1.32e-05    |
-----------------------------------------
-----------------------------------------
| rollout/                |             |
|    ep_len_mean          | 1e+03       |
|    ep_rew_mean          | -1          |
| time/                   |             |
|    fps                  | 647         |
|    iterations           | 342         |
|    time_elapsed         | 33          |
|    total_timesteps      | 21888       |
| train/                  |             |
|    approx_kl            | 0.019932738 |
|    clip_fraction        | 0.156       |
|    clip_range           | 0.2         |
|    entropy_loss         | -2.67       |
|    explained_variance   | -9.62       |
|    learning_rate        | 0.0003      |
|    loss                 | -0.132      |
|    n_updates            | 3410        |
|    policy_gradient_loss | -0.0444     |
|    value_loss           | 3.97e-06    |
-----------------------------------------
-----------------------------------------
| rollout/                |             |
|    ep_len_mean          | 1e+03       |
|    ep_rew_mean          | -1          |
| time/                   |             |
|    fps                  | 647         |
|    iterations           | 343         |
|    time_elapsed         | 33          |
|    total_timesteps      | 21952       |
| train/                  |             |
|    approx_kl            | 0.024880122 |
|    clip_fraction        | 0.253       |
|    clip_range           | 0.2         |
|    entropy_loss         | -2.62       |
|    explained_variance   | -5.22       |
|    learning_rate        | 0.0003      |
|    loss                 | -0.121      |
|    n_updates            | 3420        |
|    policy_gradient_loss | -0.0462     |
|    value_loss           | 1.94e-06    |
-----------------------------------------
-----------------------------------------
| rollout/                |             |
|    ep_len_mean          | 1e+03       |
|    ep_rew_mean          | -1          |
| time/                   |             |
|    fps                  | 647         |
|    iterations           | 344         |
|    time_elapsed         | 33          |
|    total_timesteps      | 22016       |
| train/                  |             |
|    approx_kl            | 0.022316594 |
|    clip_fraction        | 0.188       |
|    clip_range           | 0.2         |
|    entropy_loss         | -2.62       |
|    explained_variance   | -24.4       |
|    learning_rate        | 0.0003      |
|    loss                 | -0.107      |
|    n_updates            | 3430        |
|    policy_gradient_loss | -0.0356     |
|    value_loss           | 2.46e-06    |
-----------------------------------------
-----------------------------------------
| rollout/                |             |
|    ep_len_mean          | 1e+03       |
|    ep_rew_mean          | -1          |
| time/                   |             |
|    fps                  | 647         |
|    iterations           | 345         |
|    time_elapsed         | 34          |
|    total_timesteps      | 22080       |
| train/                  |             |
|    approx_kl            | 0.026834246 |
|    clip_fraction        | 0.233       |
|    clip_range           | 0.2         |
|    entropy_loss         | -2.59       |
|    explained_variance   | 0.028       |
|    learning_rate        | 0.0003      |
|    loss                 | -0.107      |
|    n_updates            | 3440        |
|    policy_gradient_loss | -0.0457     |
|    value_loss           | 0.000796    |
-----------------------------------------
-----------------------------------------
| rollout/                |             |
|    ep_len_mean          | 1e+03       |
|    ep_rew_mean          | -1          |
| time/                   |             |
|    fps                  | 647         |
|    iterations           | 346         |
|    time_elapsed         | 34          |
|    total_timesteps      | 22144       |
| train/                  |             |
|    approx_kl            | 0.026490185 |
|    clip_fraction        | 0.208       |
|    clip_range           | 0.2         |
|    entropy_loss         | -2.58       |
|    explained_variance   | -6.61       |
|    learning_rate        | 0.0003      |
|    loss                 | -0.0965     |
|    n_updates            | 3450        |
|    policy_gradient_loss | -0.0433     |
|    value_loss           | 7.49e-05    |
-----------------------------------------
----------------------------------------
| rollout/                |            |
|    ep_len_mean          | 1e+03      |
|    ep_rew_mean          | -1         |
| time/                   |            |
|    fps                  | 647        |
|    iterations           | 347        |
|    time_elapsed         | 34         |
|    total_timesteps      | 22208      |
| train/                  |            |
|    approx_kl            | 0.02452733 |
|    clip_fraction        | 0.245      |
|    clip_range           | 0.2        |
|    entropy_loss         | -2.55      |
|    explained_variance   | -13.8      |
|    learning_rate        | 0.0003     |
|    loss                 | -0.0474    |
|    n_updates            | 3460       |
|    policy_gradient_loss | -0.0425    |
|    value_loss           | 1.75e-05   |
----------------------------------------
-----------------------------------------
| rollout/                |             |
|    ep_len_mean          | 1e+03       |
|    ep_rew_mean          | -1          |
| time/                   |             |
|    fps                  | 647         |
|    iterations           | 348         |
|    time_elapsed         | 34          |
|    total_timesteps      | 22272       |
| train/                  |             |
|    approx_kl            | 0.012312531 |
|    clip_fraction        | 0.0563      |
|    clip_range           | 0.2         |
|    entropy_loss         | -2.45       |
|    explained_variance   | -11.8       |
|    learning_rate        | 0.0003      |
|    loss                 | -0.0275     |
|    n_updates            | 3470        |
|    policy_gradient_loss | -0.0246     |
|    value_loss           | 1.09e-05    |
-----------------------------------------
----------------------------------------
| rollout/                |            |
|    ep_len_mean          | 1e+03      |
|    ep_rew_mean          | -1         |
| time/                   |            |
|    fps                  | 647        |
|    iterations           | 349        |
|    time_elapsed         | 34         |
|    total_timesteps      | 22336      |
| train/                  |            |
|    approx_kl            | 0.03991589 |
|    clip_fraction        | 0.322      |
|    clip_range           | 0.2        |
|    entropy_loss         | -2.37      |
|    explained_variance   | -31.4      |
|    learning_rate        | 0.0003     |
|    loss                 | -0.0531    |
|    n_updates            | 3480       |
|    policy_gradient_loss | -0.029     |
|    value_loss           | 1.37e-05   |
----------------------------------------
----------------------------------------
| rollout/                |            |
|    ep_len_mean          | 1e+03      |
|    ep_rew_mean          | -1         |
| time/                   |            |
|    fps                  | 647        |
|    iterations           | 350        |
|    time_elapsed         | 34         |
|    total_timesteps      | 22400      |
| train/                  |            |
|    approx_kl            | 0.01522044 |
|    clip_fraction        | 0.133      |
|    clip_range           | 0.2        |
|    entropy_loss         | -2.33      |
|    explained_variance   | -4.07      |
|    learning_rate        | 0.0003     |
|    loss                 | -0.0788    |
|    n_updates            | 3490       |
|    policy_gradient_loss | -0.0292    |
|    value_loss           | 5.48e-06   |
----------------------------------------
-----------------------------------------
| rollout/                |             |
|    ep_len_mean          | 1e+03       |
|    ep_rew_mean          | -1          |
| time/                   |             |
|    fps                  | 647         |
|    iterations           | 351         |
|    time_elapsed         | 34          |
|    total_timesteps      | 22464       |
| train/                  |             |
|    approx_kl            | 0.013755228 |
|    clip_fraction        | 0.136       |
|    clip_range           | 0.2         |
|    entropy_loss         | -2.29       |
|    explained_variance   | -1.82       |
|    learning_rate        | 0.0003      |
|    loss                 | -0.099      |
|    n_updates            | 3500        |
|    policy_gradient_loss | -0.0204     |
|    value_loss           | 3.27e-06    |
-----------------------------------------
-----------------------------------------
| rollout/                |             |
|    ep_len_mean          | 1e+03       |
|    ep_rew_mean          | -1          |
| time/                   |             |
|    fps                  | 647         |
|    iterations           | 352         |
|    time_elapsed         | 34          |
|    total_timesteps      | 22528       |
| train/                  |             |
|    approx_kl            | 0.018289596 |
|    clip_fraction        | 0.242       |
|    clip_range           | 0.2         |
|    entropy_loss         | -2.18       |
|    explained_variance   | -2.51       |
|    learning_rate        | 0.0003      |
|    loss                 | -0.101      |
|    n_updates            | 3510        |
|    policy_gradient_loss | -0.0431     |
|    value_loss           | 1.07e-05    |
-----------------------------------------
-----------------------------------------
| rollout/                |             |
|    ep_len_mean          | 1e+03       |
|    ep_rew_mean          | -1          |
| time/                   |             |
|    fps                  | 647         |
|    iterations           | 353         |
|    time_elapsed         | 34          |
|    total_timesteps      | 22592       |
| train/                  |             |
|    approx_kl            | 0.022679243 |
|    clip_fraction        | 0.148       |
|    clip_range           | 0.2         |
|    entropy_loss         | -2.2        |
|    explained_variance   | -47.7       |
|    learning_rate        | 0.0003      |
|    loss                 | -0.0969     |
|    n_updates            | 3520        |
|    policy_gradient_loss | -0.0379     |
|    value_loss           | 9.18e-06    |
-----------------------------------------
------------------------------------------
| rollout/                |              |
|    ep_len_mean          | 1e+03        |
|    ep_rew_mean          | -1           |
| time/                   |              |
|    fps                  | 647          |
|    iterations           | 354          |
|    time_elapsed         | 34           |
|    total_timesteps      | 22656        |
| train/                  |              |
|    approx_kl            | 0.0153532345 |
|    clip_fraction        | 0.123        |
|    clip_range           | 0.2          |
|    entropy_loss         | -2.18        |
|    explained_variance   | -3.92        |
|    learning_rate        | 0.0003       |
|    loss                 | -0.0857      |
|    n_updates            | 3530         |
|    policy_gradient_loss | -0.0281      |
|    value_loss           | 2.3e-06      |
------------------------------------------
-----------------------------------------
| rollout/                |             |
|    ep_len_mean          | 1e+03       |
|    ep_rew_mean          | -1          |
| time/                   |             |
|    fps                  | 647         |
|    iterations           | 355         |
|    time_elapsed         | 35          |
|    total_timesteps      | 22720       |
| train/                  |             |
|    approx_kl            | 0.020760773 |
|    clip_fraction        | 0.192       |
|    clip_range           | 0.2         |
|    entropy_loss         | -2.29       |
|    explained_variance   | -2.37       |
|    learning_rate        | 0.0003      |
|    loss                 | -0.0907     |
|    n_updates            | 3540        |
|    policy_gradient_loss | -0.0303     |
|    value_loss           | 1.07e-06    |
-----------------------------------------
-----------------------------------------
| rollout/                |             |
|    ep_len_mean          | 1e+03       |
|    ep_rew_mean          | -1          |
| time/                   |             |
|    fps                  | 647         |
|    iterations           | 356         |
|    time_elapsed         | 35          |
|    total_timesteps      | 22784       |
| train/                  |             |
|    approx_kl            | 0.008460362 |
|    clip_fraction        | 0.0609      |
|    clip_range           | 0.2         |
|    entropy_loss         | -2.21       |
|    explained_variance   | -27.9       |
|    learning_rate        | 0.0003      |
|    loss                 | -0.0324     |
|    n_updates            | 3550        |
|    policy_gradient_loss | -0.0135     |
|    value_loss           | 8.96e-06    |
-----------------------------------------
-----------------------------------------
| rollout/                |             |
|    ep_len_mean          | 1e+03       |
|    ep_rew_mean          | -1          |
| time/                   |             |
|    fps                  | 648         |
|    iterations           | 357         |
|    time_elapsed         | 35          |
|    total_timesteps      | 22848       |
| train/                  |             |
|    approx_kl            | 0.027958622 |
|    clip_fraction        | 0.281       |
|    clip_range           | 0.2         |
|    entropy_loss         | -2.25       |
|    explained_variance   | -18.2       |
|    learning_rate        | 0.0003      |
|    loss                 | -0.0489     |
|    n_updates            | 3560        |
|    policy_gradient_loss | -0.0517     |
|    value_loss           | 1.46e-06    |
-----------------------------------------
-----------------------------------------
| rollout/                |             |
|    ep_len_mean          | 1e+03       |
|    ep_rew_mean          | -1          |
| time/                   |             |
|    fps                  | 648         |
|    iterations           | 358         |
|    time_elapsed         | 35          |
|    total_timesteps      | 22912       |
| train/                  |             |
|    approx_kl            | 0.032979943 |
|    clip_fraction        | 0.212       |
|    clip_range           | 0.2         |
|    entropy_loss         | -2.25       |
|    explained_variance   | -72.7       |
|    learning_rate        | 0.0003      |
|    loss                 | -0.115      |
|    n_updates            | 3570        |
|    policy_gradient_loss | -0.0376     |
|    value_loss           | 2.42e-06    |
-----------------------------------------
-----------------------------------------
| rollout/                |             |
|    ep_len_mean          | 1e+03       |
|    ep_rew_mean          | -1          |
| time/                   |             |
|    fps                  | 648         |
|    iterations           | 359         |
|    time_elapsed         | 35          |
|    total_timesteps      | 22976       |
| train/                  |             |
|    approx_kl            | 0.017190795 |
|    clip_fraction        | 0.138       |
|    clip_range           | 0.2         |
|    entropy_loss         | -2.21       |
|    explained_variance   | -2.11       |
|    learning_rate        | 0.0003      |
|    loss                 | -0.084      |
|    n_updates            | 3580        |
|    policy_gradient_loss | -0.0292     |
|    value_loss           | 1.51e-06    |
-----------------------------------------
-----------------------------------------
| rollout/                |             |
|    ep_len_mean          | 1e+03       |
|    ep_rew_mean          | -1          |
| time/                   |             |
|    fps                  | 648         |
|    iterations           | 360         |
|    time_elapsed         | 35          |
|    total_timesteps      | 23040       |
| train/                  |             |
|    approx_kl            | 0.023504307 |
|    clip_fraction        | 0.125       |
|    clip_range           | 0.2         |
|    entropy_loss         | -2.38       |
|    explained_variance   | -55.4       |
|    learning_rate        | 0.0003      |
|    loss                 | -0.0851     |
|    n_updates            | 3590        |
|    policy_gradient_loss | -0.0338     |
|    value_loss           | 2.72e-06    |
-----------------------------------------
-----------------------------------------
| rollout/                |             |
|    ep_len_mean          | 1e+03       |
|    ep_rew_mean          | -1          |
| time/                   |             |
|    fps                  | 648         |
|    iterations           | 361         |
|    time_elapsed         | 35          |
|    total_timesteps      | 23104       |
| train/                  |             |
|    approx_kl            | 0.018329445 |
|    clip_fraction        | 0.106       |
|    clip_range           | 0.2         |
|    entropy_loss         | -2.38       |
|    explained_variance   | -0.000964   |
|    learning_rate        | 0.0003      |
|    loss                 | -0.0775     |
|    n_updates            | 3600        |
|    policy_gradient_loss | -0.0287     |
|    value_loss           | 0.000545    |
-----------------------------------------
----------------------------------------
| rollout/                |            |
|    ep_len_mean          | 1e+03      |
|    ep_rew_mean          | -1         |
| time/                   |            |
|    fps                  | 648        |
|    iterations           | 362        |
|    time_elapsed         | 35         |
|    total_timesteps      | 23168      |
| train/                  |            |
|    approx_kl            | 0.04053785 |
|    clip_fraction        | 0.241      |
|    clip_range           | 0.2        |
|    entropy_loss         | -2.37      |
|    explained_variance   | -12.3      |
|    learning_rate        | 0.0003     |
|    loss                 | -0.104     |
|    n_updates            | 3610       |
|    policy_gradient_loss | -0.047     |
|    value_loss           | 0.000162   |
----------------------------------------
----------------------------------------
| rollout/                |            |
|    ep_len_mean          | 1e+03      |
|    ep_rew_mean          | -1         |
| time/                   |            |
|    fps                  | 648        |
|    iterations           | 363        |
|    time_elapsed         | 35         |
|    total_timesteps      | 23232      |
| train/                  |            |
|    approx_kl            | 0.02313429 |
|    clip_fraction        | 0.161      |
|    clip_range           | 0.2        |
|    entropy_loss         | -2.46      |
|    explained_variance   | -6.17      |
|    learning_rate        | 0.0003     |
|    loss                 | -0.0952    |
|    n_updates            | 3620       |
|    policy_gradient_loss | -0.0228    |
|    value_loss           | 6.09e-05   |
----------------------------------------
-----------------------------------------
| rollout/                |             |
|    ep_len_mean          | 1e+03       |
|    ep_rew_mean          | -1          |
| time/                   |             |
|    fps                  | 648         |
|    iterations           | 364         |
|    time_elapsed         | 35          |
|    total_timesteps      | 23296       |
| train/                  |             |
|    approx_kl            | 0.020383801 |
|    clip_fraction        | 0.197       |
|    clip_range           | 0.2         |
|    entropy_loss         | -2.44       |
|    explained_variance   | -0.9        |
|    learning_rate        | 0.0003      |
|    loss                 | -0.0478     |
|    n_updates            | 3630        |
|    policy_gradient_loss | -0.0363     |
|    value_loss           | 3.54e-05    |
-----------------------------------------
-----------------------------------------
| rollout/                |             |
|    ep_len_mean          | 1e+03       |
|    ep_rew_mean          | -1          |
| time/                   |             |
|    fps                  | 648         |
|    iterations           | 365         |
|    time_elapsed         | 36          |
|    total_timesteps      | 23360       |
| train/                  |             |
|    approx_kl            | 0.023613736 |
|    clip_fraction        | 0.208       |
|    clip_range           | 0.2         |
|    entropy_loss         | -2.45       |
|    explained_variance   | -5.41       |
|    learning_rate        | 0.0003      |
|    loss                 | -0.1        |
|    n_updates            | 3640        |
|    policy_gradient_loss | -0.0361     |
|    value_loss           | 1.2e-05     |
-----------------------------------------
-----------------------------------------
| rollout/                |             |
|    ep_len_mean          | 1e+03       |
|    ep_rew_mean          | -1          |
| time/                   |             |
|    fps                  | 647         |
|    iterations           | 366         |
|    time_elapsed         | 36          |
|    total_timesteps      | 23424       |
| train/                  |             |
|    approx_kl            | 0.013099418 |
|    clip_fraction        | 0.127       |
|    clip_range           | 0.2         |
|    entropy_loss         | -2.41       |
|    explained_variance   | -0.545      |
|    learning_rate        | 0.0003      |
|    loss                 | -0.0302     |
|    n_updates            | 3650        |
|    policy_gradient_loss | -0.0188     |
|    value_loss           | 2.2e-06     |
-----------------------------------------
----------------------------------------
| rollout/                |            |
|    ep_len_mean          | 1e+03      |
|    ep_rew_mean          | -1         |
| time/                   |            |
|    fps                  | 647        |
|    iterations           | 367        |
|    time_elapsed         | 36         |
|    total_timesteps      | 23488      |
| train/                  |            |
|    approx_kl            | 0.03635059 |
|    clip_fraction        | 0.209      |
|    clip_range           | 0.2        |
|    entropy_loss         | -2.47      |
|    explained_variance   | -8.28      |
|    learning_rate        | 0.0003     |
|    loss                 | -0.0779    |
|    n_updates            | 3660       |
|    policy_gradient_loss | -0.0484    |
|    value_loss           | 1.89e-06   |
----------------------------------------
-----------------------------------------
| rollout/                |             |
|    ep_len_mean          | 1e+03       |
|    ep_rew_mean          | -1          |
| time/                   |             |
|    fps                  | 647         |
|    iterations           | 368         |
|    time_elapsed         | 36          |
|    total_timesteps      | 23552       |
| train/                  |             |
|    approx_kl            | 0.016159534 |
|    clip_fraction        | 0.209       |
|    clip_range           | 0.2         |
|    entropy_loss         | -2.43       |
|    explained_variance   | -4.35       |
|    learning_rate        | 0.0003      |
|    loss                 | -0.0738     |
|    n_updates            | 3670        |
|    policy_gradient_loss | -0.0386     |
|    value_loss           | 3.31e-06    |
-----------------------------------------
-----------------------------------------
| rollout/                |             |
|    ep_len_mean          | 1e+03       |
|    ep_rew_mean          | -1          |
| time/                   |             |
|    fps                  | 647         |
|    iterations           | 369         |
|    time_elapsed         | 36          |
|    total_timesteps      | 23616       |
| train/                  |             |
|    approx_kl            | 0.012222339 |
|    clip_fraction        | 0.0781      |
|    clip_range           | 0.2         |
|    entropy_loss         | -2.39       |
|    explained_variance   | -1.57       |
|    learning_rate        | 0.0003      |
|    loss                 | -0.0818     |
|    n_updates            | 3680        |
|    policy_gradient_loss | -0.0262     |
|    value_loss           | 1.83e-06    |
-----------------------------------------
-----------------------------------------
| rollout/                |             |
|    ep_len_mean          | 1e+03       |
|    ep_rew_mean          | -1          |
| time/                   |             |
|    fps                  | 647         |
|    iterations           | 370         |
|    time_elapsed         | 36          |
|    total_timesteps      | 23680       |
| train/                  |             |
|    approx_kl            | 0.017351706 |
|    clip_fraction        | 0.136       |
|    clip_range           | 0.2         |
|    entropy_loss         | -2.45       |
|    explained_variance   | -20.4       |
|    learning_rate        | 0.0003      |
|    loss                 | -0.0654     |
|    n_updates            | 3690        |
|    policy_gradient_loss | -0.0296     |
|    value_loss           | 1.86e-06    |
-----------------------------------------
-----------------------------------------
| rollout/                |             |
|    ep_len_mean          | 1e+03       |
|    ep_rew_mean          | -1          |
| time/                   |             |
|    fps                  | 647         |
|    iterations           | 371         |
|    time_elapsed         | 36          |
|    total_timesteps      | 23744       |
| train/                  |             |
|    approx_kl            | 0.020382399 |
|    clip_fraction        | 0.194       |
|    clip_range           | 0.2         |
|    entropy_loss         | -2.46       |
|    explained_variance   | -6.3        |
|    learning_rate        | 0.0003      |
|    loss                 | -0.0997     |
|    n_updates            | 3700        |
|    policy_gradient_loss | -0.0442     |
|    value_loss           | 8.15e-07    |
-----------------------------------------
-----------------------------------------
| rollout/                |             |
|    ep_len_mean          | 1e+03       |
|    ep_rew_mean          | -1          |
| time/                   |             |
|    fps                  | 647         |
|    iterations           | 372         |
|    time_elapsed         | 36          |
|    total_timesteps      | 23808       |
| train/                  |             |
|    approx_kl            | 0.014722992 |
|    clip_fraction        | 0.103       |
|    clip_range           | 0.2         |
|    entropy_loss         | -2.48       |
|    explained_variance   | -12.8       |
|    learning_rate        | 0.0003      |
|    loss                 | -0.00029    |
|    n_updates            | 3710        |
|    policy_gradient_loss | -0.0382     |
|    value_loss           | 6.07e-06    |
-----------------------------------------
-----------------------------------------
| rollout/                |             |
|    ep_len_mean          | 1e+03       |
|    ep_rew_mean          | -1          |
| time/                   |             |
|    fps                  | 647         |
|    iterations           | 373         |
|    time_elapsed         | 36          |
|    total_timesteps      | 23872       |
| train/                  |             |
|    approx_kl            | 0.020261358 |
|    clip_fraction        | 0.117       |
|    clip_range           | 0.2         |
|    entropy_loss         | -2.51       |
|    explained_variance   | -7.83       |
|    learning_rate        | 0.0003      |
|    loss                 | -0.12       |
|    n_updates            | 3720        |
|    policy_gradient_loss | -0.0235     |
|    value_loss           | 2.49e-06    |
-----------------------------------------
-----------------------------------------
| rollout/                |             |
|    ep_len_mean          | 1e+03       |
|    ep_rew_mean          | -1          |
| time/                   |             |
|    fps                  | 647         |
|    iterations           | 374         |
|    time_elapsed         | 36          |
|    total_timesteps      | 23936       |
| train/                  |             |
|    approx_kl            | 0.017041704 |
|    clip_fraction        | 0.145       |
|    clip_range           | 0.2         |
|    entropy_loss         | -2.6        |
|    explained_variance   | -7.11       |
|    learning_rate        | 0.0003      |
|    loss                 | -0.126      |
|    n_updates            | 3730        |
|    policy_gradient_loss | -0.0371     |
|    value_loss           | 2.22e-06    |
-----------------------------------------
-----------------------------------------
| rollout/                |             |
|    ep_len_mean          | 1e+03       |
|    ep_rew_mean          | -1          |
| time/                   |             |
|    fps                  | 647         |
|    iterations           | 375         |
|    time_elapsed         | 37          |
|    total_timesteps      | 24000       |
| train/                  |             |
|    approx_kl            | 0.018995889 |
|    clip_fraction        | 0.183       |
|    clip_range           | 0.2         |
|    entropy_loss         | -2.61       |
|    explained_variance   | -4.03       |
|    learning_rate        | 0.0003      |
|    loss                 | -0.103      |
|    n_updates            | 3740        |
|    policy_gradient_loss | -0.0369     |
|    value_loss           | 1.16e-06    |
-----------------------------------------
-----------------------------------------
| rollout/                |             |
|    ep_len_mean          | 1e+03       |
|    ep_rew_mean          | -1          |
| time/                   |             |
|    fps                  | 647         |
|    iterations           | 376         |
|    time_elapsed         | 37          |
|    total_timesteps      | 24064       |
| train/                  |             |
|    approx_kl            | 0.028221808 |
|    clip_fraction        | 0.272       |
|    clip_range           | 0.2         |
|    entropy_loss         | -2.66       |
|    explained_variance   | -0.0428     |
|    learning_rate        | 0.0003      |
|    loss                 | -0.147      |
|    n_updates            | 3750        |
|    policy_gradient_loss | -0.0535     |
|    value_loss           | 0.00066     |
-----------------------------------------
----------------------------------------
| rollout/                |            |
|    ep_len_mean          | 1e+03      |
|    ep_rew_mean          | -1         |
| time/                   |            |
|    fps                  | 647        |
|    iterations           | 377        |
|    time_elapsed         | 37         |
|    total_timesteps      | 24128      |
| train/                  |            |
|    approx_kl            | 0.03374634 |
|    clip_fraction        | 0.231      |
|    clip_range           | 0.2        |
|    entropy_loss         | -2.66      |
|    explained_variance   | -13.3      |
|    learning_rate        | 0.0003     |
|    loss                 | -0.0465    |
|    n_updates            | 3760       |
|    policy_gradient_loss | -0.0511    |
|    value_loss           | 0.000119   |
----------------------------------------
-----------------------------------------
| rollout/                |             |
|    ep_len_mean          | 1e+03       |
|    ep_rew_mean          | -1          |
| time/                   |             |
|    fps                  | 647         |
|    iterations           | 378         |
|    time_elapsed         | 37          |
|    total_timesteps      | 24192       |
| train/                  |             |
|    approx_kl            | 0.019336406 |
|    clip_fraction        | 0.164       |
|    clip_range           | 0.2         |
|    entropy_loss         | -2.59       |
|    explained_variance   | -6.08       |
|    learning_rate        | 0.0003      |
|    loss                 | -0.108      |
|    n_updates            | 3770        |
|    policy_gradient_loss | -0.0324     |
|    value_loss           | 8.91e-06    |
-----------------------------------------
-----------------------------------------
| rollout/                |             |
|    ep_len_mean          | 1e+03       |
|    ep_rew_mean          | -1          |
| time/                   |             |
|    fps                  | 647         |
|    iterations           | 379         |
|    time_elapsed         | 37          |
|    total_timesteps      | 24256       |
| train/                  |             |
|    approx_kl            | 0.013209119 |
|    clip_fraction        | 0.0984      |
|    clip_range           | 0.2         |
|    entropy_loss         | -2.54       |
|    explained_variance   | -17.5       |
|    learning_rate        | 0.0003      |
|    loss                 | -0.0356     |
|    n_updates            | 3780        |
|    policy_gradient_loss | -0.0226     |
|    value_loss           | 1.72e-05    |
-----------------------------------------
-----------------------------------------
| rollout/                |             |
|    ep_len_mean          | 1e+03       |
|    ep_rew_mean          | -1          |
| time/                   |             |
|    fps                  | 647         |
|    iterations           | 380         |
|    time_elapsed         | 37          |
|    total_timesteps      | 24320       |
| train/                  |             |
|    approx_kl            | 0.028500834 |
|    clip_fraction        | 0.2         |
|    clip_range           | 0.2         |
|    entropy_loss         | -2.5        |
|    explained_variance   | -20.5       |
|    learning_rate        | 0.0003      |
|    loss                 | -0.0529     |
|    n_updates            | 3790        |
|    policy_gradient_loss | -0.0321     |
|    value_loss           | 6.98e-06    |
-----------------------------------------
-----------------------------------------
| rollout/                |             |
|    ep_len_mean          | 1e+03       |
|    ep_rew_mean          | -1          |
| time/                   |             |
|    fps                  | 647         |
|    iterations           | 381         |
|    time_elapsed         | 37          |
|    total_timesteps      | 24384       |
| train/                  |             |
|    approx_kl            | 0.024485277 |
|    clip_fraction        | 0.22        |
|    clip_range           | 0.2         |
|    entropy_loss         | -2.52       |
|    explained_variance   | -34.3       |
|    learning_rate        | 0.0003      |
|    loss                 | -0.111      |
|    n_updates            | 3800        |
|    policy_gradient_loss | -0.0467     |
|    value_loss           | 4.2e-06     |
-----------------------------------------
-----------------------------------------
| rollout/                |             |
|    ep_len_mean          | 1e+03       |
|    ep_rew_mean          | -1          |
| time/                   |             |
|    fps                  | 647         |
|    iterations           | 382         |
|    time_elapsed         | 37          |
|    total_timesteps      | 24448       |
| train/                  |             |
|    approx_kl            | 0.020971907 |
|    clip_fraction        | 0.145       |
|    clip_range           | 0.2         |
|    entropy_loss         | -2.52       |
|    explained_variance   | -16.2       |
|    learning_rate        | 0.0003      |
|    loss                 | -0.103      |
|    n_updates            | 3810        |
|    policy_gradient_loss | -0.0326     |
|    value_loss           | 3.51e-06    |
-----------------------------------------
-----------------------------------------
| rollout/                |             |
|    ep_len_mean          | 1e+03       |
|    ep_rew_mean          | -1          |
| time/                   |             |
|    fps                  | 647         |
|    iterations           | 383         |
|    time_elapsed         | 37          |
|    total_timesteps      | 24512       |
| train/                  |             |
|    approx_kl            | 0.013258709 |
|    clip_fraction        | 0.0719      |
|    clip_range           | 0.2         |
|    entropy_loss         | -2.5        |
|    explained_variance   | -26         |
|    learning_rate        | 0.0003      |
|    loss                 | -0.0966     |
|    n_updates            | 3820        |
|    policy_gradient_loss | -0.0116     |
|    value_loss           | 1.09e-05    |
-----------------------------------------
----------------------------------------
| rollout/                |            |
|    ep_len_mean          | 1e+03      |
|    ep_rew_mean          | -1         |
| time/                   |            |
|    fps                  | 647        |
|    iterations           | 384        |
|    time_elapsed         | 37         |
|    total_timesteps      | 24576      |
| train/                  |            |
|    approx_kl            | 0.03168033 |
|    clip_fraction        | 0.389      |
|    clip_range           | 0.2        |
|    entropy_loss         | -2.45      |
|    explained_variance   | -7.65      |
|    learning_rate        | 0.0003     |
|    loss                 | -0.143     |
|    n_updates            | 3830       |
|    policy_gradient_loss | -0.0609    |
|    value_loss           | 2.12e-06   |
----------------------------------------
----------------------------------------
| rollout/                |            |
|    ep_len_mean          | 1e+03      |
|    ep_rew_mean          | -1         |
| time/                   |            |
|    fps                  | 647        |
|    iterations           | 385        |
|    time_elapsed         | 38         |
|    total_timesteps      | 24640      |
| train/                  |            |
|    approx_kl            | 0.01887223 |
|    clip_fraction        | 0.147      |
|    clip_range           | 0.2        |
|    entropy_loss         | -2.45      |
|    explained_variance   | -9.06      |
|    learning_rate        | 0.0003     |
|    loss                 | -0.117     |
|    n_updates            | 3840       |
|    policy_gradient_loss | -0.0282    |
|    value_loss           | 1.97e-06   |
----------------------------------------
----------------------------------------
| rollout/                |            |
|    ep_len_mean          | 1e+03      |
|    ep_rew_mean          | -1         |
| time/                   |            |
|    fps                  | 647        |
|    iterations           | 386        |
|    time_elapsed         | 38         |
|    total_timesteps      | 24704      |
| train/                  |            |
|    approx_kl            | 0.01833824 |
|    clip_fraction        | 0.189      |
|    clip_range           | 0.2        |
|    entropy_loss         | -2.54      |
|    explained_variance   | -3.35      |
|    learning_rate        | 0.0003     |
|    loss                 | -0.0622    |
|    n_updates            | 3850       |
|    policy_gradient_loss | -0.0371    |
|    value_loss           | 1.17e-06   |
----------------------------------------
----------------------------------------
| rollout/                |            |
|    ep_len_mean          | 1e+03      |
|    ep_rew_mean          | -1         |
| time/                   |            |
|    fps                  | 647        |
|    iterations           | 387        |
|    time_elapsed         | 38         |
|    total_timesteps      | 24768      |
| train/                  |            |
|    approx_kl            | 0.03496647 |
|    clip_fraction        | 0.252      |
|    clip_range           | 0.2        |
|    entropy_loss         | -2.52      |
|    explained_variance   | -2.86      |
|    learning_rate        | 0.0003     |
|    loss                 | -0.13      |
|    n_updates            | 3860       |
|    policy_gradient_loss | -0.064     |
|    value_loss           | 1.59e-06   |
----------------------------------------
-----------------------------------------
| rollout/                |             |
|    ep_len_mean          | 1e+03       |
|    ep_rew_mean          | -1          |
| time/                   |             |
|    fps                  | 647         |
|    iterations           | 388         |
|    time_elapsed         | 38          |
|    total_timesteps      | 24832       |
| train/                  |             |
|    approx_kl            | 0.019893149 |
|    clip_fraction        | 0.236       |
|    clip_range           | 0.2         |
|    entropy_loss         | -2.55       |
|    explained_variance   | -45.2       |
|    learning_rate        | 0.0003      |
|    loss                 | -0.0911     |
|    n_updates            | 3870        |
|    policy_gradient_loss | -0.0441     |
|    value_loss           | 1.89e-06    |
-----------------------------------------
-----------------------------------------
| rollout/                |             |
|    ep_len_mean          | 1e+03       |
|    ep_rew_mean          | -1          |
| time/                   |             |
|    fps                  | 647         |
|    iterations           | 389         |
|    time_elapsed         | 38          |
|    total_timesteps      | 24896       |
| train/                  |             |
|    approx_kl            | 0.049209498 |
|    clip_fraction        | 0.286       |
|    clip_range           | 0.2         |
|    entropy_loss         | -2.57       |
|    explained_variance   | -8.5        |
|    learning_rate        | 0.0003      |
|    loss                 | -0.118      |
|    n_updates            | 3880        |
|    policy_gradient_loss | -0.0543     |
|    value_loss           | 4.22e-06    |
-----------------------------------------
-----------------------------------------
| rollout/                |             |
|    ep_len_mean          | 1e+03       |
|    ep_rew_mean          | -1          |
| time/                   |             |
|    fps                  | 648         |
|    iterations           | 390         |
|    time_elapsed         | 38          |
|    total_timesteps      | 24960       |
| train/                  |             |
|    approx_kl            | 0.019157276 |
|    clip_fraction        | 0.209       |
|    clip_range           | 0.2         |
|    entropy_loss         | -2.51       |
|    explained_variance   | -6.46       |
|    learning_rate        | 0.0003      |
|    loss                 | -0.0775     |
|    n_updates            | 3890        |
|    policy_gradient_loss | -0.0415     |
|    value_loss           | 1.04e-06    |
-----------------------------------------
-----------------------------------------
| rollout/                |             |
|    ep_len_mean          | 1e+03       |
|    ep_rew_mean          | -1          |
| time/                   |             |
|    fps                  | 647         |
|    iterations           | 391         |
|    time_elapsed         | 38          |
|    total_timesteps      | 25024       |
| train/                  |             |
|    approx_kl            | 0.020173918 |
|    clip_fraction        | 0.198       |
|    clip_range           | 0.2         |
|    entropy_loss         | -2.62       |
|    explained_variance   | -2.9        |
|    learning_rate        | 0.0003      |
|    loss                 | -0.0524     |
|    n_updates            | 3900        |
|    policy_gradient_loss | -0.0434     |
|    value_loss           | 6.79e-06    |
-----------------------------------------
-----------------------------------------
| rollout/                |             |
|    ep_len_mean          | 1e+03       |
|    ep_rew_mean          | -1          |
| time/                   |             |
|    fps                  | 648         |
|    iterations           | 392         |
|    time_elapsed         | 38          |
|    total_timesteps      | 25088       |
| train/                  |             |
|    approx_kl            | 0.011995681 |
|    clip_fraction        | 0.0844      |
|    clip_range           | 0.2         |
|    entropy_loss         | -2.51       |
|    explained_variance   | -0.0543     |
|    learning_rate        | 0.0003      |
|    loss                 | -0.0772     |
|    n_updates            | 3910        |
|    policy_gradient_loss | -0.0275     |
|    value_loss           | 0.000705    |
-----------------------------------------
-----------------------------------------
| rollout/                |             |
|    ep_len_mean          | 1e+03       |
|    ep_rew_mean          | -1          |
| time/                   |             |
|    fps                  | 648         |
|    iterations           | 393         |
|    time_elapsed         | 38          |
|    total_timesteps      | 25152       |
| train/                  |             |
|    approx_kl            | 0.012785955 |
|    clip_fraction        | 0.155       |
|    clip_range           | 0.2         |
|    entropy_loss         | -2.59       |
|    explained_variance   | -17.5       |
|    learning_rate        | 0.0003      |
|    loss                 | -0.0877     |
|    n_updates            | 3920        |
|    policy_gradient_loss | -0.0209     |
|    value_loss           | 4.51e-05    |
-----------------------------------------
-----------------------------------------
| rollout/                |             |
|    ep_len_mean          | 1e+03       |
|    ep_rew_mean          | -1          |
| time/                   |             |
|    fps                  | 648         |
|    iterations           | 394         |
|    time_elapsed         | 38          |
|    total_timesteps      | 25216       |
| train/                  |             |
|    approx_kl            | 0.018766504 |
|    clip_fraction        | 0.148       |
|    clip_range           | 0.2         |
|    entropy_loss         | -2.6        |
|    explained_variance   | -8.84       |
|    learning_rate        | 0.0003      |
|    loss                 | -0.0966     |
|    n_updates            | 3930        |
|    policy_gradient_loss | -0.0416     |
|    value_loss           | 3.76e-05    |
-----------------------------------------
-----------------------------------------
| rollout/                |             |
|    ep_len_mean          | 1e+03       |
|    ep_rew_mean          | -1          |
| time/                   |             |
|    fps                  | 648         |
|    iterations           | 395         |
|    time_elapsed         | 39          |
|    total_timesteps      | 25280       |
| train/                  |             |
|    approx_kl            | 0.034369826 |
|    clip_fraction        | 0.356       |
|    clip_range           | 0.2         |
|    entropy_loss         | -2.56       |
|    explained_variance   | -19.2       |
|    learning_rate        | 0.0003      |
|    loss                 | -0.184      |
|    n_updates            | 3940        |
|    policy_gradient_loss | -0.0695     |
|    value_loss           | 1.37e-05    |
-----------------------------------------
----------------------------------------
| rollout/                |            |
|    ep_len_mean          | 1e+03      |
|    ep_rew_mean          | -1         |
| time/                   |            |
|    fps                  | 648        |
|    iterations           | 396        |
|    time_elapsed         | 39         |
|    total_timesteps      | 25344      |
| train/                  |            |
|    approx_kl            | 0.02253699 |
|    clip_fraction        | 0.183      |
|    clip_range           | 0.2        |
|    entropy_loss         | -2.59      |
|    explained_variance   | -3.84      |
|    learning_rate        | 0.0003     |
|    loss                 | -0.0856    |
|    n_updates            | 3950       |
|    policy_gradient_loss | -0.04      |
|    value_loss           | 9.9e-06    |
----------------------------------------
-----------------------------------------
| rollout/                |             |
|    ep_len_mean          | 1e+03       |
|    ep_rew_mean          | -1          |
| time/                   |             |
|    fps                  | 648         |
|    iterations           | 397         |
|    time_elapsed         | 39          |
|    total_timesteps      | 25408       |
| train/                  |             |
|    approx_kl            | 0.027622325 |
|    clip_fraction        | 0.23        |
|    clip_range           | 0.2         |
|    entropy_loss         | -2.6        |
|    explained_variance   | -2.25       |
|    learning_rate        | 0.0003      |
|    loss                 | -0.119      |
|    n_updates            | 3960        |
|    policy_gradient_loss | -0.0483     |
|    value_loss           | 6.39e-06    |
-----------------------------------------
-----------------------------------------
| rollout/                |             |
|    ep_len_mean          | 1e+03       |
|    ep_rew_mean          | -1          |
| time/                   |             |
|    fps                  | 648         |
|    iterations           | 398         |
|    time_elapsed         | 39          |
|    total_timesteps      | 25472       |
| train/                  |             |
|    approx_kl            | 0.019271981 |
|    clip_fraction        | 0.106       |
|    clip_range           | 0.2         |
|    entropy_loss         | -2.61       |
|    explained_variance   | 0.453       |
|    learning_rate        | 0.0003      |
|    loss                 | -0.0533     |
|    n_updates            | 3970        |
|    policy_gradient_loss | -0.0254     |
|    value_loss           | 2.39e-05    |
-----------------------------------------
----------------------------------------
| rollout/                |            |
|    ep_len_mean          | 1e+03      |
|    ep_rew_mean          | -1         |
| time/                   |            |
|    fps                  | 648        |
|    iterations           | 399        |
|    time_elapsed         | 39         |
|    total_timesteps      | 25536      |
| train/                  |            |
|    approx_kl            | 0.02017507 |
|    clip_fraction        | 0.222      |
|    clip_range           | 0.2        |
|    entropy_loss         | -2.69      |
|    explained_variance   | -6.67      |
|    learning_rate        | 0.0003     |
|    loss                 | -0.0916    |
|    n_updates            | 3980       |
|    policy_gradient_loss | -0.0419    |
|    value_loss           | 2.53e-05   |
----------------------------------------
----------------------------------------
| rollout/                |            |
|    ep_len_mean          | 1e+03      |
|    ep_rew_mean          | -1         |
| time/                   |            |
|    fps                  | 648        |
|    iterations           | 400        |
|    time_elapsed         | 39         |
|    total_timesteps      | 25600      |
| train/                  |            |
|    approx_kl            | 0.02456528 |
|    clip_fraction        | 0.247      |
|    clip_range           | 0.2        |
|    entropy_loss         | -2.63      |
|    explained_variance   | -3.98      |
|    learning_rate        | 0.0003     |
|    loss                 | -0.106     |
|    n_updates            | 3990       |
|    policy_gradient_loss | -0.0526    |
|    value_loss           | 3.43e-05   |
----------------------------------------
-----------------------------------------
| rollout/                |             |
|    ep_len_mean          | 1e+03       |
|    ep_rew_mean          | -1          |
| time/                   |             |
|    fps                  | 648         |
|    iterations           | 401         |
|    time_elapsed         | 39          |
|    total_timesteps      | 25664       |
| train/                  |             |
|    approx_kl            | 0.024689324 |
|    clip_fraction        | 0.222       |
|    clip_range           | 0.2         |
|    entropy_loss         | -2.59       |
|    explained_variance   | -17.9       |
|    learning_rate        | 0.0003      |
|    loss                 | -0.12       |
|    n_updates            | 4000        |
|    policy_gradient_loss | -0.0558     |
|    value_loss           | 9.23e-06    |
-----------------------------------------
-----------------------------------------
| rollout/                |             |
|    ep_len_mean          | 1e+03       |
|    ep_rew_mean          | -1          |
| time/                   |             |
|    fps                  | 648         |
|    iterations           | 402         |
|    time_elapsed         | 39          |
|    total_timesteps      | 25728       |
| train/                  |             |
|    approx_kl            | 0.023814794 |
|    clip_fraction        | 0.211       |
|    clip_range           | 0.2         |
|    entropy_loss         | -2.6        |
|    explained_variance   | -3.8        |
|    learning_rate        | 0.0003      |
|    loss                 | -0.0822     |
|    n_updates            | 4010        |
|    policy_gradient_loss | -0.0466     |
|    value_loss           | 2.69e-06    |
-----------------------------------------
-----------------------------------------
| rollout/                |             |
|    ep_len_mean          | 1e+03       |
|    ep_rew_mean          | -1          |
| time/                   |             |
|    fps                  | 648         |
|    iterations           | 403         |
|    time_elapsed         | 39          |
|    total_timesteps      | 25792       |
| train/                  |             |
|    approx_kl            | 0.024011094 |
|    clip_fraction        | 0.208       |
|    clip_range           | 0.2         |
|    entropy_loss         | -2.59       |
|    explained_variance   | -3.69       |
|    learning_rate        | 0.0003      |
|    loss                 | -0.0632     |
|    n_updates            | 4020        |
|    policy_gradient_loss | -0.0268     |
|    value_loss           | 2.31e-06    |
-----------------------------------------
-----------------------------------------
| rollout/                |             |
|    ep_len_mean          | 1e+03       |
|    ep_rew_mean          | -1          |
| time/                   |             |
|    fps                  | 648         |
|    iterations           | 404         |
|    time_elapsed         | 39          |
|    total_timesteps      | 25856       |
| train/                  |             |
|    approx_kl            | 0.020397365 |
|    clip_fraction        | 0.186       |
|    clip_range           | 0.2         |
|    entropy_loss         | -2.6        |
|    explained_variance   | -33.6       |
|    learning_rate        | 0.0003      |
|    loss                 | -0.124      |
|    n_updates            | 4030        |
|    policy_gradient_loss | -0.0333     |
|    value_loss           | 9.86e-07    |
-----------------------------------------
-----------------------------------------
| rollout/                |             |
|    ep_len_mean          | 1e+03       |
|    ep_rew_mean          | -1          |
| time/                   |             |
|    fps                  | 648         |
|    iterations           | 405         |
|    time_elapsed         | 39          |
|    total_timesteps      | 25920       |
| train/                  |             |
|    approx_kl            | 0.022492906 |
|    clip_fraction        | 0.164       |
|    clip_range           | 0.2         |
|    entropy_loss         | -2.63       |
|    explained_variance   | -25.5       |
|    learning_rate        | 0.0003      |
|    loss                 | -0.0916     |
|    n_updates            | 4040        |
|    policy_gradient_loss | -0.0362     |
|    value_loss           | 2.31e-06    |
-----------------------------------------
-----------------------------------------
| rollout/                |             |
|    ep_len_mean          | 1e+03       |
|    ep_rew_mean          | -1          |
| time/                   |             |
|    fps                  | 648         |
|    iterations           | 406         |
|    time_elapsed         | 40          |
|    total_timesteps      | 25984       |
| train/                  |             |
|    approx_kl            | 0.023285922 |
|    clip_fraction        | 0.284       |
|    clip_range           | 0.2         |
|    entropy_loss         | -2.6        |
|    explained_variance   | -2.72       |
|    learning_rate        | 0.0003      |
|    loss                 | -0.131      |
|    n_updates            | 4050        |
|    policy_gradient_loss | -0.0524     |
|    value_loss           | 6.43e-07    |
-----------------------------------------
----------------------------------------
| rollout/                |            |
|    ep_len_mean          | 1e+03      |
|    ep_rew_mean          | -1         |
| time/                   |            |
|    fps                  | 648        |
|    iterations           | 407        |
|    time_elapsed         | 40         |
|    total_timesteps      | 26048      |
| train/                  |            |
|    approx_kl            | 0.01788799 |
|    clip_fraction        | 0.141      |
|    clip_range           | 0.2        |
|    entropy_loss         | -2.61      |
|    explained_variance   | -31.6      |
|    learning_rate        | 0.0003     |
|    loss                 | -0.0983    |
|    n_updates            | 4060       |
|    policy_gradient_loss | -0.0382    |
|    value_loss           | 5.99e-06   |
----------------------------------------
-----------------------------------------
| rollout/                |             |
|    ep_len_mean          | 1e+03       |
|    ep_rew_mean          | -1          |
| time/                   |             |
|    fps                  | 648         |
|    iterations           | 408         |
|    time_elapsed         | 40          |
|    total_timesteps      | 26112       |
| train/                  |             |
|    approx_kl            | 0.030170538 |
|    clip_fraction        | 0.25        |
|    clip_range           | 0.2         |
|    entropy_loss         | -2.6        |
|    explained_variance   | -0.0757     |
|    learning_rate        | 0.0003      |
|    loss                 | -0.119      |
|    n_updates            | 4070        |
|    policy_gradient_loss | -0.0591     |
|    value_loss           | 0.00073     |
-----------------------------------------
----------------------------------------
| rollout/                |            |
|    ep_len_mean          | 1e+03      |
|    ep_rew_mean          | -1         |
| time/                   |            |
|    fps                  | 648        |
|    iterations           | 409        |
|    time_elapsed         | 40         |
|    total_timesteps      | 26176      |
| train/                  |            |
|    approx_kl            | 0.01708693 |
|    clip_fraction        | 0.13       |
|    clip_range           | 0.2        |
|    entropy_loss         | -2.56      |
|    explained_variance   | -9.72      |
|    learning_rate        | 0.0003     |
|    loss                 | -0.127     |
|    n_updates            | 4080       |
|    policy_gradient_loss | -0.0406    |
|    value_loss           | 7.08e-05   |
----------------------------------------
----------------------------------------
| rollout/                |            |
|    ep_len_mean          | 1e+03      |
|    ep_rew_mean          | -1         |
| time/                   |            |
|    fps                  | 648        |
|    iterations           | 410        |
|    time_elapsed         | 40         |
|    total_timesteps      | 26240      |
| train/                  |            |
|    approx_kl            | 0.02469325 |
|    clip_fraction        | 0.202      |
|    clip_range           | 0.2        |
|    entropy_loss         | -2.59      |
|    explained_variance   | -11.4      |
|    learning_rate        | 0.0003     |
|    loss                 | -0.0676    |
|    n_updates            | 4090       |
|    policy_gradient_loss | -0.0451    |
|    value_loss           | 3.64e-06   |
----------------------------------------
-----------------------------------------
| rollout/                |             |
|    ep_len_mean          | 1e+03       |
|    ep_rew_mean          | -1          |
| time/                   |             |
|    fps                  | 648         |
|    iterations           | 411         |
|    time_elapsed         | 40          |
|    total_timesteps      | 26304       |
| train/                  |             |
|    approx_kl            | 0.020318683 |
|    clip_fraction        | 0.231       |
|    clip_range           | 0.2         |
|    entropy_loss         | -2.62       |
|    explained_variance   | -5.36       |
|    learning_rate        | 0.0003      |
|    loss                 | -0.076      |
|    n_updates            | 4100        |
|    policy_gradient_loss | -0.0415     |
|    value_loss           | 3.23e-05    |
-----------------------------------------
----------------------------------------
| rollout/                |            |
|    ep_len_mean          | 1e+03      |
|    ep_rew_mean          | -1         |
| time/                   |            |
|    fps                  | 648        |
|    iterations           | 412        |
|    time_elapsed         | 40         |
|    total_timesteps      | 26368      |
| train/                  |            |
|    approx_kl            | 0.02760602 |
|    clip_fraction        | 0.186      |
|    clip_range           | 0.2        |
|    entropy_loss         | -2.63      |
|    explained_variance   | -4         |
|    learning_rate        | 0.0003     |
|    loss                 | -0.112     |
|    n_updates            | 4110       |
|    policy_gradient_loss | -0.0437    |
|    value_loss           | 7.93e-06   |
----------------------------------------
----------------------------------------
| rollout/                |            |
|    ep_len_mean          | 1e+03      |
|    ep_rew_mean          | -1         |
| time/                   |            |
|    fps                  | 648        |
|    iterations           | 413        |
|    time_elapsed         | 40         |
|    total_timesteps      | 26432      |
| train/                  |            |
|    approx_kl            | 0.02511742 |
|    clip_fraction        | 0.278      |
|    clip_range           | 0.2        |
|    entropy_loss         | -2.66      |
|    explained_variance   | -4.06      |
|    learning_rate        | 0.0003     |
|    loss                 | 0.00728    |
|    n_updates            | 4120       |
|    policy_gradient_loss | -0.0439    |
|    value_loss           | 2.98e-06   |
----------------------------------------
-----------------------------------------
| rollout/                |             |
|    ep_len_mean          | 1e+03       |
|    ep_rew_mean          | -1          |
| time/                   |             |
|    fps                  | 648         |
|    iterations           | 414         |
|    time_elapsed         | 40          |
|    total_timesteps      | 26496       |
| train/                  |             |
|    approx_kl            | 0.026669018 |
|    clip_fraction        | 0.202       |
|    clip_range           | 0.2         |
|    entropy_loss         | -2.66       |
|    explained_variance   | -17.7       |
|    learning_rate        | 0.0003      |
|    loss                 | -0.118      |
|    n_updates            | 4130        |
|    policy_gradient_loss | -0.0413     |
|    value_loss           | 8.5e-06     |
-----------------------------------------
----------------------------------------
| rollout/                |            |
|    ep_len_mean          | 1e+03      |
|    ep_rew_mean          | -1         |
| time/                   |            |
|    fps                  | 648        |
|    iterations           | 415        |
|    time_elapsed         | 40         |
|    total_timesteps      | 26560      |
| train/                  |            |
|    approx_kl            | 0.03693301 |
|    clip_fraction        | 0.392      |
|    clip_range           | 0.2        |
|    entropy_loss         | -2.68      |
|    explained_variance   | -8.59      |
|    learning_rate        | 0.0003     |
|    loss                 | -0.0674    |
|    n_updates            | 4140       |
|    policy_gradient_loss | -0.052     |
|    value_loss           | 4.28e-06   |
----------------------------------------
-----------------------------------------
| rollout/                |             |
|    ep_len_mean          | 1e+03       |
|    ep_rew_mean          | -1          |
| time/                   |             |
|    fps                  | 648         |
|    iterations           | 416         |
|    time_elapsed         | 41          |
|    total_timesteps      | 26624       |
| train/                  |             |
|    approx_kl            | 0.031058315 |
|    clip_fraction        | 0.242       |
|    clip_range           | 0.2         |
|    entropy_loss         | -2.66       |
|    explained_variance   | -39.1       |
|    learning_rate        | 0.0003      |
|    loss                 | -0.0951     |
|    n_updates            | 4150        |
|    policy_gradient_loss | -0.0472     |
|    value_loss           | 1.99e-06    |
-----------------------------------------
----------------------------------------
| rollout/                |            |
|    ep_len_mean          | 1e+03      |
|    ep_rew_mean          | -1         |
| time/                   |            |
|    fps                  | 649        |
|    iterations           | 417        |
|    time_elapsed         | 41         |
|    total_timesteps      | 26688      |
| train/                  |            |
|    approx_kl            | 0.03203127 |
|    clip_fraction        | 0.272      |
|    clip_range           | 0.2        |
|    entropy_loss         | -2.62      |
|    explained_variance   | -38.3      |
|    learning_rate        | 0.0003     |
|    loss                 | -0.0995    |
|    n_updates            | 4160       |
|    policy_gradient_loss | -0.0456    |
|    value_loss           | 4.54e-06   |
----------------------------------------
-----------------------------------------
| rollout/                |             |
|    ep_len_mean          | 1e+03       |
|    ep_rew_mean          | -1          |
| time/                   |             |
|    fps                  | 649         |
|    iterations           | 418         |
|    time_elapsed         | 41          |
|    total_timesteps      | 26752       |
| train/                  |             |
|    approx_kl            | 0.022176033 |
|    clip_fraction        | 0.205       |
|    clip_range           | 0.2         |
|    entropy_loss         | -2.59       |
|    explained_variance   | 0.0259      |
|    learning_rate        | 0.0003      |
|    loss                 | -0.122      |
|    n_updates            | 4170        |
|    policy_gradient_loss | -0.0452     |
|    value_loss           | 3.28e-06    |
-----------------------------------------
-----------------------------------------
| rollout/                |             |
|    ep_len_mean          | 1e+03       |
|    ep_rew_mean          | -1          |
| time/                   |             |
|    fps                  | 649         |
|    iterations           | 419         |
|    time_elapsed         | 41          |
|    total_timesteps      | 26816       |
| train/                  |             |
|    approx_kl            | 0.029155405 |
|    clip_fraction        | 0.275       |
|    clip_range           | 0.2         |
|    entropy_loss         | -2.64       |
|    explained_variance   | -102        |
|    learning_rate        | 0.0003      |
|    loss                 | -0.0952     |
|    n_updates            | 4180        |
|    policy_gradient_loss | -0.0512     |
|    value_loss           | 6.14e-06    |
-----------------------------------------
-----------------------------------------
| rollout/                |             |
|    ep_len_mean          | 1e+03       |
|    ep_rew_mean          | -1          |
| time/                   |             |
|    fps                  | 649         |
|    iterations           | 420         |
|    time_elapsed         | 41          |
|    total_timesteps      | 26880       |
| train/                  |             |
|    approx_kl            | 0.038116537 |
|    clip_fraction        | 0.347       |
|    clip_range           | 0.2         |
|    entropy_loss         | -2.62       |
|    explained_variance   | -21.4       |
|    learning_rate        | 0.0003      |
|    loss                 | -0.113      |
|    n_updates            | 4190        |
|    policy_gradient_loss | -0.0487     |
|    value_loss           | 5.38e-06    |
-----------------------------------------
-----------------------------------------
| rollout/                |             |
|    ep_len_mean          | 1e+03       |
|    ep_rew_mean          | -1          |
| time/                   |             |
|    fps                  | 649         |
|    iterations           | 421         |
|    time_elapsed         | 41          |
|    total_timesteps      | 26944       |
| train/                  |             |
|    approx_kl            | 0.020610679 |
|    clip_fraction        | 0.192       |
|    clip_range           | 0.2         |
|    entropy_loss         | -2.57       |
|    explained_variance   | -5.71       |
|    learning_rate        | 0.0003      |
|    loss                 | -0.0531     |
|    n_updates            | 4200        |
|    policy_gradient_loss | -0.0295     |
|    value_loss           | 2.98e-06    |
-----------------------------------------
----------------------------------------
| rollout/                |            |
|    ep_len_mean          | 1e+03      |
|    ep_rew_mean          | -1         |
| time/                   |            |
|    fps                  | 649        |
|    iterations           | 422        |
|    time_elapsed         | 41         |
|    total_timesteps      | 27008      |
| train/                  |            |
|    approx_kl            | 0.02158526 |
|    clip_fraction        | 0.145      |
|    clip_range           | 0.2        |
|    entropy_loss         | -2.56      |
|    explained_variance   | -17.8      |
|    learning_rate        | 0.0003     |
|    loss                 | -0.0665    |
|    n_updates            | 4210       |
|    policy_gradient_loss | -0.0249    |
|    value_loss           | 1.95e-06   |
----------------------------------------
-----------------------------------------
| rollout/                |             |
|    ep_len_mean          | 1e+03       |
|    ep_rew_mean          | -1          |
| time/                   |             |
|    fps                  | 649         |
|    iterations           | 423         |
|    time_elapsed         | 41          |
|    total_timesteps      | 27072       |
| train/                  |             |
|    approx_kl            | 0.017069165 |
|    clip_fraction        | 0.172       |
|    clip_range           | 0.2         |
|    entropy_loss         | -2.53       |
|    explained_variance   | -0.0144     |
|    learning_rate        | 0.0003      |
|    loss                 | -0.0672     |
|    n_updates            | 4220        |
|    policy_gradient_loss | -0.0402     |
|    value_loss           | 0.000752    |
-----------------------------------------
-----------------------------------------
| rollout/                |             |
|    ep_len_mean          | 1e+03       |
|    ep_rew_mean          | -1          |
| time/                   |             |
|    fps                  | 649         |
|    iterations           | 424         |
|    time_elapsed         | 41          |
|    total_timesteps      | 27136       |
| train/                  |             |
|    approx_kl            | 0.025098186 |
|    clip_fraction        | 0.266       |
|    clip_range           | 0.2         |
|    entropy_loss         | -2.57       |
|    explained_variance   | -53.4       |
|    learning_rate        | 0.0003      |
|    loss                 | -0.0634     |
|    n_updates            | 4230        |
|    policy_gradient_loss | -0.049      |
|    value_loss           | 8.87e-05    |
-----------------------------------------
-----------------------------------------
| rollout/                |             |
|    ep_len_mean          | 1e+03       |
|    ep_rew_mean          | -1          |
| time/                   |             |
|    fps                  | 649         |
|    iterations           | 425         |
|    time_elapsed         | 41          |
|    total_timesteps      | 27200       |
| train/                  |             |
|    approx_kl            | 0.020458594 |
|    clip_fraction        | 0.245       |
|    clip_range           | 0.2         |
|    entropy_loss         | -2.62       |
|    explained_variance   | -9.95       |
|    learning_rate        | 0.0003      |
|    loss                 | -0.0938     |
|    n_updates            | 4240        |
|    policy_gradient_loss | -0.0435     |
|    value_loss           | 1.2e-05     |
-----------------------------------------
----------------------------------------
| rollout/                |            |
|    ep_len_mean          | 1e+03      |
|    ep_rew_mean          | -1         |
| time/                   |            |
|    fps                  | 649        |
|    iterations           | 426        |
|    time_elapsed         | 41         |
|    total_timesteps      | 27264      |
| train/                  |            |
|    approx_kl            | 0.04880211 |
|    clip_fraction        | 0.352      |
|    clip_range           | 0.2        |
|    entropy_loss         | -2.6       |
|    explained_variance   | -1.62      |
|    learning_rate        | 0.0003     |
|    loss                 | -0.117     |
|    n_updates            | 4250       |
|    policy_gradient_loss | -0.0623    |
|    value_loss           | 6.72e-06   |
----------------------------------------
-----------------------------------------
| rollout/                |             |
|    ep_len_mean          | 1e+03       |
|    ep_rew_mean          | -1          |
| time/                   |             |
|    fps                  | 649         |
|    iterations           | 427         |
|    time_elapsed         | 42          |
|    total_timesteps      | 27328       |
| train/                  |             |
|    approx_kl            | 0.031916663 |
|    clip_fraction        | 0.273       |
|    clip_range           | 0.2         |
|    entropy_loss         | -2.59       |
|    explained_variance   | -11.3       |
|    learning_rate        | 0.0003      |
|    loss                 | -0.0401     |
|    n_updates            | 4260        |
|    policy_gradient_loss | -0.026      |
|    value_loss           | 4.77e-06    |
-----------------------------------------
-----------------------------------------
| rollout/                |             |
|    ep_len_mean          | 1e+03       |
|    ep_rew_mean          | -1          |
| time/                   |             |
|    fps                  | 649         |
|    iterations           | 428         |
|    time_elapsed         | 42          |
|    total_timesteps      | 27392       |
| train/                  |             |
|    approx_kl            | 0.025369722 |
|    clip_fraction        | 0.214       |
|    clip_range           | 0.2         |
|    entropy_loss         | -2.61       |
|    explained_variance   | -3.92       |
|    learning_rate        | 0.0003      |
|    loss                 | -0.0537     |
|    n_updates            | 4270        |
|    policy_gradient_loss | -0.0485     |
|    value_loss           | 8.88e-06    |
-----------------------------------------
-----------------------------------------
| rollout/                |             |
|    ep_len_mean          | 1e+03       |
|    ep_rew_mean          | -1          |
| time/                   |             |
|    fps                  | 649         |
|    iterations           | 429         |
|    time_elapsed         | 42          |
|    total_timesteps      | 27456       |
| train/                  |             |
|    approx_kl            | 0.016396403 |
|    clip_fraction        | 0.142       |
|    clip_range           | 0.2         |
|    entropy_loss         | -2.59       |
|    explained_variance   | -2.17       |
|    learning_rate        | 0.0003      |
|    loss                 | -0.092      |
|    n_updates            | 4280        |
|    policy_gradient_loss | -0.0312     |
|    value_loss           | 5.56e-06    |
-----------------------------------------
-----------------------------------------
| rollout/                |             |
|    ep_len_mean          | 1e+03       |
|    ep_rew_mean          | -1          |
| time/                   |             |
|    fps                  | 649         |
|    iterations           | 430         |
|    time_elapsed         | 42          |
|    total_timesteps      | 27520       |
| train/                  |             |
|    approx_kl            | 0.021685783 |
|    clip_fraction        | 0.302       |
|    clip_range           | 0.2         |
|    entropy_loss         | -2.59       |
|    explained_variance   | -11.4       |
|    learning_rate        | 0.0003      |
|    loss                 | -0.109      |
|    n_updates            | 4290        |
|    policy_gradient_loss | -0.0495     |
|    value_loss           | 6.84e-06    |
-----------------------------------------
-----------------------------------------
| rollout/                |             |
|    ep_len_mean          | 1e+03       |
|    ep_rew_mean          | -1          |
| time/                   |             |
|    fps                  | 649         |
|    iterations           | 431         |
|    time_elapsed         | 42          |
|    total_timesteps      | 27584       |
| train/                  |             |
|    approx_kl            | 0.018624704 |
|    clip_fraction        | 0.136       |
|    clip_range           | 0.2         |
|    entropy_loss         | -2.55       |
|    explained_variance   | -34.3       |
|    learning_rate        | 0.0003      |
|    loss                 | -0.0965     |
|    n_updates            | 4300        |
|    policy_gradient_loss | -0.0297     |
|    value_loss           | 1.32e-05    |
-----------------------------------------
-----------------------------------------
| rollout/                |             |
|    ep_len_mean          | 1e+03       |
|    ep_rew_mean          | -1          |
| time/                   |             |
|    fps                  | 649         |
|    iterations           | 432         |
|    time_elapsed         | 42          |
|    total_timesteps      | 27648       |
| train/                  |             |
|    approx_kl            | 0.032856952 |
|    clip_fraction        | 0.278       |
|    clip_range           | 0.2         |
|    entropy_loss         | -2.45       |
|    explained_variance   | -2.27       |
|    learning_rate        | 0.0003      |
|    loss                 | -0.103      |
|    n_updates            | 4310        |
|    policy_gradient_loss | -0.0398     |
|    value_loss           | 3.96e-06    |
-----------------------------------------
-----------------------------------------
| rollout/                |             |
|    ep_len_mean          | 1e+03       |
|    ep_rew_mean          | -1          |
| time/                   |             |
|    fps                  | 649         |
|    iterations           | 433         |
|    time_elapsed         | 42          |
|    total_timesteps      | 27712       |
| train/                  |             |
|    approx_kl            | 0.015518367 |
|    clip_fraction        | 0.2         |
|    clip_range           | 0.2         |
|    entropy_loss         | -2.43       |
|    explained_variance   | -13.5       |
|    learning_rate        | 0.0003      |
|    loss                 | -0.0652     |
|    n_updates            | 4320        |
|    policy_gradient_loss | -0.035      |
|    value_loss           | 3.04e-06    |
-----------------------------------------
----------------------------------------
| rollout/                |            |
|    ep_len_mean          | 1e+03      |
|    ep_rew_mean          | -1         |
| time/                   |            |
|    fps                  | 649        |
|    iterations           | 434        |
|    time_elapsed         | 42         |
|    total_timesteps      | 27776      |
| train/                  |            |
|    approx_kl            | 0.05246983 |
|    clip_fraction        | 0.364      |
|    clip_range           | 0.2        |
|    entropy_loss         | -2.42      |
|    explained_variance   | -0.871     |
|    learning_rate        | 0.0003     |
|    loss                 | -0.0951    |
|    n_updates            | 4330       |
|    policy_gradient_loss | -0.0667    |
|    value_loss           | 1.35e-06   |
----------------------------------------
-----------------------------------------
| rollout/                |             |
|    ep_len_mean          | 1e+03       |
|    ep_rew_mean          | -1          |
| time/                   |             |
|    fps                  | 649         |
|    iterations           | 435         |
|    time_elapsed         | 42          |
|    total_timesteps      | 27840       |
| train/                  |             |
|    approx_kl            | 0.020628791 |
|    clip_fraction        | 0.245       |
|    clip_range           | 0.2         |
|    entropy_loss         | -2.4        |
|    explained_variance   | -4.2        |
|    learning_rate        | 0.0003      |
|    loss                 | -0.0752     |
|    n_updates            | 4340        |
|    policy_gradient_loss | -0.0327     |
|    value_loss           | 1.76e-06    |
-----------------------------------------
-----------------------------------------
| rollout/                |             |
|    ep_len_mean          | 1e+03       |
|    ep_rew_mean          | -1          |
| time/                   |             |
|    fps                  | 649         |
|    iterations           | 436         |
|    time_elapsed         | 42          |
|    total_timesteps      | 27904       |
| train/                  |             |
|    approx_kl            | 0.010646336 |
|    clip_fraction        | 0.0875      |
|    clip_range           | 0.2         |
|    entropy_loss         | -2.41       |
|    explained_variance   | -15.3       |
|    learning_rate        | 0.0003      |
|    loss                 | -0.0433     |
|    n_updates            | 4350        |
|    policy_gradient_loss | -0.0211     |
|    value_loss           | 1.02e-06    |
-----------------------------------------
----------------------------------------
| rollout/                |            |
|    ep_len_mean          | 1e+03      |
|    ep_rew_mean          | -1         |
| time/                   |            |
|    fps                  | 649        |
|    iterations           | 437        |
|    time_elapsed         | 43         |
|    total_timesteps      | 27968      |
| train/                  |            |
|    approx_kl            | 0.01978557 |
|    clip_fraction        | 0.198      |
|    clip_range           | 0.2        |
|    entropy_loss         | -2.41      |
|    explained_variance   | -8.18      |
|    learning_rate        | 0.0003     |
|    loss                 | -0.0827    |
|    n_updates            | 4360       |
|    policy_gradient_loss | -0.0278    |
|    value_loss           | 8.45e-07   |
----------------------------------------
-----------------------------------------
| rollout/                |             |
|    ep_len_mean          | 1e+03       |
|    ep_rew_mean          | -1          |
| time/                   |             |
|    fps                  | 649         |
|    iterations           | 438         |
|    time_elapsed         | 43          |
|    total_timesteps      | 28032       |
| train/                  |             |
|    approx_kl            | 0.026589442 |
|    clip_fraction        | 0.211       |
|    clip_range           | 0.2         |
|    entropy_loss         | -2.4        |
|    explained_variance   | -57.8       |
|    learning_rate        | 0.0003      |
|    loss                 | -0.0704     |
|    n_updates            | 4370        |
|    policy_gradient_loss | -0.033      |
|    value_loss           | 1.59e-06    |
-----------------------------------------
----------------------------------------
| rollout/                |            |
|    ep_len_mean          | 1e+03      |
|    ep_rew_mean          | -1         |
| time/                   |            |
|    fps                  | 649        |
|    iterations           | 439        |
|    time_elapsed         | 43         |
|    total_timesteps      | 28096      |
| train/                  |            |
|    approx_kl            | 0.03361746 |
|    clip_fraction        | 0.241      |
|    clip_range           | 0.2        |
|    entropy_loss         | -2.41      |
|    explained_variance   | -0.0586    |
|    learning_rate        | 0.0003     |
|    loss                 | -0.136     |
|    n_updates            | 4380       |
|    policy_gradient_loss | -0.0631    |
|    value_loss           | 0.000753   |
----------------------------------------
----------------------------------------
| rollout/                |            |
|    ep_len_mean          | 1e+03      |
|    ep_rew_mean          | -1         |
| time/                   |            |
|    fps                  | 649        |
|    iterations           | 440        |
|    time_elapsed         | 43         |
|    total_timesteps      | 28160      |
| train/                  |            |
|    approx_kl            | 0.03561061 |
|    clip_fraction        | 0.391      |
|    clip_range           | 0.2        |
|    entropy_loss         | -2.41      |
|    explained_variance   | -3.93      |
|    learning_rate        | 0.0003     |
|    loss                 | -0.0918    |
|    n_updates            | 4390       |
|    policy_gradient_loss | -0.0536    |
|    value_loss           | 0.000311   |
----------------------------------------
-----------------------------------------
| rollout/                |             |
|    ep_len_mean          | 1e+03       |
|    ep_rew_mean          | -1          |
| time/                   |             |
|    fps                  | 649         |
|    iterations           | 441         |
|    time_elapsed         | 43          |
|    total_timesteps      | 28224       |
| train/                  |             |
|    approx_kl            | 0.022036158 |
|    clip_fraction        | 0.227       |
|    clip_range           | 0.2         |
|    entropy_loss         | -2.46       |
|    explained_variance   | -1.25       |
|    learning_rate        | 0.0003      |
|    loss                 | -0.105      |
|    n_updates            | 4400        |
|    policy_gradient_loss | -0.0416     |
|    value_loss           | 2.35e-05    |
-----------------------------------------
-----------------------------------------
| rollout/                |             |
|    ep_len_mean          | 1e+03       |
|    ep_rew_mean          | -1          |
| time/                   |             |
|    fps                  | 649         |
|    iterations           | 442         |
|    time_elapsed         | 43          |
|    total_timesteps      | 28288       |
| train/                  |             |
|    approx_kl            | 0.018347688 |
|    clip_fraction        | 0.202       |
|    clip_range           | 0.2         |
|    entropy_loss         | -2.51       |
|    explained_variance   | -34         |
|    learning_rate        | 0.0003      |
|    loss                 | -0.081      |
|    n_updates            | 4410        |
|    policy_gradient_loss | -0.0437     |
|    value_loss           | 1.28e-05    |
-----------------------------------------
-----------------------------------------
| rollout/                |             |
|    ep_len_mean          | 1e+03       |
|    ep_rew_mean          | -1          |
| time/                   |             |
|    fps                  | 649         |
|    iterations           | 443         |
|    time_elapsed         | 43          |
|    total_timesteps      | 28352       |
| train/                  |             |
|    approx_kl            | 0.028652743 |
|    clip_fraction        | 0.25        |
|    clip_range           | 0.2         |
|    entropy_loss         | -2.57       |
|    explained_variance   | -11.6       |
|    learning_rate        | 0.0003      |
|    loss                 | -0.089      |
|    n_updates            | 4420        |
|    policy_gradient_loss | -0.029      |
|    value_loss           | 2.13e-06    |
-----------------------------------------
-----------------------------------------
| rollout/                |             |
|    ep_len_mean          | 1e+03       |
|    ep_rew_mean          | -1          |
| time/                   |             |
|    fps                  | 649         |
|    iterations           | 444         |
|    time_elapsed         | 43          |
|    total_timesteps      | 28416       |
| train/                  |             |
|    approx_kl            | 0.017514765 |
|    clip_fraction        | 0.127       |
|    clip_range           | 0.2         |
|    entropy_loss         | -2.61       |
|    explained_variance   | -12.3       |
|    learning_rate        | 0.0003      |
|    loss                 | -0.0614     |
|    n_updates            | 4430        |
|    policy_gradient_loss | -0.0219     |
|    value_loss           | 3.94e-06    |
-----------------------------------------
-----------------------------------------
| rollout/                |             |
|    ep_len_mean          | 1e+03       |
|    ep_rew_mean          | -1          |
| time/                   |             |
|    fps                  | 649         |
|    iterations           | 445         |
|    time_elapsed         | 43          |
|    total_timesteps      | 28480       |
| train/                  |             |
|    approx_kl            | 0.028945476 |
|    clip_fraction        | 0.236       |
|    clip_range           | 0.2         |
|    entropy_loss         | -2.7        |
|    explained_variance   | -29.5       |
|    learning_rate        | 0.0003      |
|    loss                 | -0.105      |
|    n_updates            | 4440        |
|    policy_gradient_loss | -0.0332     |
|    value_loss           | 5.17e-06    |
-----------------------------------------
-----------------------------------------
| rollout/                |             |
|    ep_len_mean          | 1e+03       |
|    ep_rew_mean          | -1          |
| time/                   |             |
|    fps                  | 649         |
|    iterations           | 446         |
|    time_elapsed         | 43          |
|    total_timesteps      | 28544       |
| train/                  |             |
|    approx_kl            | 0.034231924 |
|    clip_fraction        | 0.18        |
|    clip_range           | 0.2         |
|    entropy_loss         | -2.72       |
|    explained_variance   | -17.7       |
|    learning_rate        | 0.0003      |
|    loss                 | -0.0589     |
|    n_updates            | 4450        |
|    policy_gradient_loss | -0.0396     |
|    value_loss           | 1.24e-06    |
-----------------------------------------
-----------------------------------------
| rollout/                |             |
|    ep_len_mean          | 1e+03       |
|    ep_rew_mean          | -1          |
| time/                   |             |
|    fps                  | 649         |
|    iterations           | 447         |
|    time_elapsed         | 44          |
|    total_timesteps      | 28608       |
| train/                  |             |
|    approx_kl            | 0.019184565 |
|    clip_fraction        | 0.161       |
|    clip_range           | 0.2         |
|    entropy_loss         | -2.68       |
|    explained_variance   | -8.44       |
|    learning_rate        | 0.0003      |
|    loss                 | -0.105      |
|    n_updates            | 4460        |
|    policy_gradient_loss | -0.0433     |
|    value_loss           | 2.7e-06     |
-----------------------------------------
----------------------------------------
| rollout/                |            |
|    ep_len_mean          | 1e+03      |
|    ep_rew_mean          | -1         |
| time/                   |            |
|    fps                  | 649        |
|    iterations           | 448        |
|    time_elapsed         | 44         |
|    total_timesteps      | 28672      |
| train/                  |            |
|    approx_kl            | 0.03628912 |
|    clip_fraction        | 0.292      |
|    clip_range           | 0.2        |
|    entropy_loss         | -2.61      |
|    explained_variance   | -35.4      |
|    learning_rate        | 0.0003     |
|    loss                 | -0.089     |
|    n_updates            | 4470       |
|    policy_gradient_loss | -0.0483    |
|    value_loss           | 1.45e-06   |
----------------------------------------
-----------------------------------------
| rollout/                |             |
|    ep_len_mean          | 1e+03       |
|    ep_rew_mean          | -1          |
| time/                   |             |
|    fps                  | 649         |
|    iterations           | 449         |
|    time_elapsed         | 44          |
|    total_timesteps      | 28736       |
| train/                  |             |
|    approx_kl            | 0.019469697 |
|    clip_fraction        | 0.209       |
|    clip_range           | 0.2         |
|    entropy_loss         | -2.54       |
|    explained_variance   | -41.3       |
|    learning_rate        | 0.0003      |
|    loss                 | -0.0891     |
|    n_updates            | 4480        |
|    policy_gradient_loss | -0.0347     |
|    value_loss           | 1.09e-06    |
-----------------------------------------
-----------------------------------------
| rollout/                |             |
|    ep_len_mean          | 1e+03       |
|    ep_rew_mean          | -1          |
| time/                   |             |
|    fps                  | 649         |
|    iterations           | 450         |
|    time_elapsed         | 44          |
|    total_timesteps      | 28800       |
| train/                  |             |
|    approx_kl            | 0.017404467 |
|    clip_fraction        | 0.206       |
|    clip_range           | 0.2         |
|    entropy_loss         | -2.55       |
|    explained_variance   | -13.1       |
|    learning_rate        | 0.0003      |
|    loss                 | -0.103      |
|    n_updates            | 4490        |
|    policy_gradient_loss | -0.0402     |
|    value_loss           | 1.06e-06    |
-----------------------------------------
----------------------------------------
| rollout/                |            |
|    ep_len_mean          | 1e+03      |
|    ep_rew_mean          | -1         |
| time/                   |            |
|    fps                  | 649        |
|    iterations           | 451        |
|    time_elapsed         | 44         |
|    total_timesteps      | 28864      |
| train/                  |            |
|    approx_kl            | 0.04137495 |
|    clip_fraction        | 0.275      |
|    clip_range           | 0.2        |
|    entropy_loss         | -2.61      |
|    explained_variance   | -13.6      |
|    learning_rate        | 0.0003     |
|    loss                 | -0.131     |
|    n_updates            | 4500       |
|    policy_gradient_loss | -0.0359    |
|    value_loss           | 1.3e-06    |
----------------------------------------
-----------------------------------------
| rollout/                |             |
|    ep_len_mean          | 1e+03       |
|    ep_rew_mean          | -1          |
| time/                   |             |
|    fps                  | 649         |
|    iterations           | 452         |
|    time_elapsed         | 44          |
|    total_timesteps      | 28928       |
| train/                  |             |
|    approx_kl            | 0.027719293 |
|    clip_fraction        | 0.217       |
|    clip_range           | 0.2         |
|    entropy_loss         | -2.61       |
|    explained_variance   | -17.3       |
|    learning_rate        | 0.0003      |
|    loss                 | -0.0995     |
|    n_updates            | 4510        |
|    policy_gradient_loss | -0.0374     |
|    value_loss           | 2.54e-07    |
-----------------------------------------
-----------------------------------------
| rollout/                |             |
|    ep_len_mean          | 1e+03       |
|    ep_rew_mean          | -1          |
| time/                   |             |
|    fps                  | 649         |
|    iterations           | 453         |
|    time_elapsed         | 44          |
|    total_timesteps      | 28992       |
| train/                  |             |
|    approx_kl            | 0.024911478 |
|    clip_fraction        | 0.17        |
|    clip_range           | 0.2         |
|    entropy_loss         | -2.63       |
|    explained_variance   | -10.7       |
|    learning_rate        | 0.0003      |
|    loss                 | -0.106      |
|    n_updates            | 4520        |
|    policy_gradient_loss | -0.038      |
|    value_loss           | 3.27e-07    |
-----------------------------------------
-----------------------------------------
| rollout/                |             |
|    ep_len_mean          | 1e+03       |
|    ep_rew_mean          | -1          |
| time/                   |             |
|    fps                  | 649         |
|    iterations           | 454         |
|    time_elapsed         | 44          |
|    total_timesteps      | 29056       |
| train/                  |             |
|    approx_kl            | 0.014322089 |
|    clip_fraction        | 0.0781      |
|    clip_range           | 0.2         |
|    entropy_loss         | -2.65       |
|    explained_variance   | -31.3       |
|    learning_rate        | 0.0003      |
|    loss                 | -0.00782    |
|    n_updates            | 4530        |
|    policy_gradient_loss | -0.0229     |
|    value_loss           | 3.25e-06    |
-----------------------------------------
----------------------------------------
| rollout/                |            |
|    ep_len_mean          | 1e+03      |
|    ep_rew_mean          | -1         |
| time/                   |            |
|    fps                  | 649        |
|    iterations           | 455        |
|    time_elapsed         | 44         |
|    total_timesteps      | 29120      |
| train/                  |            |
|    approx_kl            | 0.02175572 |
|    clip_fraction        | 0.231      |
|    clip_range           | 0.2        |
|    entropy_loss         | -2.66      |
|    explained_variance   | 0.000513   |
|    learning_rate        | 0.0003     |
|    loss                 | -0.136     |
|    n_updates            | 4540       |
|    policy_gradient_loss | -0.0394    |
|    value_loss           | 0.000783   |
----------------------------------------
-----------------------------------------
| rollout/                |             |
|    ep_len_mean          | 1e+03       |
|    ep_rew_mean          | -1          |
| time/                   |             |
|    fps                  | 649         |
|    iterations           | 456         |
|    time_elapsed         | 44          |
|    total_timesteps      | 29184       |
| train/                  |             |
|    approx_kl            | 0.018699903 |
|    clip_fraction        | 0.161       |
|    clip_range           | 0.2         |
|    entropy_loss         | -2.62       |
|    explained_variance   | -9.39       |
|    learning_rate        | 0.0003      |
|    loss                 | -0.124      |
|    n_updates            | 4550        |
|    policy_gradient_loss | -0.0429     |
|    value_loss           | 9.27e-05    |
-----------------------------------------
-----------------------------------------
| rollout/                |             |
|    ep_len_mean          | 1e+03       |
|    ep_rew_mean          | -1          |
| time/                   |             |
|    fps                  | 649         |
|    iterations           | 457         |
|    time_elapsed         | 45          |
|    total_timesteps      | 29248       |
| train/                  |             |
|    approx_kl            | 0.020747539 |
|    clip_fraction        | 0.159       |
|    clip_range           | 0.2         |
|    entropy_loss         | -2.63       |
|    explained_variance   | -7.08       |
|    learning_rate        | 0.0003      |
|    loss                 | -0.14       |
|    n_updates            | 4560        |
|    policy_gradient_loss | -0.0506     |
|    value_loss           | 3.92e-06    |
-----------------------------------------
-----------------------------------------
| rollout/                |             |
|    ep_len_mean          | 1e+03       |
|    ep_rew_mean          | -1          |
| time/                   |             |
|    fps                  | 649         |
|    iterations           | 458         |
|    time_elapsed         | 45          |
|    total_timesteps      | 29312       |
| train/                  |             |
|    approx_kl            | 0.020047717 |
|    clip_fraction        | 0.177       |
|    clip_range           | 0.2         |
|    entropy_loss         | -2.64       |
|    explained_variance   | -1.98       |
|    learning_rate        | 0.0003      |
|    loss                 | -0.0626     |
|    n_updates            | 4570        |
|    policy_gradient_loss | -0.0317     |
|    value_loss           | 3.16e-06    |
-----------------------------------------
-----------------------------------------
| rollout/                |             |
|    ep_len_mean          | 1e+03       |
|    ep_rew_mean          | -1          |
| time/                   |             |
|    fps                  | 649         |
|    iterations           | 459         |
|    time_elapsed         | 45          |
|    total_timesteps      | 29376       |
| train/                  |             |
|    approx_kl            | 0.033206988 |
|    clip_fraction        | 0.247       |
|    clip_range           | 0.2         |
|    entropy_loss         | -2.61       |
|    explained_variance   | -64.5       |
|    learning_rate        | 0.0003      |
|    loss                 | -0.107      |
|    n_updates            | 4580        |
|    policy_gradient_loss | -0.0429     |
|    value_loss           | 6.71e-06    |
-----------------------------------------
-----------------------------------------
| rollout/                |             |
|    ep_len_mean          | 1e+03       |
|    ep_rew_mean          | -1          |
| time/                   |             |
|    fps                  | 649         |
|    iterations           | 460         |
|    time_elapsed         | 45          |
|    total_timesteps      | 29440       |
| train/                  |             |
|    approx_kl            | 0.017657783 |
|    clip_fraction        | 0.183       |
|    clip_range           | 0.2         |
|    entropy_loss         | -2.57       |
|    explained_variance   | -0.814      |
|    learning_rate        | 0.0003      |
|    loss                 | -0.127      |
|    n_updates            | 4590        |
|    policy_gradient_loss | -0.029      |
|    value_loss           | 1.61e-06    |
-----------------------------------------
-----------------------------------------
| rollout/                |             |
|    ep_len_mean          | 1e+03       |
|    ep_rew_mean          | -1          |
| time/                   |             |
|    fps                  | 649         |
|    iterations           | 461         |
|    time_elapsed         | 45          |
|    total_timesteps      | 29504       |
| train/                  |             |
|    approx_kl            | 0.022872131 |
|    clip_fraction        | 0.245       |
|    clip_range           | 0.2         |
|    entropy_loss         | -2.57       |
|    explained_variance   | -10.9       |
|    learning_rate        | 0.0003      |
|    loss                 | -0.108      |
|    n_updates            | 4600        |
|    policy_gradient_loss | -0.0375     |
|    value_loss           | 1.51e-06    |
-----------------------------------------
-----------------------------------------
| rollout/                |             |
|    ep_len_mean          | 1e+03       |
|    ep_rew_mean          | -1          |
| time/                   |             |
|    fps                  | 649         |
|    iterations           | 462         |
|    time_elapsed         | 45          |
|    total_timesteps      | 29568       |
| train/                  |             |
|    approx_kl            | 0.021941407 |
|    clip_fraction        | 0.166       |
|    clip_range           | 0.2         |
|    entropy_loss         | -2.64       |
|    explained_variance   | -13.1       |
|    learning_rate        | 0.0003      |
|    loss                 | -0.0655     |
|    n_updates            | 4610        |
|    policy_gradient_loss | -0.0281     |
|    value_loss           | 2.5e-06     |
-----------------------------------------
-----------------------------------------
| rollout/                |             |
|    ep_len_mean          | 1e+03       |
|    ep_rew_mean          | -1          |
| time/                   |             |
|    fps                  | 649         |
|    iterations           | 463         |
|    time_elapsed         | 45          |
|    total_timesteps      | 29632       |
| train/                  |             |
|    approx_kl            | 0.027176417 |
|    clip_fraction        | 0.267       |
|    clip_range           | 0.2         |
|    entropy_loss         | -2.63       |
|    explained_variance   | -6.87       |
|    learning_rate        | 0.0003      |
|    loss                 | -0.146      |
|    n_updates            | 4620        |
|    policy_gradient_loss | -0.0554     |
|    value_loss           | 9.13e-07    |
-----------------------------------------
----------------------------------------
| rollout/                |            |
|    ep_len_mean          | 1e+03      |
|    ep_rew_mean          | -1         |
| time/                   |            |
|    fps                  | 649        |
|    iterations           | 464        |
|    time_elapsed         | 45         |
|    total_timesteps      | 29696      |
| train/                  |            |
|    approx_kl            | 0.02103027 |
|    clip_fraction        | 0.2        |
|    clip_range           | 0.2        |
|    entropy_loss         | -2.65      |
|    explained_variance   | -35.2      |
|    learning_rate        | 0.0003     |
|    loss                 | -0.0607    |
|    n_updates            | 4630       |
|    policy_gradient_loss | -0.0353    |
|    value_loss           | 1.46e-06   |
----------------------------------------
----------------------------------------
| rollout/                |            |
|    ep_len_mean          | 1e+03      |
|    ep_rew_mean          | -1         |
| time/                   |            |
|    fps                  | 649        |
|    iterations           | 465        |
|    time_elapsed         | 45         |
|    total_timesteps      | 29760      |
| train/                  |            |
|    approx_kl            | 0.01624703 |
|    clip_fraction        | 0.0984     |
|    clip_range           | 0.2        |
|    entropy_loss         | -2.63      |
|    explained_variance   | -4.5       |
|    learning_rate        | 0.0003     |
|    loss                 | -0.0787    |
|    n_updates            | 4640       |
|    policy_gradient_loss | -0.0311    |
|    value_loss           | 4.61e-07   |
----------------------------------------
-----------------------------------------
| rollout/                |             |
|    ep_len_mean          | 1e+03       |
|    ep_rew_mean          | -1          |
| time/                   |             |
|    fps                  | 649         |
|    iterations           | 466         |
|    time_elapsed         | 45          |
|    total_timesteps      | 29824       |
| train/                  |             |
|    approx_kl            | 0.018898938 |
|    clip_fraction        | 0.133       |
|    clip_range           | 0.2         |
|    entropy_loss         | -2.6        |
|    explained_variance   | -24.5       |
|    learning_rate        | 0.0003      |
|    loss                 | -0.0939     |
|    n_updates            | 4650        |
|    policy_gradient_loss | -0.0487     |
|    value_loss           | 2.15e-06    |
-----------------------------------------
-----------------------------------------
| rollout/                |             |
|    ep_len_mean          | 1e+03       |
|    ep_rew_mean          | -1          |
| time/                   |             |
|    fps                  | 649         |
|    iterations           | 467         |
|    time_elapsed         | 46          |
|    total_timesteps      | 29888       |
| train/                  |             |
|    approx_kl            | 0.016433522 |
|    clip_fraction        | 0.116       |
|    clip_range           | 0.2         |
|    entropy_loss         | -2.54       |
|    explained_variance   | -46.3       |
|    learning_rate        | 0.0003      |
|    loss                 | -0.0936     |
|    n_updates            | 4660        |
|    policy_gradient_loss | -0.0324     |
|    value_loss           | 1.48e-06    |
-----------------------------------------
----------------------------------------
| rollout/                |            |
|    ep_len_mean          | 1e+03      |
|    ep_rew_mean          | -1         |
| time/                   |            |
|    fps                  | 649        |
|    iterations           | 468        |
|    time_elapsed         | 46         |
|    total_timesteps      | 29952      |
| train/                  |            |
|    approx_kl            | 0.04003241 |
|    clip_fraction        | 0.369      |
|    clip_range           | 0.2        |
|    entropy_loss         | -2.54      |
|    explained_variance   | -71.3      |
|    learning_rate        | 0.0003     |
|    loss                 | -0.13      |
|    n_updates            | 4670       |
|    policy_gradient_loss | -0.0499    |
|    value_loss           | 1.55e-06   |
----------------------------------------
-----------------------------------------
| rollout/                |             |
|    ep_len_mean          | 1e+03       |
|    ep_rew_mean          | -1          |
| time/                   |             |
|    fps                  | 649         |
|    iterations           | 469         |
|    time_elapsed         | 46          |
|    total_timesteps      | 30016       |
| train/                  |             |
|    approx_kl            | 0.025450252 |
|    clip_fraction        | 0.22        |
|    clip_range           | 0.2         |
|    entropy_loss         | -2.54       |
|    explained_variance   | -19.4       |
|    learning_rate        | 0.0003      |
|    loss                 | -0.067      |
|    n_updates            | 4680        |
|    policy_gradient_loss | -0.0386     |
|    value_loss           | 9.08e-06    |
-----------------------------------------
-----------------------------------------
| rollout/                |             |
|    ep_len_mean          | 1e+03       |
|    ep_rew_mean          | -1          |
| time/                   |             |
|    fps                  | 649         |
|    iterations           | 470         |
|    time_elapsed         | 46          |
|    total_timesteps      | 30080       |
| train/                  |             |
|    approx_kl            | 0.025923612 |
|    clip_fraction        | 0.294       |
|    clip_range           | 0.2         |
|    entropy_loss         | -2.48       |
|    explained_variance   | -0.00294    |
|    learning_rate        | 0.0003      |
|    loss                 | -0.102      |
|    n_updates            | 4690        |
|    policy_gradient_loss | -0.0541     |
|    value_loss           | 0.000678    |
-----------------------------------------
----------------------------------------
| rollout/                |            |
|    ep_len_mean          | 1e+03      |
|    ep_rew_mean          | -1         |
| time/                   |            |
|    fps                  | 649        |
|    iterations           | 471        |
|    time_elapsed         | 46         |
|    total_timesteps      | 30144      |
| train/                  |            |
|    approx_kl            | 0.03245075 |
|    clip_fraction        | 0.209      |
|    clip_range           | 0.2        |
|    entropy_loss         | -2.42      |
|    explained_variance   | -121       |
|    learning_rate        | 0.0003     |
|    loss                 | -0.118     |
|    n_updates            | 4700       |
|    policy_gradient_loss | -0.0301    |
|    value_loss           | 5.51e-05   |
----------------------------------------
-----------------------------------------
| rollout/                |             |
|    ep_len_mean          | 1e+03       |
|    ep_rew_mean          | -1          |
| time/                   |             |
|    fps                  | 649         |
|    iterations           | 472         |
|    time_elapsed         | 46          |
|    total_timesteps      | 30208       |
| train/                  |             |
|    approx_kl            | 0.023762694 |
|    clip_fraction        | 0.13        |
|    clip_range           | 0.2         |
|    entropy_loss         | -2.38       |
|    explained_variance   | -1.29       |
|    learning_rate        | 0.0003      |
|    loss                 | -0.111      |
|    n_updates            | 4710        |
|    policy_gradient_loss | -0.032      |
|    value_loss           | 1.03e-05    |
-----------------------------------------
-----------------------------------------
| rollout/                |             |
|    ep_len_mean          | 1e+03       |
|    ep_rew_mean          | -1          |
| time/                   |             |
|    fps                  | 649         |
|    iterations           | 473         |
|    time_elapsed         | 46          |
|    total_timesteps      | 30272       |
| train/                  |             |
|    approx_kl            | 0.015589096 |
|    clip_fraction        | 0.177       |
|    clip_range           | 0.2         |
|    entropy_loss         | -2.4        |
|    explained_variance   | -6.01       |
|    learning_rate        | 0.0003      |
|    loss                 | -0.128      |
|    n_updates            | 4720        |
|    policy_gradient_loss | -0.0295     |
|    value_loss           | 6.71e-06    |
-----------------------------------------
-----------------------------------------
| rollout/                |             |
|    ep_len_mean          | 1e+03       |
|    ep_rew_mean          | -1          |
| time/                   |             |
|    fps                  | 649         |
|    iterations           | 474         |
|    time_elapsed         | 46          |
|    total_timesteps      | 30336       |
| train/                  |             |
|    approx_kl            | 0.025866413 |
|    clip_fraction        | 0.241       |
|    clip_range           | 0.2         |
|    entropy_loss         | -2.41       |
|    explained_variance   | -2.91       |
|    learning_rate        | 0.0003      |
|    loss                 | -0.123      |
|    n_updates            | 4730        |
|    policy_gradient_loss | -0.051      |
|    value_loss           | 3.69e-06    |
-----------------------------------------
-----------------------------------------
| rollout/                |             |
|    ep_len_mean          | 1e+03       |
|    ep_rew_mean          | -1          |
| time/                   |             |
|    fps                  | 649         |
|    iterations           | 475         |
|    time_elapsed         | 46          |
|    total_timesteps      | 30400       |
| train/                  |             |
|    approx_kl            | 0.017597586 |
|    clip_fraction        | 0.219       |
|    clip_range           | 0.2         |
|    entropy_loss         | -2.38       |
|    explained_variance   | -60.4       |
|    learning_rate        | 0.0003      |
|    loss                 | -0.0778     |
|    n_updates            | 4740        |
|    policy_gradient_loss | -0.0367     |
|    value_loss           | 1.58e-05    |
-----------------------------------------
---------------------------------------
| rollout/                |           |
|    ep_len_mean          | 1e+03     |
|    ep_rew_mean          | -1        |
| time/                   |           |
|    fps                  | 649       |
|    iterations           | 476       |
|    time_elapsed         | 46        |
|    total_timesteps      | 30464     |
| train/                  |           |
|    approx_kl            | 0.0186959 |
|    clip_fraction        | 0.142     |
|    clip_range           | 0.2       |
|    entropy_loss         | -2.41     |
|    explained_variance   | -47.5     |
|    learning_rate        | 0.0003    |
|    loss                 | -0.0639   |
|    n_updates            | 4750      |
|    policy_gradient_loss | -0.0179   |
|    value_loss           | 1.15e-05  |
---------------------------------------
-----------------------------------------
| rollout/                |             |
|    ep_len_mean          | 1e+03       |
|    ep_rew_mean          | -1          |
| time/                   |             |
|    fps                  | 649         |
|    iterations           | 477         |
|    time_elapsed         | 47          |
|    total_timesteps      | 30528       |
| train/                  |             |
|    approx_kl            | 0.020120095 |
|    clip_fraction        | 0.0984      |
|    clip_range           | 0.2         |
|    entropy_loss         | -2.39       |
|    explained_variance   | -1.58       |
|    learning_rate        | 0.0003      |
|    loss                 | -0.0476     |
|    n_updates            | 4760        |
|    policy_gradient_loss | -0.0307     |
|    value_loss           | 6.44e-06    |
-----------------------------------------
-----------------------------------------
| rollout/                |             |
|    ep_len_mean          | 1e+03       |
|    ep_rew_mean          | -1          |
| time/                   |             |
|    fps                  | 649         |
|    iterations           | 478         |
|    time_elapsed         | 47          |
|    total_timesteps      | 30592       |
| train/                  |             |
|    approx_kl            | 0.017844278 |
|    clip_fraction        | 0.189       |
|    clip_range           | 0.2         |
|    entropy_loss         | -2.52       |
|    explained_variance   | -9.57       |
|    learning_rate        | 0.0003      |
|    loss                 | -0.108      |
|    n_updates            | 4770        |
|    policy_gradient_loss | -0.0351     |
|    value_loss           | 3.06e-06    |
-----------------------------------------
-----------------------------------------
| rollout/                |             |
|    ep_len_mean          | 1e+03       |
|    ep_rew_mean          | -1          |
| time/                   |             |
|    fps                  | 649         |
|    iterations           | 479         |
|    time_elapsed         | 47          |
|    total_timesteps      | 30656       |
| train/                  |             |
|    approx_kl            | 0.019509744 |
|    clip_fraction        | 0.186       |
|    clip_range           | 0.2         |
|    entropy_loss         | -2.55       |
|    explained_variance   | -21.5       |
|    learning_rate        | 0.0003      |
|    loss                 | -0.0877     |
|    n_updates            | 4780        |
|    policy_gradient_loss | -0.0319     |
|    value_loss           | 1.88e-06    |
-----------------------------------------
-----------------------------------------
| rollout/                |             |
|    ep_len_mean          | 1e+03       |
|    ep_rew_mean          | -1          |
| time/                   |             |
|    fps                  | 649         |
|    iterations           | 480         |
|    time_elapsed         | 47          |
|    total_timesteps      | 30720       |
| train/                  |             |
|    approx_kl            | 0.030413197 |
|    clip_fraction        | 0.298       |
|    clip_range           | 0.2         |
|    entropy_loss         | -2.52       |
|    explained_variance   | -74.3       |
|    learning_rate        | 0.0003      |
|    loss                 | -0.0834     |
|    n_updates            | 4790        |
|    policy_gradient_loss | -0.0377     |
|    value_loss           | 4.48e-06    |
-----------------------------------------
-----------------------------------------
| rollout/                |             |
|    ep_len_mean          | 1e+03       |
|    ep_rew_mean          | -1          |
| time/                   |             |
|    fps                  | 649         |
|    iterations           | 481         |
|    time_elapsed         | 47          |
|    total_timesteps      | 30784       |
| train/                  |             |
|    approx_kl            | 0.022771612 |
|    clip_fraction        | 0.225       |
|    clip_range           | 0.2         |
|    entropy_loss         | -2.59       |
|    explained_variance   | -27.4       |
|    learning_rate        | 0.0003      |
|    loss                 | -0.0786     |
|    n_updates            | 4800        |
|    policy_gradient_loss | -0.0393     |
|    value_loss           | 5.11e-06    |
-----------------------------------------
-----------------------------------------
| rollout/                |             |
|    ep_len_mean          | 1e+03       |
|    ep_rew_mean          | -1          |
| time/                   |             |
|    fps                  | 649         |
|    iterations           | 482         |
|    time_elapsed         | 47          |
|    total_timesteps      | 30848       |
| train/                  |             |
|    approx_kl            | 0.026404368 |
|    clip_fraction        | 0.17        |
|    clip_range           | 0.2         |
|    entropy_loss         | -2.48       |
|    explained_variance   | -21.8       |
|    learning_rate        | 0.0003      |
|    loss                 | -0.0624     |
|    n_updates            | 4810        |
|    policy_gradient_loss | -0.0235     |
|    value_loss           | 6.93e-06    |
-----------------------------------------
-----------------------------------------
| rollout/                |             |
|    ep_len_mean          | 1e+03       |
|    ep_rew_mean          | -1          |
| time/                   |             |
|    fps                  | 649         |
|    iterations           | 483         |
|    time_elapsed         | 47          |
|    total_timesteps      | 30912       |
| train/                  |             |
|    approx_kl            | 0.018566202 |
|    clip_fraction        | 0.18        |
|    clip_range           | 0.2         |
|    entropy_loss         | -2.46       |
|    explained_variance   | -29.4       |
|    learning_rate        | 0.0003      |
|    loss                 | -0.094      |
|    n_updates            | 4820        |
|    policy_gradient_loss | -0.0323     |
|    value_loss           | 1.99e-06    |
-----------------------------------------
-----------------------------------------
| rollout/                |             |
|    ep_len_mean          | 1e+03       |
|    ep_rew_mean          | -1          |
| time/                   |             |
|    fps                  | 649         |
|    iterations           | 484         |
|    time_elapsed         | 47          |
|    total_timesteps      | 30976       |
| train/                  |             |
|    approx_kl            | 0.021880329 |
|    clip_fraction        | 0.15        |
|    clip_range           | 0.2         |
|    entropy_loss         | -2.48       |
|    explained_variance   | -93.8       |
|    learning_rate        | 0.0003      |
|    loss                 | -0.0514     |
|    n_updates            | 4830        |
|    policy_gradient_loss | -0.033      |
|    value_loss           | 3.26e-06    |
-----------------------------------------
-----------------------------------------
| rollout/                |             |
|    ep_len_mean          | 1e+03       |
|    ep_rew_mean          | -1          |
| time/                   |             |
|    fps                  | 649         |
|    iterations           | 485         |
|    time_elapsed         | 47          |
|    total_timesteps      | 31040       |
| train/                  |             |
|    approx_kl            | 0.022346877 |
|    clip_fraction        | 0.177       |
|    clip_range           | 0.2         |
|    entropy_loss         | -2.49       |
|    explained_variance   | -80.4       |
|    learning_rate        | 0.0003      |
|    loss                 | -0.0875     |
|    n_updates            | 4840        |
|    policy_gradient_loss | -0.0334     |
|    value_loss           | 1.61e-06    |
-----------------------------------------
-----------------------------------------
| rollout/                |             |
|    ep_len_mean          | 1e+03       |
|    ep_rew_mean          | -1          |
| time/                   |             |
|    fps                  | 649         |
|    iterations           | 486         |
|    time_elapsed         | 47          |
|    total_timesteps      | 31104       |
| train/                  |             |
|    approx_kl            | 0.019727409 |
|    clip_fraction        | 0.236       |
|    clip_range           | 0.2         |
|    entropy_loss         | -2.46       |
|    explained_variance   | 0.0218      |
|    learning_rate        | 0.0003      |
|    loss                 | 0.0198      |
|    n_updates            | 4850        |
|    policy_gradient_loss | -0.0378     |
|    value_loss           | 0.000868    |
-----------------------------------------
----------------------------------------
| rollout/                |            |
|    ep_len_mean          | 1e+03      |
|    ep_rew_mean          | -1         |
| time/                   |            |
|    fps                  | 649        |
|    iterations           | 487        |
|    time_elapsed         | 47         |
|    total_timesteps      | 31168      |
| train/                  |            |
|    approx_kl            | 0.01997248 |
|    clip_fraction        | 0.22       |
|    clip_range           | 0.2        |
|    entropy_loss         | -2.47      |
|    explained_variance   | -3.47      |
|    learning_rate        | 0.0003     |
|    loss                 | -0.0514    |
|    n_updates            | 4860       |
|    policy_gradient_loss | -0.0418    |
|    value_loss           | 2.8e-05    |
----------------------------------------
-----------------------------------------
| rollout/                |             |
|    ep_len_mean          | 1e+03       |
|    ep_rew_mean          | -1          |
| time/                   |             |
|    fps                  | 649         |
|    iterations           | 488         |
|    time_elapsed         | 48          |
|    total_timesteps      | 31232       |
| train/                  |             |
|    approx_kl            | 0.018825522 |
|    clip_fraction        | 0.141       |
|    clip_range           | 0.2         |
|    entropy_loss         | -2.5        |
|    explained_variance   | -0.414      |
|    learning_rate        | 0.0003      |
|    loss                 | -0.0967     |
|    n_updates            | 4870        |
|    policy_gradient_loss | -0.0256     |
|    value_loss           | 3.55e-06    |
-----------------------------------------
-----------------------------------------
| rollout/                |             |
|    ep_len_mean          | 1e+03       |
|    ep_rew_mean          | -1          |
| time/                   |             |
|    fps                  | 649         |
|    iterations           | 489         |
|    time_elapsed         | 48          |
|    total_timesteps      | 31296       |
| train/                  |             |
|    approx_kl            | 0.023047924 |
|    clip_fraction        | 0.263       |
|    clip_range           | 0.2         |
|    entropy_loss         | -2.36       |
|    explained_variance   | -28.5       |
|    learning_rate        | 0.0003      |
|    loss                 | -0.109      |
|    n_updates            | 4880        |
|    policy_gradient_loss | -0.0362     |
|    value_loss           | 6.67e-06    |
-----------------------------------------
-----------------------------------------
| rollout/                |             |
|    ep_len_mean          | 1e+03       |
|    ep_rew_mean          | -1          |
| time/                   |             |
|    fps                  | 649         |
|    iterations           | 490         |
|    time_elapsed         | 48          |
|    total_timesteps      | 31360       |
| train/                  |             |
|    approx_kl            | 0.023988051 |
|    clip_fraction        | 0.375       |
|    clip_range           | 0.2         |
|    entropy_loss         | -2.51       |
|    explained_variance   | -32.2       |
|    learning_rate        | 0.0003      |
|    loss                 | -0.0934     |
|    n_updates            | 4890        |
|    policy_gradient_loss | -0.0472     |
|    value_loss           | 2.33e-06    |
-----------------------------------------
----------------------------------------
| rollout/                |            |
|    ep_len_mean          | 1e+03      |
|    ep_rew_mean          | -1         |
| time/                   |            |
|    fps                  | 649        |
|    iterations           | 491        |
|    time_elapsed         | 48         |
|    total_timesteps      | 31424      |
| train/                  |            |
|    approx_kl            | 0.02036738 |
|    clip_fraction        | 0.272      |
|    clip_range           | 0.2        |
|    entropy_loss         | -2.54      |
|    explained_variance   | -16.4      |
|    learning_rate        | 0.0003     |
|    loss                 | -0.119     |
|    n_updates            | 4900       |
|    policy_gradient_loss | -0.0396    |
|    value_loss           | 2.72e-06   |
----------------------------------------
-----------------------------------------
| rollout/                |             |
|    ep_len_mean          | 1e+03       |
|    ep_rew_mean          | -1          |
| time/                   |             |
|    fps                  | 649         |
|    iterations           | 492         |
|    time_elapsed         | 48          |
|    total_timesteps      | 31488       |
| train/                  |             |
|    approx_kl            | 0.024774631 |
|    clip_fraction        | 0.231       |
|    clip_range           | 0.2         |
|    entropy_loss         | -2.51       |
|    explained_variance   | -28.2       |
|    learning_rate        | 0.0003      |
|    loss                 | -0.0835     |
|    n_updates            | 4910        |
|    policy_gradient_loss | -0.0418     |
|    value_loss           | 7.29e-06    |
-----------------------------------------
-----------------------------------------
| rollout/                |             |
|    ep_len_mean          | 1e+03       |
|    ep_rew_mean          | -1          |
| time/                   |             |
|    fps                  | 649         |
|    iterations           | 493         |
|    time_elapsed         | 48          |
|    total_timesteps      | 31552       |
| train/                  |             |
|    approx_kl            | 0.025328204 |
|    clip_fraction        | 0.155       |
|    clip_range           | 0.2         |
|    entropy_loss         | -2.49       |
|    explained_variance   | -18.5       |
|    learning_rate        | 0.0003      |
|    loss                 | -0.0997     |
|    n_updates            | 4920        |
|    policy_gradient_loss | -0.0205     |
|    value_loss           | 2.2e-06     |
-----------------------------------------
----------------------------------------
| rollout/                |            |
|    ep_len_mean          | 1e+03      |
|    ep_rew_mean          | -1         |
| time/                   |            |
|    fps                  | 649        |
|    iterations           | 494        |
|    time_elapsed         | 48         |
|    total_timesteps      | 31616      |
| train/                  |            |
|    approx_kl            | 0.02776773 |
|    clip_fraction        | 0.275      |
|    clip_range           | 0.2        |
|    entropy_loss         | -2.42      |
|    explained_variance   | -0.837     |
|    learning_rate        | 0.0003     |
|    loss                 | -0.029     |
|    n_updates            | 4930       |
|    policy_gradient_loss | -0.0239    |
|    value_loss           | 1.54e-06   |
----------------------------------------
-----------------------------------------
| rollout/                |             |
|    ep_len_mean          | 1e+03       |
|    ep_rew_mean          | -1          |
| time/                   |             |
|    fps                  | 649         |
|    iterations           | 495         |
|    time_elapsed         | 48          |
|    total_timesteps      | 31680       |
| train/                  |             |
|    approx_kl            | 0.024020132 |
|    clip_fraction        | 0.2         |
|    clip_range           | 0.2         |
|    entropy_loss         | -2.44       |
|    explained_variance   | -7.87       |
|    learning_rate        | 0.0003      |
|    loss                 | -0.147      |
|    n_updates            | 4940        |
|    policy_gradient_loss | -0.0395     |
|    value_loss           | 6.52e-07    |
-----------------------------------------
----------------------------------------
| rollout/                |            |
|    ep_len_mean          | 1e+03      |
|    ep_rew_mean          | -1         |
| time/                   |            |
|    fps                  | 649        |
|    iterations           | 496        |
|    time_elapsed         | 48         |
|    total_timesteps      | 31744      |
| train/                  |            |
|    approx_kl            | 0.02676851 |
|    clip_fraction        | 0.209      |
|    clip_range           | 0.2        |
|    entropy_loss         | -2.47      |
|    explained_variance   | -0.371     |
|    learning_rate        | 0.0003     |
|    loss                 | -0.066     |
|    n_updates            | 4950       |
|    policy_gradient_loss | -0.0319    |
|    value_loss           | 1.14e-06   |
----------------------------------------
-----------------------------------------
| rollout/                |             |
|    ep_len_mean          | 1e+03       |
|    ep_rew_mean          | -1          |
| time/                   |             |
|    fps                  | 649         |
|    iterations           | 497         |
|    time_elapsed         | 48          |
|    total_timesteps      | 31808       |
| train/                  |             |
|    approx_kl            | 0.023249965 |
|    clip_fraction        | 0.253       |
|    clip_range           | 0.2         |
|    entropy_loss         | -2.48       |
|    explained_variance   | -59.2       |
|    learning_rate        | 0.0003      |
|    loss                 | -0.128      |
|    n_updates            | 4960        |
|    policy_gradient_loss | -0.043      |
|    value_loss           | 9.26e-07    |
-----------------------------------------
----------------------------------------
| rollout/                |            |
|    ep_len_mean          | 1e+03      |
|    ep_rew_mean          | -1         |
| time/                   |            |
|    fps                  | 649        |
|    iterations           | 498        |
|    time_elapsed         | 49         |
|    total_timesteps      | 31872      |
| train/                  |            |
|    approx_kl            | 0.04291797 |
|    clip_fraction        | 0.258      |
|    clip_range           | 0.2        |
|    entropy_loss         | -2.43      |
|    explained_variance   | -90.7      |
|    learning_rate        | 0.0003     |
|    loss                 | -0.0852    |
|    n_updates            | 4970       |
|    policy_gradient_loss | -0.0377    |
|    value_loss           | 7.47e-07   |
----------------------------------------
-----------------------------------------
| rollout/                |             |
|    ep_len_mean          | 1e+03       |
|    ep_rew_mean          | -1          |
| time/                   |             |
|    fps                  | 649         |
|    iterations           | 499         |
|    time_elapsed         | 49          |
|    total_timesteps      | 31936       |
| train/                  |             |
|    approx_kl            | 0.012367785 |
|    clip_fraction        | 0.075       |
|    clip_range           | 0.2         |
|    entropy_loss         | -2.39       |
|    explained_variance   | -38         |
|    learning_rate        | 0.0003      |
|    loss                 | -0.0965     |
|    n_updates            | 4980        |
|    policy_gradient_loss | -0.012      |
|    value_loss           | 8.24e-07    |
-----------------------------------------
-----------------------------------------
| rollout/                |             |
|    ep_len_mean          | 1e+03       |
|    ep_rew_mean          | -1          |
| time/                   |             |
|    fps                  | 649         |
|    iterations           | 500         |
|    time_elapsed         | 49          |
|    total_timesteps      | 32000       |
| train/                  |             |
|    approx_kl            | 0.017369231 |
|    clip_fraction        | 0.295       |
|    clip_range           | 0.2         |
|    entropy_loss         | -2.44       |
|    explained_variance   | -23.1       |
|    learning_rate        | 0.0003      |
|    loss                 | -0.0533     |
|    n_updates            | 4990        |
|    policy_gradient_loss | -0.0333     |
|    value_loss           | 1.2e-06     |
-----------------------------------------
-----------------------------------------
| rollout/                |             |
|    ep_len_mean          | 1e+03       |
|    ep_rew_mean          | -1          |
| time/                   |             |
|    fps                  | 649         |
|    iterations           | 501         |
|    time_elapsed         | 49          |
|    total_timesteps      | 32064       |
| train/                  |             |
|    approx_kl            | 0.018213445 |
|    clip_fraction        | 0.166       |
|    clip_range           | 0.2         |
|    entropy_loss         | -2.47       |
|    explained_variance   | 0.00847     |
|    learning_rate        | 0.0003      |
|    loss                 | -0.125      |
|    n_updates            | 5000        |
|    policy_gradient_loss | -0.0224     |
|    value_loss           | 0.000727    |
-----------------------------------------
-----------------------------------------
| rollout/                |             |
|    ep_len_mean          | 1e+03       |
|    ep_rew_mean          | -1          |
| time/                   |             |
|    fps                  | 649         |
|    iterations           | 502         |
|    time_elapsed         | 49          |
|    total_timesteps      | 32128       |
| train/                  |             |
|    approx_kl            | 0.025301578 |
|    clip_fraction        | 0.211       |
|    clip_range           | 0.2         |
|    entropy_loss         | -2.47       |
|    explained_variance   | -4.51       |
|    learning_rate        | 0.0003      |
|    loss                 | -0.0735     |
|    n_updates            | 5010        |
|    policy_gradient_loss | -0.0214     |
|    value_loss           | 1.47e-05    |
-----------------------------------------
-----------------------------------------
| rollout/                |             |
|    ep_len_mean          | 1e+03       |
|    ep_rew_mean          | -1          |
| time/                   |             |
|    fps                  | 649         |
|    iterations           | 503         |
|    time_elapsed         | 49          |
|    total_timesteps      | 32192       |
| train/                  |             |
|    approx_kl            | 0.025607094 |
|    clip_fraction        | 0.267       |
|    clip_range           | 0.2         |
|    entropy_loss         | -2.43       |
|    explained_variance   | -2.28       |
|    learning_rate        | 0.0003      |
|    loss                 | -0.0753     |
|    n_updates            | 5020        |
|    policy_gradient_loss | -0.0396     |
|    value_loss           | 6.14e-06    |
-----------------------------------------
-----------------------------------------
| rollout/                |             |
|    ep_len_mean          | 1e+03       |
|    ep_rew_mean          | -1          |
| time/                   |             |
|    fps                  | 649         |
|    iterations           | 504         |
|    time_elapsed         | 49          |
|    total_timesteps      | 32256       |
| train/                  |             |
|    approx_kl            | 0.025777938 |
|    clip_fraction        | 0.27        |
|    clip_range           | 0.2         |
|    entropy_loss         | -2.34       |
|    explained_variance   | -0.281      |
|    learning_rate        | 0.0003      |
|    loss                 | -0.0908     |
|    n_updates            | 5030        |
|    policy_gradient_loss | -0.0488     |
|    value_loss           | 1.67e-06    |
-----------------------------------------
-----------------------------------------
| rollout/                |             |
|    ep_len_mean          | 1e+03       |
|    ep_rew_mean          | -1          |
| time/                   |             |
|    fps                  | 649         |
|    iterations           | 505         |
|    time_elapsed         | 49          |
|    total_timesteps      | 32320       |
| train/                  |             |
|    approx_kl            | 0.023543116 |
|    clip_fraction        | 0.195       |
|    clip_range           | 0.2         |
|    entropy_loss         | -2.39       |
|    explained_variance   | -0.5        |
|    learning_rate        | 0.0003      |
|    loss                 | -0.114      |
|    n_updates            | 5040        |
|    policy_gradient_loss | -0.0449     |
|    value_loss           | 3.02e-06    |
-----------------------------------------
-----------------------------------------
| rollout/                |             |
|    ep_len_mean          | 1e+03       |
|    ep_rew_mean          | -1          |
| time/                   |             |
|    fps                  | 649         |
|    iterations           | 506         |
|    time_elapsed         | 49          |
|    total_timesteps      | 32384       |
| train/                  |             |
|    approx_kl            | 0.018924106 |
|    clip_fraction        | 0.122       |
|    clip_range           | 0.2         |
|    entropy_loss         | -2.4        |
|    explained_variance   | -0.106      |
|    learning_rate        | 0.0003      |
|    loss                 | -0.0927     |
|    n_updates            | 5050        |
|    policy_gradient_loss | -0.0253     |
|    value_loss           | 1.25e-06    |
-----------------------------------------
-----------------------------------------
| rollout/                |             |
|    ep_len_mean          | 1e+03       |
|    ep_rew_mean          | -1          |
| time/                   |             |
|    fps                  | 649         |
|    iterations           | 507         |
|    time_elapsed         | 49          |
|    total_timesteps      | 32448       |
| train/                  |             |
|    approx_kl            | 0.026661512 |
|    clip_fraction        | 0.206       |
|    clip_range           | 0.2         |
|    entropy_loss         | -2.4        |
|    explained_variance   | -3.04       |
|    learning_rate        | 0.0003      |
|    loss                 | -0.0716     |
|    n_updates            | 5060        |
|    policy_gradient_loss | -0.0361     |
|    value_loss           | 1.08e-06    |
-----------------------------------------
----------------------------------------
| rollout/                |            |
|    ep_len_mean          | 1e+03      |
|    ep_rew_mean          | -1         |
| time/                   |            |
|    fps                  | 649        |
|    iterations           | 508        |
|    time_elapsed         | 50         |
|    total_timesteps      | 32512      |
| train/                  |            |
|    approx_kl            | 0.02588744 |
|    clip_fraction        | 0.202      |
|    clip_range           | 0.2        |
|    entropy_loss         | -2.39      |
|    explained_variance   | -0.374     |
|    learning_rate        | 0.0003     |
|    loss                 | -0.0946    |
|    n_updates            | 5070       |
|    policy_gradient_loss | -0.0363    |
|    value_loss           | 9.21e-07   |
----------------------------------------
-----------------------------------------
| rollout/                |             |
|    ep_len_mean          | 1e+03       |
|    ep_rew_mean          | -1          |
| time/                   |             |
|    fps                  | 649         |
|    iterations           | 509         |
|    time_elapsed         | 50          |
|    total_timesteps      | 32576       |
| train/                  |             |
|    approx_kl            | 0.026803393 |
|    clip_fraction        | 0.217       |
|    clip_range           | 0.2         |
|    entropy_loss         | -2.32       |
|    explained_variance   | -0.00707    |
|    learning_rate        | 0.0003      |
|    loss                 | -0.107      |
|    n_updates            | 5080        |
|    policy_gradient_loss | -0.0371     |
|    value_loss           | 5.79e-07    |
-----------------------------------------
-----------------------------------------
| rollout/                |             |
|    ep_len_mean          | 1e+03       |
|    ep_rew_mean          | -1          |
| time/                   |             |
|    fps                  | 649         |
|    iterations           | 510         |
|    time_elapsed         | 50          |
|    total_timesteps      | 32640       |
| train/                  |             |
|    approx_kl            | 0.018489063 |
|    clip_fraction        | 0.145       |
|    clip_range           | 0.2         |
|    entropy_loss         | -2.33       |
|    explained_variance   | -2.25       |
|    learning_rate        | 0.0003      |
|    loss                 | -0.0313     |
|    n_updates            | 5090        |
|    policy_gradient_loss | -0.0243     |
|    value_loss           | 1.03e-06    |
-----------------------------------------
-----------------------------------------
| rollout/                |             |
|    ep_len_mean          | 1e+03       |
|    ep_rew_mean          | -1          |
| time/                   |             |
|    fps                  | 649         |
|    iterations           | 511         |
|    time_elapsed         | 50          |
|    total_timesteps      | 32704       |
| train/                  |             |
|    approx_kl            | 0.016935475 |
|    clip_fraction        | 0.153       |
|    clip_range           | 0.2         |
|    entropy_loss         | -2.46       |
|    explained_variance   | -1.07       |
|    learning_rate        | 0.0003      |
|    loss                 | -0.0568     |
|    n_updates            | 5100        |
|    policy_gradient_loss | -0.0219     |
|    value_loss           | 4.28e-07    |
-----------------------------------------
-----------------------------------------
| rollout/                |             |
|    ep_len_mean          | 1e+03       |
|    ep_rew_mean          | -1          |
| time/                   |             |
|    fps                  | 649         |
|    iterations           | 512         |
|    time_elapsed         | 50          |
|    total_timesteps      | 32768       |
| train/                  |             |
|    approx_kl            | 0.030906022 |
|    clip_fraction        | 0.175       |
|    clip_range           | 0.2         |
|    entropy_loss         | -2.4        |
|    explained_variance   | -0.116      |
|    learning_rate        | 0.0003      |
|    loss                 | -0.0825     |
|    n_updates            | 5110        |
|    policy_gradient_loss | -0.0418     |
|    value_loss           | 7.41e-07    |
-----------------------------------------
-----------------------------------------
| rollout/                |             |
|    ep_len_mean          | 1e+03       |
|    ep_rew_mean          | -1          |
| time/                   |             |
|    fps                  | 649         |
|    iterations           | 513         |
|    time_elapsed         | 50          |
|    total_timesteps      | 32832       |
| train/                  |             |
|    approx_kl            | 0.018735837 |
|    clip_fraction        | 0.194       |
|    clip_range           | 0.2         |
|    entropy_loss         | -2.38       |
|    explained_variance   | -1.95       |
|    learning_rate        | 0.0003      |
|    loss                 | -0.092      |
|    n_updates            | 5120        |
|    policy_gradient_loss | -0.0404     |
|    value_loss           | 4.96e-07    |
-----------------------------------------
-----------------------------------------
| rollout/                |             |
|    ep_len_mean          | 1e+03       |
|    ep_rew_mean          | -1          |
| time/                   |             |
|    fps                  | 649         |
|    iterations           | 514         |
|    time_elapsed         | 50          |
|    total_timesteps      | 32896       |
| train/                  |             |
|    approx_kl            | 0.027561482 |
|    clip_fraction        | 0.17        |
|    clip_range           | 0.2         |
|    entropy_loss         | -2.43       |
|    explained_variance   | 0.0891      |
|    learning_rate        | 0.0003      |
|    loss                 | -0.102      |
|    n_updates            | 5130        |
|    policy_gradient_loss | -0.043      |
|    value_loss           | 1.31e-07    |
-----------------------------------------
-----------------------------------------
| rollout/                |             |
|    ep_len_mean          | 1e+03       |
|    ep_rew_mean          | -1          |
| time/                   |             |
|    fps                  | 649         |
|    iterations           | 515         |
|    time_elapsed         | 50          |
|    total_timesteps      | 32960       |
| train/                  |             |
|    approx_kl            | 0.056854635 |
|    clip_fraction        | 0.312       |
|    clip_range           | 0.2         |
|    entropy_loss         | -2.41       |
|    explained_variance   | 0.0973      |
|    learning_rate        | 0.0003      |
|    loss                 | -0.0817     |
|    n_updates            | 5140        |
|    policy_gradient_loss | -0.0326     |
|    value_loss           | 1.25e-07    |
-----------------------------------------
-----------------------------------------
| rollout/                |             |
|    ep_len_mean          | 1e+03       |
|    ep_rew_mean          | -1          |
| time/                   |             |
|    fps                  | 649         |
|    iterations           | 516         |
|    time_elapsed         | 50          |
|    total_timesteps      | 33024       |
| train/                  |             |
|    approx_kl            | 0.026699057 |
|    clip_fraction        | 0.225       |
|    clip_range           | 0.2         |
|    entropy_loss         | -2.36       |
|    explained_variance   | -2.77       |
|    learning_rate        | 0.0003      |
|    loss                 | -0.085      |
|    n_updates            | 5150        |
|    policy_gradient_loss | -0.0407     |
|    value_loss           | 1.99e-07    |
-----------------------------------------
-----------------------------------------
| rollout/                |             |
|    ep_len_mean          | 1e+03       |
|    ep_rew_mean          | -1          |
| time/                   |             |
|    fps                  | 649         |
|    iterations           | 517         |
|    time_elapsed         | 50          |
|    total_timesteps      | 33088       |
| train/                  |             |
|    approx_kl            | 0.024385922 |
|    clip_fraction        | 0.2         |
|    clip_range           | 0.2         |
|    entropy_loss         | -2.41       |
|    explained_variance   | 0.0012      |
|    learning_rate        | 0.0003      |
|    loss                 | -0.0804     |
|    n_updates            | 5160        |
|    policy_gradient_loss | -0.0386     |
|    value_loss           | 0.00108     |
-----------------------------------------
------------------------------------------
| rollout/                |              |
|    ep_len_mean          | 1e+03        |
|    ep_rew_mean          | -1           |
| time/                   |              |
|    fps                  | 649          |
|    iterations           | 518          |
|    time_elapsed         | 51           |
|    total_timesteps      | 33152        |
| train/                  |              |
|    approx_kl            | 0.0156193925 |
|    clip_fraction        | 0.0922       |
|    clip_range           | 0.2          |
|    entropy_loss         | -2.42        |
|    explained_variance   | -5.68        |
|    learning_rate        | 0.0003       |
|    loss                 | -0.0925      |
|    n_updates            | 5170         |
|    policy_gradient_loss | -0.0258      |
|    value_loss           | 6.51e-05     |
------------------------------------------
-----------------------------------------
| rollout/                |             |
|    ep_len_mean          | 1e+03       |
|    ep_rew_mean          | -1          |
| time/                   |             |
|    fps                  | 649         |
|    iterations           | 519         |
|    time_elapsed         | 51          |
|    total_timesteps      | 33216       |
| train/                  |             |
|    approx_kl            | 0.038497906 |
|    clip_fraction        | 0.359       |
|    clip_range           | 0.2         |
|    entropy_loss         | -2.55       |
|    explained_variance   | -7.21       |
|    learning_rate        | 0.0003      |
|    loss                 | -0.127      |
|    n_updates            | 5180        |
|    policy_gradient_loss | -0.0403     |
|    value_loss           | 9.52e-06    |
-----------------------------------------
-----------------------------------------
| rollout/                |             |
|    ep_len_mean          | 1e+03       |
|    ep_rew_mean          | -1          |
| time/                   |             |
|    fps                  | 649         |
|    iterations           | 520         |
|    time_elapsed         | 51          |
|    total_timesteps      | 33280       |
| train/                  |             |
|    approx_kl            | 0.021180071 |
|    clip_fraction        | 0.183       |
|    clip_range           | 0.2         |
|    entropy_loss         | -2.72       |
|    explained_variance   | -1.3        |
|    learning_rate        | 0.0003      |
|    loss                 | -0.0708     |
|    n_updates            | 5190        |
|    policy_gradient_loss | -0.036      |
|    value_loss           | 2.55e-06    |
-----------------------------------------
----------------------------------------
| rollout/                |            |
|    ep_len_mean          | 1e+03      |
|    ep_rew_mean          | -1         |
| time/                   |            |
|    fps                  | 649        |
|    iterations           | 521        |
|    time_elapsed         | 51         |
|    total_timesteps      | 33344      |
| train/                  |            |
|    approx_kl            | 0.02519053 |
|    clip_fraction        | 0.227      |
|    clip_range           | 0.2        |
|    entropy_loss         | -2.79      |
|    explained_variance   | -0.591     |
|    learning_rate        | 0.0003     |
|    loss                 | -0.12      |
|    n_updates            | 5200       |
|    policy_gradient_loss | -0.051     |
|    value_loss           | 1.22e-06   |
----------------------------------------
-----------------------------------------
| rollout/                |             |
|    ep_len_mean          | 1e+03       |
|    ep_rew_mean          | -1          |
| time/                   |             |
|    fps                  | 649         |
|    iterations           | 522         |
|    time_elapsed         | 51          |
|    total_timesteps      | 33408       |
| train/                  |             |
|    approx_kl            | 0.025910627 |
|    clip_fraction        | 0.333       |
|    clip_range           | 0.2         |
|    entropy_loss         | -2.74       |
|    explained_variance   | -5.48       |
|    learning_rate        | 0.0003      |
|    loss                 | -0.123      |
|    n_updates            | 5210        |
|    policy_gradient_loss | -0.0513     |
|    value_loss           | 2.67e-06    |
-----------------------------------------
-----------------------------------------
| rollout/                |             |
|    ep_len_mean          | 1e+03       |
|    ep_rew_mean          | -1          |
| time/                   |             |
|    fps                  | 649         |
|    iterations           | 523         |
|    time_elapsed         | 51          |
|    total_timesteps      | 33472       |
| train/                  |             |
|    approx_kl            | 0.025269445 |
|    clip_fraction        | 0.237       |
|    clip_range           | 0.2         |
|    entropy_loss         | -2.74       |
|    explained_variance   | -1.49       |
|    learning_rate        | 0.0003      |
|    loss                 | -0.145      |
|    n_updates            | 5220        |
|    policy_gradient_loss | -0.0406     |
|    value_loss           | 1.07e-06    |
-----------------------------------------
-----------------------------------------
| rollout/                |             |
|    ep_len_mean          | 1e+03       |
|    ep_rew_mean          | -1          |
| time/                   |             |
|    fps                  | 649         |
|    iterations           | 524         |
|    time_elapsed         | 51          |
|    total_timesteps      | 33536       |
| train/                  |             |
|    approx_kl            | 0.023628857 |
|    clip_fraction        | 0.256       |
|    clip_range           | 0.2         |
|    entropy_loss         | -2.73       |
|    explained_variance   | -4.02       |
|    learning_rate        | 0.0003      |
|    loss                 | -0.106      |
|    n_updates            | 5230        |
|    policy_gradient_loss | -0.0336     |
|    value_loss           | 1.26e-06    |
-----------------------------------------
----------------------------------------
| rollout/                |            |
|    ep_len_mean          | 1e+03      |
|    ep_rew_mean          | -1         |
| time/                   |            |
|    fps                  | 649        |
|    iterations           | 525        |
|    time_elapsed         | 51         |
|    total_timesteps      | 33600      |
| train/                  |            |
|    approx_kl            | 0.06353022 |
|    clip_fraction        | 0.384      |
|    clip_range           | 0.2        |
|    entropy_loss         | -2.72      |
|    explained_variance   | -7.31      |
|    learning_rate        | 0.0003     |
|    loss                 | -0.0974    |
|    n_updates            | 5240       |
|    policy_gradient_loss | -0.051     |
|    value_loss           | 1.14e-06   |
----------------------------------------
-----------------------------------------
| rollout/                |             |
|    ep_len_mean          | 1e+03       |
|    ep_rew_mean          | -1          |
| time/                   |             |
|    fps                  | 649         |
|    iterations           | 526         |
|    time_elapsed         | 51          |
|    total_timesteps      | 33664       |
| train/                  |             |
|    approx_kl            | 0.021298183 |
|    clip_fraction        | 0.164       |
|    clip_range           | 0.2         |
|    entropy_loss         | -2.71       |
|    explained_variance   | -4.41       |
|    learning_rate        | 0.0003      |
|    loss                 | -0.104      |
|    n_updates            | 5250        |
|    policy_gradient_loss | -0.0305     |
|    value_loss           | 8.25e-07    |
-----------------------------------------
-----------------------------------------
| rollout/                |             |
|    ep_len_mean          | 1e+03       |
|    ep_rew_mean          | -1          |
| time/                   |             |
|    fps                  | 649         |
|    iterations           | 527         |
|    time_elapsed         | 51          |
|    total_timesteps      | 33728       |
| train/                  |             |
|    approx_kl            | 0.022677276 |
|    clip_fraction        | 0.161       |
|    clip_range           | 0.2         |
|    entropy_loss         | -2.69       |
|    explained_variance   | -1.72       |
|    learning_rate        | 0.0003      |
|    loss                 | -0.0229     |
|    n_updates            | 5260        |
|    policy_gradient_loss | -0.0388     |
|    value_loss           | 5.05e-07    |
-----------------------------------------
-----------------------------------------
| rollout/                |             |
|    ep_len_mean          | 1e+03       |
|    ep_rew_mean          | -1          |
| time/                   |             |
|    fps                  | 649         |
|    iterations           | 528         |
|    time_elapsed         | 52          |
|    total_timesteps      | 33792       |
| train/                  |             |
|    approx_kl            | 0.027510384 |
|    clip_fraction        | 0.231       |
|    clip_range           | 0.2         |
|    entropy_loss         | -2.71       |
|    explained_variance   | -0.805      |
|    learning_rate        | 0.0003      |
|    loss                 | -0.0827     |
|    n_updates            | 5270        |
|    policy_gradient_loss | -0.0505     |
|    value_loss           | 3.21e-07    |
-----------------------------------------
-----------------------------------------
| rollout/                |             |
|    ep_len_mean          | 1e+03       |
|    ep_rew_mean          | -1          |
| time/                   |             |
|    fps                  | 649         |
|    iterations           | 529         |
|    time_elapsed         | 52          |
|    total_timesteps      | 33856       |
| train/                  |             |
|    approx_kl            | 0.028116109 |
|    clip_fraction        | 0.278       |
|    clip_range           | 0.2         |
|    entropy_loss         | -2.65       |
|    explained_variance   | -2.13       |
|    learning_rate        | 0.0003      |
|    loss                 | -0.0743     |
|    n_updates            | 5280        |
|    policy_gradient_loss | -0.0389     |
|    value_loss           | 2.97e-07    |
-----------------------------------------
-----------------------------------------
| rollout/                |             |
|    ep_len_mean          | 1e+03       |
|    ep_rew_mean          | -1          |
| time/                   |             |
|    fps                  | 649         |
|    iterations           | 530         |
|    time_elapsed         | 52          |
|    total_timesteps      | 33920       |
| train/                  |             |
|    approx_kl            | 0.024746347 |
|    clip_fraction        | 0.195       |
|    clip_range           | 0.2         |
|    entropy_loss         | -2.65       |
|    explained_variance   | -0.129      |
|    learning_rate        | 0.0003      |
|    loss                 | -0.0926     |
|    n_updates            | 5290        |
|    policy_gradient_loss | -0.0383     |
|    value_loss           | 4.52e-07    |
-----------------------------------------
-----------------------------------------
| rollout/                |             |
|    ep_len_mean          | 1e+03       |
|    ep_rew_mean          | -1          |
| time/                   |             |
|    fps                  | 649         |
|    iterations           | 531         |
|    time_elapsed         | 52          |
|    total_timesteps      | 33984       |
| train/                  |             |
|    approx_kl            | 0.017171336 |
|    clip_fraction        | 0.194       |
|    clip_range           | 0.2         |
|    entropy_loss         | -2.6        |
|    explained_variance   | -5.55       |
|    learning_rate        | 0.0003      |
|    loss                 | -0.0696     |
|    n_updates            | 5300        |
|    policy_gradient_loss | -0.0301     |
|    value_loss           | 2.23e-07    |
-----------------------------------------
----------------------------------------
| rollout/                |            |
|    ep_len_mean          | 1e+03      |
|    ep_rew_mean          | -1         |
| time/                   |            |
|    fps                  | 649        |
|    iterations           | 532        |
|    time_elapsed         | 52         |
|    total_timesteps      | 34048      |
| train/                  |            |
|    approx_kl            | 0.02309224 |
|    clip_fraction        | 0.198      |
|    clip_range           | 0.2        |
|    entropy_loss         | -2.66      |
|    explained_variance   | -2.93      |
|    learning_rate        | 0.0003     |
|    loss                 | -0.0242    |
|    n_updates            | 5310       |
|    policy_gradient_loss | -0.0324    |
|    value_loss           | 1.26e-07   |
----------------------------------------
-----------------------------------------
| rollout/                |             |
|    ep_len_mean          | 1e+03       |
|    ep_rew_mean          | -1          |
| time/                   |             |
|    fps                  | 649         |
|    iterations           | 533         |
|    time_elapsed         | 52          |
|    total_timesteps      | 34112       |
| train/                  |             |
|    approx_kl            | 0.025265206 |
|    clip_fraction        | 0.203       |
|    clip_range           | 0.2         |
|    entropy_loss         | -2.66       |
|    explained_variance   | 0.00093     |
|    learning_rate        | 0.0003      |
|    loss                 | -0.0199     |
|    n_updates            | 5320        |
|    policy_gradient_loss | -0.0327     |
|    value_loss           | 0.0008      |
-----------------------------------------
-----------------------------------------
| rollout/                |             |
|    ep_len_mean          | 1e+03       |
|    ep_rew_mean          | -1          |
| time/                   |             |
|    fps                  | 649         |
|    iterations           | 534         |
|    time_elapsed         | 52          |
|    total_timesteps      | 34176       |
| train/                  |             |
|    approx_kl            | 0.022632226 |
|    clip_fraction        | 0.22        |
|    clip_range           | 0.2         |
|    entropy_loss         | -2.59       |
|    explained_variance   | -12.6       |
|    learning_rate        | 0.0003      |
|    loss                 | -0.0717     |
|    n_updates            | 5330        |
|    policy_gradient_loss | -0.0383     |
|    value_loss           | 3.55e-05    |
-----------------------------------------
-----------------------------------------
| rollout/                |             |
|    ep_len_mean          | 1e+03       |
|    ep_rew_mean          | -1          |
| time/                   |             |
|    fps                  | 650         |
|    iterations           | 535         |
|    time_elapsed         | 52          |
|    total_timesteps      | 34240       |
| train/                  |             |
|    approx_kl            | 0.025031503 |
|    clip_fraction        | 0.211       |
|    clip_range           | 0.2         |
|    entropy_loss         | -2.58       |
|    explained_variance   | -3.55       |
|    learning_rate        | 0.0003      |
|    loss                 | -0.114      |
|    n_updates            | 5340        |
|    policy_gradient_loss | -0.04       |
|    value_loss           | 4.3e-06     |
-----------------------------------------
-----------------------------------------
| rollout/                |             |
|    ep_len_mean          | 1e+03       |
|    ep_rew_mean          | -1          |
| time/                   |             |
|    fps                  | 650         |
|    iterations           | 536         |
|    time_elapsed         | 52          |
|    total_timesteps      | 34304       |
| train/                  |             |
|    approx_kl            | 0.015215811 |
|    clip_fraction        | 0.156       |
|    clip_range           | 0.2         |
|    entropy_loss         | -2.48       |
|    explained_variance   | -2.99       |
|    learning_rate        | 0.0003      |
|    loss                 | -0.0369     |
|    n_updates            | 5350        |
|    policy_gradient_loss | -0.0419     |
|    value_loss           | 1.3e-06     |
-----------------------------------------
-----------------------------------------
| rollout/                |             |
|    ep_len_mean          | 1e+03       |
|    ep_rew_mean          | -1          |
| time/                   |             |
|    fps                  | 650         |
|    iterations           | 537         |
|    time_elapsed         | 52          |
|    total_timesteps      | 34368       |
| train/                  |             |
|    approx_kl            | 0.013718367 |
|    clip_fraction        | 0.161       |
|    clip_range           | 0.2         |
|    entropy_loss         | -2.56       |
|    explained_variance   | -0.0731     |
|    learning_rate        | 0.0003      |
|    loss                 | -0.0973     |
|    n_updates            | 5360        |
|    policy_gradient_loss | -0.0323     |
|    value_loss           | 8.76e-07    |
-----------------------------------------
-----------------------------------------
| rollout/                |             |
|    ep_len_mean          | 1e+03       |
|    ep_rew_mean          | -1          |
| time/                   |             |
|    fps                  | 650         |
|    iterations           | 538         |
|    time_elapsed         | 52          |
|    total_timesteps      | 34432       |
| train/                  |             |
|    approx_kl            | 0.018235084 |
|    clip_fraction        | 0.109       |
|    clip_range           | 0.2         |
|    entropy_loss         | -2.46       |
|    explained_variance   | -0.0768     |
|    learning_rate        | 0.0003      |
|    loss                 | -0.0638     |
|    n_updates            | 5370        |
|    policy_gradient_loss | -0.0357     |
|    value_loss           | 7.55e-07    |
-----------------------------------------
-----------------------------------------
| rollout/                |             |
|    ep_len_mean          | 1e+03       |
|    ep_rew_mean          | -1          |
| time/                   |             |
|    fps                  | 650         |
|    iterations           | 539         |
|    time_elapsed         | 53          |
|    total_timesteps      | 34496       |
| train/                  |             |
|    approx_kl            | 0.020667676 |
|    clip_fraction        | 0.177       |
|    clip_range           | 0.2         |
|    entropy_loss         | -2.5        |
|    explained_variance   | -0.216      |
|    learning_rate        | 0.0003      |
|    loss                 | -0.0339     |
|    n_updates            | 5380        |
|    policy_gradient_loss | -0.0266     |
|    value_loss           | 6.06e-07    |
-----------------------------------------
----------------------------------------
| rollout/                |            |
|    ep_len_mean          | 1e+03      |
|    ep_rew_mean          | -1         |
| time/                   |            |
|    fps                  | 650        |
|    iterations           | 540        |
|    time_elapsed         | 53         |
|    total_timesteps      | 34560      |
| train/                  |            |
|    approx_kl            | 0.02460875 |
|    clip_fraction        | 0.158      |
|    clip_range           | 0.2        |
|    entropy_loss         | -2.51      |
|    explained_variance   | -2.88      |
|    learning_rate        | 0.0003     |
|    loss                 | -0.0907    |
|    n_updates            | 5390       |
|    policy_gradient_loss | -0.0299    |
|    value_loss           | 1.27e-06   |
----------------------------------------
-----------------------------------------
| rollout/                |             |
|    ep_len_mean          | 1e+03       |
|    ep_rew_mean          | -1          |
| time/                   |             |
|    fps                  | 650         |
|    iterations           | 541         |
|    time_elapsed         | 53          |
|    total_timesteps      | 34624       |
| train/                  |             |
|    approx_kl            | 0.018033203 |
|    clip_fraction        | 0.166       |
|    clip_range           | 0.2         |
|    entropy_loss         | -2.45       |
|    explained_variance   | -23.1       |
|    learning_rate        | 0.0003      |
|    loss                 | -0.0877     |
|    n_updates            | 5400        |
|    policy_gradient_loss | -0.0307     |
|    value_loss           | 5.59e-06    |
-----------------------------------------
-----------------------------------------
| rollout/                |             |
|    ep_len_mean          | 1e+03       |
|    ep_rew_mean          | -1          |
| time/                   |             |
|    fps                  | 650         |
|    iterations           | 542         |
|    time_elapsed         | 53          |
|    total_timesteps      | 34688       |
| train/                  |             |
|    approx_kl            | 0.016595896 |
|    clip_fraction        | 0.17        |
|    clip_range           | 0.2         |
|    entropy_loss         | -2.42       |
|    explained_variance   | -3.92       |
|    learning_rate        | 0.0003      |
|    loss                 | -0.0699     |
|    n_updates            | 5410        |
|    policy_gradient_loss | -0.0284     |
|    value_loss           | 8.23e-07    |
-----------------------------------------
-----------------------------------------
| rollout/                |             |
|    ep_len_mean          | 1e+03       |
|    ep_rew_mean          | -1          |
| time/                   |             |
|    fps                  | 650         |
|    iterations           | 543         |
|    time_elapsed         | 53          |
|    total_timesteps      | 34752       |
| train/                  |             |
|    approx_kl            | 0.014982398 |
|    clip_fraction        | 0.0938      |
|    clip_range           | 0.2         |
|    entropy_loss         | -2.37       |
|    explained_variance   | -6.37       |
|    learning_rate        | 0.0003      |
|    loss                 | -0.0441     |
|    n_updates            | 5420        |
|    policy_gradient_loss | -0.0207     |
|    value_loss           | 3.69e-07    |
-----------------------------------------
-----------------------------------------
| rollout/                |             |
|    ep_len_mean          | 1e+03       |
|    ep_rew_mean          | -1          |
| time/                   |             |
|    fps                  | 650         |
|    iterations           | 544         |
|    time_elapsed         | 53          |
|    total_timesteps      | 34816       |
| train/                  |             |
|    approx_kl            | 0.020760965 |
|    clip_fraction        | 0.142       |
|    clip_range           | 0.2         |
|    entropy_loss         | -2.31       |
|    explained_variance   | -0.359      |
|    learning_rate        | 0.0003      |
|    loss                 | -0.0338     |
|    n_updates            | 5430        |
|    policy_gradient_loss | -0.0284     |
|    value_loss           | 1.55e-07    |
-----------------------------------------
-----------------------------------------
| rollout/                |             |
|    ep_len_mean          | 1e+03       |
|    ep_rew_mean          | -1          |
| time/                   |             |
|    fps                  | 650         |
|    iterations           | 545         |
|    time_elapsed         | 53          |
|    total_timesteps      | 34880       |
| train/                  |             |
|    approx_kl            | 0.019084616 |
|    clip_fraction        | 0.147       |
|    clip_range           | 0.2         |
|    entropy_loss         | -2.31       |
|    explained_variance   | -0.145      |
|    learning_rate        | 0.0003      |
|    loss                 | -0.123      |
|    n_updates            | 5440        |
|    policy_gradient_loss | -0.0352     |
|    value_loss           | 1.17e-07    |
-----------------------------------------
-----------------------------------------
| rollout/                |             |
|    ep_len_mean          | 1e+03       |
|    ep_rew_mean          | -1          |
| time/                   |             |
|    fps                  | 650         |
|    iterations           | 546         |
|    time_elapsed         | 53          |
|    total_timesteps      | 34944       |
| train/                  |             |
|    approx_kl            | 0.022038726 |
|    clip_fraction        | 0.177       |
|    clip_range           | 0.2         |
|    entropy_loss         | -2.28       |
|    explained_variance   | -2          |
|    learning_rate        | 0.0003      |
|    loss                 | -0.0967     |
|    n_updates            | 5450        |
|    policy_gradient_loss | -0.0305     |
|    value_loss           | 2.66e-07    |
-----------------------------------------
-----------------------------------------
| rollout/                |             |
|    ep_len_mean          | 1e+03       |
|    ep_rew_mean          | -1          |
| time/                   |             |
|    fps                  | 650         |
|    iterations           | 547         |
|    time_elapsed         | 53          |
|    total_timesteps      | 35008       |
| train/                  |             |
|    approx_kl            | 0.025555458 |
|    clip_fraction        | 0.397       |
|    clip_range           | 0.2         |
|    entropy_loss         | -2.3        |
|    explained_variance   | -5.48       |
|    learning_rate        | 0.0003      |
|    loss                 | -0.1        |
|    n_updates            | 5460        |
|    policy_gradient_loss | -0.0565     |
|    value_loss           | 4.8e-07     |
-----------------------------------------
-----------------------------------------
| rollout/                |             |
|    ep_len_mean          | 1e+03       |
|    ep_rew_mean          | -1          |
| time/                   |             |
|    fps                  | 650         |
|    iterations           | 548         |
|    time_elapsed         | 53          |
|    total_timesteps      | 35072       |
| train/                  |             |
|    approx_kl            | 0.025154972 |
|    clip_fraction        | 0.212       |
|    clip_range           | 0.2         |
|    entropy_loss         | -2.29       |
|    explained_variance   | 0.032       |
|    learning_rate        | 0.0003      |
|    loss                 | -0.0575     |
|    n_updates            | 5470        |
|    policy_gradient_loss | -0.0368     |
|    value_loss           | 0.00069     |
-----------------------------------------
-----------------------------------------
| rollout/                |             |
|    ep_len_mean          | 1e+03       |
|    ep_rew_mean          | -1          |
| time/                   |             |
|    fps                  | 650         |
|    iterations           | 549         |
|    time_elapsed         | 54          |
|    total_timesteps      | 35136       |
| train/                  |             |
|    approx_kl            | 0.020608515 |
|    clip_fraction        | 0.136       |
|    clip_range           | 0.2         |
|    entropy_loss         | -2.28       |
|    explained_variance   | -3.63       |
|    learning_rate        | 0.0003      |
|    loss                 | -0.095      |
|    n_updates            | 5480        |
|    policy_gradient_loss | -0.0332     |
|    value_loss           | 4.63e-05    |
-----------------------------------------
------------------------------------------
| rollout/                |              |
|    ep_len_mean          | 1e+03        |
|    ep_rew_mean          | -1           |
| time/                   |              |
|    fps                  | 650          |
|    iterations           | 550          |
|    time_elapsed         | 54           |
|    total_timesteps      | 35200        |
| train/                  |              |
|    approx_kl            | 0.0079314755 |
|    clip_fraction        | 0.0969       |
|    clip_range           | 0.2          |
|    entropy_loss         | -2.35        |
|    explained_variance   | -0.709       |
|    learning_rate        | 0.0003       |
|    loss                 | -0.0661      |
|    n_updates            | 5490         |
|    policy_gradient_loss | -0.0167      |
|    value_loss           | 2.42e-05     |
------------------------------------------
-----------------------------------------
| rollout/                |             |
|    ep_len_mean          | 1e+03       |
|    ep_rew_mean          | -1          |
| time/                   |             |
|    fps                  | 650         |
|    iterations           | 551         |
|    time_elapsed         | 54          |
|    total_timesteps      | 35264       |
| train/                  |             |
|    approx_kl            | 0.031677388 |
|    clip_fraction        | 0.209       |
|    clip_range           | 0.2         |
|    entropy_loss         | -2.37       |
|    explained_variance   | -14.9       |
|    learning_rate        | 0.0003      |
|    loss                 | -0.0138     |
|    n_updates            | 5500        |
|    policy_gradient_loss | -0.0395     |
|    value_loss           | 1.13e-05    |
-----------------------------------------
-----------------------------------------
| rollout/                |             |
|    ep_len_mean          | 1e+03       |
|    ep_rew_mean          | -1          |
| time/                   |             |
|    fps                  | 650         |
|    iterations           | 552         |
|    time_elapsed         | 54          |
|    total_timesteps      | 35328       |
| train/                  |             |
|    approx_kl            | 0.018231634 |
|    clip_fraction        | 0.189       |
|    clip_range           | 0.2         |
|    entropy_loss         | -2.45       |
|    explained_variance   | -1.32       |
|    learning_rate        | 0.0003      |
|    loss                 | -0.0907     |
|    n_updates            | 5510        |
|    policy_gradient_loss | -0.036      |
|    value_loss           | 2.16e-06    |
-----------------------------------------
-----------------------------------------
| rollout/                |             |
|    ep_len_mean          | 1e+03       |
|    ep_rew_mean          | -1          |
| time/                   |             |
|    fps                  | 650         |
|    iterations           | 553         |
|    time_elapsed         | 54          |
|    total_timesteps      | 35392       |
| train/                  |             |
|    approx_kl            | 0.043855824 |
|    clip_fraction        | 0.339       |
|    clip_range           | 0.2         |
|    entropy_loss         | -2.51       |
|    explained_variance   | -0.215      |
|    learning_rate        | 0.0003      |
|    loss                 | -0.0901     |
|    n_updates            | 5520        |
|    policy_gradient_loss | -0.0566     |
|    value_loss           | 7e-06       |
-----------------------------------------
-----------------------------------------
| rollout/                |             |
|    ep_len_mean          | 1e+03       |
|    ep_rew_mean          | -1          |
| time/                   |             |
|    fps                  | 650         |
|    iterations           | 554         |
|    time_elapsed         | 54          |
|    total_timesteps      | 35456       |
| train/                  |             |
|    approx_kl            | 0.019077938 |
|    clip_fraction        | 0.203       |
|    clip_range           | 0.2         |
|    entropy_loss         | -2.51       |
|    explained_variance   | -2.67       |
|    learning_rate        | 0.0003      |
|    loss                 | -0.0827     |
|    n_updates            | 5530        |
|    policy_gradient_loss | -0.0388     |
|    value_loss           | 3.9e-06     |
-----------------------------------------
-----------------------------------------
| rollout/                |             |
|    ep_len_mean          | 1e+03       |
|    ep_rew_mean          | -1          |
| time/                   |             |
|    fps                  | 650         |
|    iterations           | 555         |
|    time_elapsed         | 54          |
|    total_timesteps      | 35520       |
| train/                  |             |
|    approx_kl            | 0.019976526 |
|    clip_fraction        | 0.177       |
|    clip_range           | 0.2         |
|    entropy_loss         | -2.5        |
|    explained_variance   | -0.228      |
|    learning_rate        | 0.0003      |
|    loss                 | -0.0594     |
|    n_updates            | 5540        |
|    policy_gradient_loss | -0.0316     |
|    value_loss           | 1.36e-06    |
-----------------------------------------
----------------------------------------
| rollout/                |            |
|    ep_len_mean          | 1e+03      |
|    ep_rew_mean          | -1         |
| time/                   |            |
|    fps                  | 650        |
|    iterations           | 556        |
|    time_elapsed         | 54         |
|    total_timesteps      | 35584      |
| train/                  |            |
|    approx_kl            | 0.02172772 |
|    clip_fraction        | 0.214      |
|    clip_range           | 0.2        |
|    entropy_loss         | -2.45      |
|    explained_variance   | -1.98      |
|    learning_rate        | 0.0003     |
|    loss                 | -0.0557    |
|    n_updates            | 5550       |
|    policy_gradient_loss | -0.0436    |
|    value_loss           | 1.53e-06   |
----------------------------------------
-----------------------------------------
| rollout/                |             |
|    ep_len_mean          | 1e+03       |
|    ep_rew_mean          | -1          |
| time/                   |             |
|    fps                  | 650         |
|    iterations           | 557         |
|    time_elapsed         | 54          |
|    total_timesteps      | 35648       |
| train/                  |             |
|    approx_kl            | 0.028995495 |
|    clip_fraction        | 0.222       |
|    clip_range           | 0.2         |
|    entropy_loss         | -2.44       |
|    explained_variance   | -63.6       |
|    learning_rate        | 0.0003      |
|    loss                 | -0.0279     |
|    n_updates            | 5560        |
|    policy_gradient_loss | -0.00907    |
|    value_loss           | 2.26e-05    |
-----------------------------------------
-----------------------------------------
| rollout/                |             |
|    ep_len_mean          | 1e+03       |
|    ep_rew_mean          | -1          |
| time/                   |             |
|    fps                  | 650         |
|    iterations           | 558         |
|    time_elapsed         | 54          |
|    total_timesteps      | 35712       |
| train/                  |             |
|    approx_kl            | 0.020960959 |
|    clip_fraction        | 0.18        |
|    clip_range           | 0.2         |
|    entropy_loss         | -2.41       |
|    explained_variance   | -2.15       |
|    learning_rate        | 0.0003      |
|    loss                 | -0.147      |
|    n_updates            | 5570        |
|    policy_gradient_loss | -0.0291     |
|    value_loss           | 3.8e-06     |
-----------------------------------------
-----------------------------------------
| rollout/                |             |
|    ep_len_mean          | 1e+03       |
|    ep_rew_mean          | -1          |
| time/                   |             |
|    fps                  | 650         |
|    iterations           | 559         |
|    time_elapsed         | 55          |
|    total_timesteps      | 35776       |
| train/                  |             |
|    approx_kl            | 0.029495768 |
|    clip_fraction        | 0.164       |
|    clip_range           | 0.2         |
|    entropy_loss         | -2.44       |
|    explained_variance   | 0.128       |
|    learning_rate        | 0.0003      |
|    loss                 | -0.0675     |
|    n_updates            | 5580        |
|    policy_gradient_loss | -0.0457     |
|    value_loss           | 1.28e-05    |
-----------------------------------------
-----------------------------------------
| rollout/                |             |
|    ep_len_mean          | 1e+03       |
|    ep_rew_mean          | -1          |
| time/                   |             |
|    fps                  | 650         |
|    iterations           | 560         |
|    time_elapsed         | 55          |
|    total_timesteps      | 35840       |
| train/                  |             |
|    approx_kl            | 0.029605547 |
|    clip_fraction        | 0.18        |
|    clip_range           | 0.2         |
|    entropy_loss         | -2.48       |
|    explained_variance   | -34.5       |
|    learning_rate        | 0.0003      |
|    loss                 | -0.107      |
|    n_updates            | 5590        |
|    policy_gradient_loss | -0.0345     |
|    value_loss           | 3.32e-06    |
-----------------------------------------
----------------------------------------
| rollout/                |            |
|    ep_len_mean          | 1e+03      |
|    ep_rew_mean          | -1         |
| time/                   |            |
|    fps                  | 650        |
|    iterations           | 561        |
|    time_elapsed         | 55         |
|    total_timesteps      | 35904      |
| train/                  |            |
|    approx_kl            | 0.01960919 |
|    clip_fraction        | 0.138      |
|    clip_range           | 0.2        |
|    entropy_loss         | -2.33      |
|    explained_variance   | -1.04      |
|    learning_rate        | 0.0003     |
|    loss                 | -0.0652    |
|    n_updates            | 5600       |
|    policy_gradient_loss | -0.0261    |
|    value_loss           | 1.3e-06    |
----------------------------------------
-----------------------------------------
| rollout/                |             |
|    ep_len_mean          | 1e+03       |
|    ep_rew_mean          | -1          |
| time/                   |             |
|    fps                  | 650         |
|    iterations           | 562         |
|    time_elapsed         | 55          |
|    total_timesteps      | 35968       |
| train/                  |             |
|    approx_kl            | 0.017557243 |
|    clip_fraction        | 0.122       |
|    clip_range           | 0.2         |
|    entropy_loss         | -2.29       |
|    explained_variance   | -0.217      |
|    learning_rate        | 0.0003      |
|    loss                 | -0.0467     |
|    n_updates            | 5610        |
|    policy_gradient_loss | -0.0232     |
|    value_loss           | 2.54e-06    |
-----------------------------------------
-----------------------------------------
| rollout/                |             |
|    ep_len_mean          | 1e+03       |
|    ep_rew_mean          | -1          |
| time/                   |             |
|    fps                  | 650         |
|    iterations           | 563         |
|    time_elapsed         | 55          |
|    total_timesteps      | 36032       |
| train/                  |             |
|    approx_kl            | 0.030531775 |
|    clip_fraction        | 0.314       |
|    clip_range           | 0.2         |
|    entropy_loss         | -2.28       |
|    explained_variance   | -18.2       |
|    learning_rate        | 0.0003      |
|    loss                 | -0.107      |
|    n_updates            | 5620        |
|    policy_gradient_loss | -0.0616     |
|    value_loss           | 1.66e-06    |
-----------------------------------------
-----------------------------------------
| rollout/                |             |
|    ep_len_mean          | 1e+03       |
|    ep_rew_mean          | -1          |
| time/                   |             |
|    fps                  | 650         |
|    iterations           | 564         |
|    time_elapsed         | 55          |
|    total_timesteps      | 36096       |
| train/                  |             |
|    approx_kl            | 0.015930451 |
|    clip_fraction        | 0.119       |
|    clip_range           | 0.2         |
|    entropy_loss         | -2.36       |
|    explained_variance   | 0.00649     |
|    learning_rate        | 0.0003      |
|    loss                 | -0.0542     |
|    n_updates            | 5630        |
|    policy_gradient_loss | -0.0264     |
|    value_loss           | 0.000988    |
-----------------------------------------
-----------------------------------------
| rollout/                |             |
|    ep_len_mean          | 1e+03       |
|    ep_rew_mean          | -1          |
| time/                   |             |
|    fps                  | 650         |
|    iterations           | 565         |
|    time_elapsed         | 55          |
|    total_timesteps      | 36160       |
| train/                  |             |
|    approx_kl            | 0.033012386 |
|    clip_fraction        | 0.223       |
|    clip_range           | 0.2         |
|    entropy_loss         | -2.36       |
|    explained_variance   | -48.2       |
|    learning_rate        | 0.0003      |
|    loss                 | -0.0731     |
|    n_updates            | 5640        |
|    policy_gradient_loss | -0.0408     |
|    value_loss           | 4.44e-05    |
-----------------------------------------
-----------------------------------------
| rollout/                |             |
|    ep_len_mean          | 1e+03       |
|    ep_rew_mean          | -1          |
| time/                   |             |
|    fps                  | 650         |
|    iterations           | 566         |
|    time_elapsed         | 55          |
|    total_timesteps      | 36224       |
| train/                  |             |
|    approx_kl            | 0.024469793 |
|    clip_fraction        | 0.178       |
|    clip_range           | 0.2         |
|    entropy_loss         | -2.35       |
|    explained_variance   | -17.3       |
|    learning_rate        | 0.0003      |
|    loss                 | -0.0898     |
|    n_updates            | 5650        |
|    policy_gradient_loss | -0.032      |
|    value_loss           | 2.97e-06    |
-----------------------------------------
-----------------------------------------
| rollout/                |             |
|    ep_len_mean          | 1e+03       |
|    ep_rew_mean          | -1          |
| time/                   |             |
|    fps                  | 650         |
|    iterations           | 567         |
|    time_elapsed         | 55          |
|    total_timesteps      | 36288       |
| train/                  |             |
|    approx_kl            | 0.025645278 |
|    clip_fraction        | 0.298       |
|    clip_range           | 0.2         |
|    entropy_loss         | -2.51       |
|    explained_variance   | -17         |
|    learning_rate        | 0.0003      |
|    loss                 | -0.107      |
|    n_updates            | 5660        |
|    policy_gradient_loss | -0.0372     |
|    value_loss           | 3.06e-06    |
-----------------------------------------
-----------------------------------------
| rollout/                |             |
|    ep_len_mean          | 1e+03       |
|    ep_rew_mean          | -1          |
| time/                   |             |
|    fps                  | 650         |
|    iterations           | 568         |
|    time_elapsed         | 55          |
|    total_timesteps      | 36352       |
| train/                  |             |
|    approx_kl            | 0.023605641 |
|    clip_fraction        | 0.244       |
|    clip_range           | 0.2         |
|    entropy_loss         | -2.56       |
|    explained_variance   | -4.67       |
|    learning_rate        | 0.0003      |
|    loss                 | -0.0715     |
|    n_updates            | 5670        |
|    policy_gradient_loss | -0.034      |
|    value_loss           | 7.45e-07    |
-----------------------------------------
-----------------------------------------
| rollout/                |             |
|    ep_len_mean          | 1e+03       |
|    ep_rew_mean          | -1          |
| time/                   |             |
|    fps                  | 650         |
|    iterations           | 569         |
|    time_elapsed         | 55          |
|    total_timesteps      | 36416       |
| train/                  |             |
|    approx_kl            | 0.021210294 |
|    clip_fraction        | 0.186       |
|    clip_range           | 0.2         |
|    entropy_loss         | -2.48       |
|    explained_variance   | -5.95       |
|    learning_rate        | 0.0003      |
|    loss                 | -0.111      |
|    n_updates            | 5680        |
|    policy_gradient_loss | -0.0312     |
|    value_loss           | 7.35e-07    |
-----------------------------------------
-----------------------------------------
| rollout/                |             |
|    ep_len_mean          | 1e+03       |
|    ep_rew_mean          | -1          |
| time/                   |             |
|    fps                  | 650         |
|    iterations           | 570         |
|    time_elapsed         | 56          |
|    total_timesteps      | 36480       |
| train/                  |             |
|    approx_kl            | 0.025898416 |
|    clip_fraction        | 0.191       |
|    clip_range           | 0.2         |
|    entropy_loss         | -2.43       |
|    explained_variance   | -0.0595     |
|    learning_rate        | 0.0003      |
|    loss                 | -0.11       |
|    n_updates            | 5690        |
|    policy_gradient_loss | -0.0363     |
|    value_loss           | 2.72e-07    |
-----------------------------------------
-----------------------------------------
| rollout/                |             |
|    ep_len_mean          | 1e+03       |
|    ep_rew_mean          | -1          |
| time/                   |             |
|    fps                  | 650         |
|    iterations           | 571         |
|    time_elapsed         | 56          |
|    total_timesteps      | 36544       |
| train/                  |             |
|    approx_kl            | 0.016985854 |
|    clip_fraction        | 0.152       |
|    clip_range           | 0.2         |
|    entropy_loss         | -2.42       |
|    explained_variance   | -2.03       |
|    learning_rate        | 0.0003      |
|    loss                 | -0.0555     |
|    n_updates            | 5700        |
|    policy_gradient_loss | -0.029      |
|    value_loss           | 1.72e-07    |
-----------------------------------------
-----------------------------------------
| rollout/                |             |
|    ep_len_mean          | 1e+03       |
|    ep_rew_mean          | -1          |
| time/                   |             |
|    fps                  | 650         |
|    iterations           | 572         |
|    time_elapsed         | 56          |
|    total_timesteps      | 36608       |
| train/                  |             |
|    approx_kl            | 0.023591837 |
|    clip_fraction        | 0.277       |
|    clip_range           | 0.2         |
|    entropy_loss         | -2.34       |
|    explained_variance   | -11.3       |
|    learning_rate        | 0.0003      |
|    loss                 | -0.0777     |
|    n_updates            | 5710        |
|    policy_gradient_loss | -0.047      |
|    value_loss           | 2.6e-07     |
-----------------------------------------
-----------------------------------------
| rollout/                |             |
|    ep_len_mean          | 1e+03       |
|    ep_rew_mean          | -1          |
| time/                   |             |
|    fps                  | 650         |
|    iterations           | 573         |
|    time_elapsed         | 56          |
|    total_timesteps      | 36672       |
| train/                  |             |
|    approx_kl            | 0.032672297 |
|    clip_fraction        | 0.161       |
|    clip_range           | 0.2         |
|    entropy_loss         | -2.27       |
|    explained_variance   | -0.611      |
|    learning_rate        | 0.0003      |
|    loss                 | -0.132      |
|    n_updates            | 5720        |
|    policy_gradient_loss | -0.0367     |
|    value_loss           | 1.02e-07    |
-----------------------------------------
-----------------------------------------
| rollout/                |             |
|    ep_len_mean          | 1e+03       |
|    ep_rew_mean          | -1          |
| time/                   |             |
|    fps                  | 650         |
|    iterations           | 574         |
|    time_elapsed         | 56          |
|    total_timesteps      | 36736       |
| train/                  |             |
|    approx_kl            | 0.024577795 |
|    clip_fraction        | 0.172       |
|    clip_range           | 0.2         |
|    entropy_loss         | -2.13       |
|    explained_variance   | -3.76       |
|    learning_rate        | 0.0003      |
|    loss                 | -0.0213     |
|    n_updates            | 5730        |
|    policy_gradient_loss | -0.042      |
|    value_loss           | 9.47e-08    |
-----------------------------------------
----------------------------------------
| rollout/                |            |
|    ep_len_mean          | 1e+03      |
|    ep_rew_mean          | -1         |
| time/                   |            |
|    fps                  | 650        |
|    iterations           | 575        |
|    time_elapsed         | 56         |
|    total_timesteps      | 36800      |
| train/                  |            |
|    approx_kl            | 0.02042364 |
|    clip_fraction        | 0.191      |
|    clip_range           | 0.2        |
|    entropy_loss         | -2.12      |
|    explained_variance   | -14.5      |
|    learning_rate        | 0.0003     |
|    loss                 | -0.0592    |
|    n_updates            | 5740       |
|    policy_gradient_loss | -0.0295    |
|    value_loss           | 4.83e-07   |
----------------------------------------
---------------------------------------
| rollout/                |           |
|    ep_len_mean          | 1e+03     |
|    ep_rew_mean          | -1        |
| time/                   |           |
|    fps                  | 650       |
|    iterations           | 576       |
|    time_elapsed         | 56        |
|    total_timesteps      | 36864     |
| train/                  |           |
|    approx_kl            | 0.0203402 |
|    clip_fraction        | 0.287     |
|    clip_range           | 0.2       |
|    entropy_loss         | -2.1      |
|    explained_variance   | -4.29     |
|    learning_rate        | 0.0003    |
|    loss                 | -0.0612   |
|    n_updates            | 5750      |
|    policy_gradient_loss | -0.05     |
|    value_loss           | 4.21e-07  |
---------------------------------------
-----------------------------------------
| rollout/                |             |
|    ep_len_mean          | 1e+03       |
|    ep_rew_mean          | -1          |
| time/                   |             |
|    fps                  | 650         |
|    iterations           | 577         |
|    time_elapsed         | 56          |
|    total_timesteps      | 36928       |
| train/                  |             |
|    approx_kl            | 0.019733109 |
|    clip_fraction        | 0.22        |
|    clip_range           | 0.2         |
|    entropy_loss         | -2.13       |
|    explained_variance   | -5.81       |
|    learning_rate        | 0.0003      |
|    loss                 | -0.0882     |
|    n_updates            | 5760        |
|    policy_gradient_loss | -0.0571     |
|    value_loss           | 1.39e-06    |
-----------------------------------------
-----------------------------------------
| rollout/                |             |
|    ep_len_mean          | 1e+03       |
|    ep_rew_mean          | -1          |
| time/                   |             |
|    fps                  | 650         |
|    iterations           | 578         |
|    time_elapsed         | 56          |
|    total_timesteps      | 36992       |
| train/                  |             |
|    approx_kl            | 0.016096015 |
|    clip_fraction        | 0.242       |
|    clip_range           | 0.2         |
|    entropy_loss         | -2.07       |
|    explained_variance   | -9.68       |
|    learning_rate        | 0.0003      |
|    loss                 | -0.0809     |
|    n_updates            | 5770        |
|    policy_gradient_loss | -0.0435     |
|    value_loss           | 1.53e-07    |
-----------------------------------------
-----------------------------------------
| rollout/                |             |
|    ep_len_mean          | 1e+03       |
|    ep_rew_mean          | -1          |
| time/                   |             |
|    fps                  | 650         |
|    iterations           | 579         |
|    time_elapsed         | 56          |
|    total_timesteps      | 37056       |
| train/                  |             |
|    approx_kl            | 0.017344054 |
|    clip_fraction        | 0.117       |
|    clip_range           | 0.2         |
|    entropy_loss         | -2.02       |
|    explained_variance   | -6.87       |
|    learning_rate        | 0.0003      |
|    loss                 | -0.0828     |
|    n_updates            | 5780        |
|    policy_gradient_loss | -0.0326     |
|    value_loss           | 5.17e-07    |
-----------------------------------------
-----------------------------------------
| rollout/                |             |
|    ep_len_mean          | 1e+03       |
|    ep_rew_mean          | -1          |
| time/                   |             |
|    fps                  | 650         |
|    iterations           | 580         |
|    time_elapsed         | 57          |
|    total_timesteps      | 37120       |
| train/                  |             |
|    approx_kl            | 0.013626093 |
|    clip_fraction        | 0.0938      |
|    clip_range           | 0.2         |
|    entropy_loss         | -1.83       |
|    explained_variance   | 0.00528     |
|    learning_rate        | 0.0003      |
|    loss                 | -0.0398     |
|    n_updates            | 5790        |
|    policy_gradient_loss | -0.0183     |
|    value_loss           | 0.000716    |
-----------------------------------------
-----------------------------------------
| rollout/                |             |
|    ep_len_mean          | 1e+03       |
|    ep_rew_mean          | -1          |
| time/                   |             |
|    fps                  | 651         |
|    iterations           | 581         |
|    time_elapsed         | 57          |
|    total_timesteps      | 37184       |
| train/                  |             |
|    approx_kl            | 0.023814205 |
|    clip_fraction        | 0.155       |
|    clip_range           | 0.2         |
|    entropy_loss         | -1.86       |
|    explained_variance   | -5.18       |
|    learning_rate        | 0.0003      |
|    loss                 | -0.0881     |
|    n_updates            | 5800        |
|    policy_gradient_loss | -0.0349     |
|    value_loss           | 5.93e-05    |
-----------------------------------------
-----------------------------------------
| rollout/                |             |
|    ep_len_mean          | 1e+03       |
|    ep_rew_mean          | -1          |
| time/                   |             |
|    fps                  | 651         |
|    iterations           | 582         |
|    time_elapsed         | 57          |
|    total_timesteps      | 37248       |
| train/                  |             |
|    approx_kl            | 0.012121814 |
|    clip_fraction        | 0.125       |
|    clip_range           | 0.2         |
|    entropy_loss         | -1.82       |
|    explained_variance   | -1.53       |
|    learning_rate        | 0.0003      |
|    loss                 | -0.0726     |
|    n_updates            | 5810        |
|    policy_gradient_loss | -0.0261     |
|    value_loss           | 1.06e-05    |
-----------------------------------------
----------------------------------------
| rollout/                |            |
|    ep_len_mean          | 1e+03      |
|    ep_rew_mean          | -1         |
| time/                   |            |
|    fps                  | 651        |
|    iterations           | 583        |
|    time_elapsed         | 57         |
|    total_timesteps      | 37312      |
| train/                  |            |
|    approx_kl            | 0.02203611 |
|    clip_fraction        | 0.117      |
|    clip_range           | 0.2        |
|    entropy_loss         | -1.87      |
|    explained_variance   | -7.62      |
|    learning_rate        | 0.0003     |
|    loss                 | 0.00472    |
|    n_updates            | 5820       |
|    policy_gradient_loss | -0.0178    |
|    value_loss           | 5.04e-06   |
----------------------------------------
-----------------------------------------
| rollout/                |             |
|    ep_len_mean          | 1e+03       |
|    ep_rew_mean          | -1          |
| time/                   |             |
|    fps                  | 651         |
|    iterations           | 584         |
|    time_elapsed         | 57          |
|    total_timesteps      | 37376       |
| train/                  |             |
|    approx_kl            | 0.011205478 |
|    clip_fraction        | 0.142       |
|    clip_range           | 0.2         |
|    entropy_loss         | -1.99       |
|    explained_variance   | -17.2       |
|    learning_rate        | 0.0003      |
|    loss                 | -0.051      |
|    n_updates            | 5830        |
|    policy_gradient_loss | -0.0236     |
|    value_loss           | 4.74e-06    |
-----------------------------------------
----------------------------------------
| rollout/                |            |
|    ep_len_mean          | 1e+03      |
|    ep_rew_mean          | -1         |
| time/                   |            |
|    fps                  | 651        |
|    iterations           | 585        |
|    time_elapsed         | 57         |
|    total_timesteps      | 37440      |
| train/                  |            |
|    approx_kl            | 0.02256652 |
|    clip_fraction        | 0.189      |
|    clip_range           | 0.2        |
|    entropy_loss         | -2.05      |
|    explained_variance   | -24.2      |
|    learning_rate        | 0.0003     |
|    loss                 | -0.0708    |
|    n_updates            | 5840       |
|    policy_gradient_loss | -0.0223    |
|    value_loss           | 1.07e-06   |
----------------------------------------
-----------------------------------------
| rollout/                |             |
|    ep_len_mean          | 1e+03       |
|    ep_rew_mean          | -1          |
| time/                   |             |
|    fps                  | 651         |
|    iterations           | 586         |
|    time_elapsed         | 57          |
|    total_timesteps      | 37504       |
| train/                  |             |
|    approx_kl            | 0.015572589 |
|    clip_fraction        | 0.0859      |
|    clip_range           | 0.2         |
|    entropy_loss         | -2.18       |
|    explained_variance   | -4.39       |
|    learning_rate        | 0.0003      |
|    loss                 | -0.0691     |
|    n_updates            | 5850        |
|    policy_gradient_loss | -0.0271     |
|    value_loss           | 2.87e-07    |
-----------------------------------------
-----------------------------------------
| rollout/                |             |
|    ep_len_mean          | 1e+03       |
|    ep_rew_mean          | -1          |
| time/                   |             |
|    fps                  | 651         |
|    iterations           | 587         |
|    time_elapsed         | 57          |
|    total_timesteps      | 37568       |
| train/                  |             |
|    approx_kl            | 0.015198873 |
|    clip_fraction        | 0.186       |
|    clip_range           | 0.2         |
|    entropy_loss         | -2.25       |
|    explained_variance   | -1.8        |
|    learning_rate        | 0.0003      |
|    loss                 | -0.0455     |
|    n_updates            | 5860        |
|    policy_gradient_loss | -0.0256     |
|    value_loss           | 6.42e-08    |
-----------------------------------------
-----------------------------------------
| rollout/                |             |
|    ep_len_mean          | 1e+03       |
|    ep_rew_mean          | -1          |
| time/                   |             |
|    fps                  | 651         |
|    iterations           | 588         |
|    time_elapsed         | 57          |
|    total_timesteps      | 37632       |
| train/                  |             |
|    approx_kl            | 0.028534437 |
|    clip_fraction        | 0.147       |
|    clip_range           | 0.2         |
|    entropy_loss         | -2.29       |
|    explained_variance   | -2.5        |
|    learning_rate        | 0.0003      |
|    loss                 | -0.0776     |
|    n_updates            | 5870        |
|    policy_gradient_loss | -0.0304     |
|    value_loss           | 2.67e-08    |
-----------------------------------------
-----------------------------------------
| rollout/                |             |
|    ep_len_mean          | 1e+03       |
|    ep_rew_mean          | -1          |
| time/                   |             |
|    fps                  | 651         |
|    iterations           | 589         |
|    time_elapsed         | 57          |
|    total_timesteps      | 37696       |
| train/                  |             |
|    approx_kl            | 0.020388858 |
|    clip_fraction        | 0.408       |
|    clip_range           | 0.2         |
|    entropy_loss         | -2.32       |
|    explained_variance   | -15         |
|    learning_rate        | 0.0003      |
|    loss                 | -0.101      |
|    n_updates            | 5880        |
|    policy_gradient_loss | -0.0427     |
|    value_loss           | 3.9e-07     |
-----------------------------------------
-----------------------------------------
| rollout/                |             |
|    ep_len_mean          | 1e+03       |
|    ep_rew_mean          | -1          |
| time/                   |             |
|    fps                  | 651         |
|    iterations           | 590         |
|    time_elapsed         | 57          |
|    total_timesteps      | 37760       |
| train/                  |             |
|    approx_kl            | 0.028954886 |
|    clip_fraction        | 0.202       |
|    clip_range           | 0.2         |
|    entropy_loss         | -2.35       |
|    explained_variance   | -16.3       |
|    learning_rate        | 0.0003      |
|    loss                 | -0.072      |
|    n_updates            | 5890        |
|    policy_gradient_loss | -0.0458     |
|    value_loss           | 3.85e-07    |
-----------------------------------------
-----------------------------------------
| rollout/                |             |
|    ep_len_mean          | 1e+03       |
|    ep_rew_mean          | -1          |
| time/                   |             |
|    fps                  | 651         |
|    iterations           | 591         |
|    time_elapsed         | 58          |
|    total_timesteps      | 37824       |
| train/                  |             |
|    approx_kl            | 0.014781658 |
|    clip_fraction        | 0.152       |
|    clip_range           | 0.2         |
|    entropy_loss         | -2.3        |
|    explained_variance   | -3.85       |
|    learning_rate        | 0.0003      |
|    loss                 | -0.036      |
|    n_updates            | 5900        |
|    policy_gradient_loss | -0.0314     |
|    value_loss           | 5.18e-08    |
-----------------------------------------
-----------------------------------------
| rollout/                |             |
|    ep_len_mean          | 1e+03       |
|    ep_rew_mean          | -1          |
| time/                   |             |
|    fps                  | 651         |
|    iterations           | 592         |
|    time_elapsed         | 58          |
|    total_timesteps      | 37888       |
| train/                  |             |
|    approx_kl            | 0.026950322 |
|    clip_fraction        | 0.197       |
|    clip_range           | 0.2         |
|    entropy_loss         | -2.34       |
|    explained_variance   | -6.3        |
|    learning_rate        | 0.0003      |
|    loss                 | -0.041      |
|    n_updates            | 5910        |
|    policy_gradient_loss | -0.0334     |
|    value_loss           | 5.79e-08    |
-----------------------------------------
-----------------------------------------
| rollout/                |             |
|    ep_len_mean          | 1e+03       |
|    ep_rew_mean          | -1          |
| time/                   |             |
|    fps                  | 651         |
|    iterations           | 593         |
|    time_elapsed         | 58          |
|    total_timesteps      | 37952       |
| train/                  |             |
|    approx_kl            | 0.013935253 |
|    clip_fraction        | 0.203       |
|    clip_range           | 0.2         |
|    entropy_loss         | -2.45       |
|    explained_variance   | -37.8       |
|    learning_rate        | 0.0003      |
|    loss                 | -0.0376     |
|    n_updates            | 5920        |
|    policy_gradient_loss | -0.025      |
|    value_loss           | 2.33e-08    |
-----------------------------------------
-----------------------------------------
| rollout/                |             |
|    ep_len_mean          | 1e+03       |
|    ep_rew_mean          | -1          |
| time/                   |             |
|    fps                  | 651         |
|    iterations           | 594         |
|    time_elapsed         | 58          |
|    total_timesteps      | 38016       |
| train/                  |             |
|    approx_kl            | 0.022536311 |
|    clip_fraction        | 0.18        |
|    clip_range           | 0.2         |
|    entropy_loss         | -2.44       |
|    explained_variance   | -22.7       |
|    learning_rate        | 0.0003      |
|    loss                 | -0.0433     |
|    n_updates            | 5930        |
|    policy_gradient_loss | -0.0379     |
|    value_loss           | 1.74e-08    |
-----------------------------------------
----------------------------------------
| rollout/                |            |
|    ep_len_mean          | 1e+03      |
|    ep_rew_mean          | -1         |
| time/                   |            |
|    fps                  | 651        |
|    iterations           | 595        |
|    time_elapsed         | 58         |
|    total_timesteps      | 38080      |
| train/                  |            |
|    approx_kl            | 0.02055169 |
|    clip_fraction        | 0.169      |
|    clip_range           | 0.2        |
|    entropy_loss         | -2.49      |
|    explained_variance   | 0.00303    |
|    learning_rate        | 0.0003     |
|    loss                 | -0.0787    |
|    n_updates            | 5940       |
|    policy_gradient_loss | -0.0322    |
|    value_loss           | 0.00084    |
----------------------------------------
-----------------------------------------
| rollout/                |             |
|    ep_len_mean          | 1e+03       |
|    ep_rew_mean          | -1          |
| time/                   |             |
|    fps                  | 651         |
|    iterations           | 596         |
|    time_elapsed         | 58          |
|    total_timesteps      | 38144       |
| train/                  |             |
|    approx_kl            | 0.024858944 |
|    clip_fraction        | 0.237       |
|    clip_range           | 0.2         |
|    entropy_loss         | -2.52       |
|    explained_variance   | -27.8       |
|    learning_rate        | 0.0003      |
|    loss                 | -0.0836     |
|    n_updates            | 5950        |
|    policy_gradient_loss | -0.0381     |
|    value_loss           | 4.53e-06    |
-----------------------------------------
-----------------------------------------
| rollout/                |             |
|    ep_len_mean          | 1e+03       |
|    ep_rew_mean          | -1          |
| time/                   |             |
|    fps                  | 651         |
|    iterations           | 597         |
|    time_elapsed         | 58          |
|    total_timesteps      | 38208       |
| train/                  |             |
|    approx_kl            | 0.028804097 |
|    clip_fraction        | 0.3         |
|    clip_range           | 0.2         |
|    entropy_loss         | -2.49       |
|    explained_variance   | -15.7       |
|    learning_rate        | 0.0003      |
|    loss                 | -0.00554    |
|    n_updates            | 5960        |
|    policy_gradient_loss | -0.0205     |
|    value_loss           | 1.54e-06    |
-----------------------------------------
-----------------------------------------
| rollout/                |             |
|    ep_len_mean          | 1e+03       |
|    ep_rew_mean          | -1          |
| time/                   |             |
|    fps                  | 651         |
|    iterations           | 598         |
|    time_elapsed         | 58          |
|    total_timesteps      | 38272       |
| train/                  |             |
|    approx_kl            | 0.027445752 |
|    clip_fraction        | 0.245       |
|    clip_range           | 0.2         |
|    entropy_loss         | -2.49       |
|    explained_variance   | -4.8        |
|    learning_rate        | 0.0003      |
|    loss                 | -0.129      |
|    n_updates            | 5970        |
|    policy_gradient_loss | -0.0528     |
|    value_loss           | 1.08e-06    |
-----------------------------------------
----------------------------------------
| rollout/                |            |
|    ep_len_mean          | 1e+03      |
|    ep_rew_mean          | -1         |
| time/                   |            |
|    fps                  | 651        |
|    iterations           | 599        |
|    time_elapsed         | 58         |
|    total_timesteps      | 38336      |
| train/                  |            |
|    approx_kl            | 0.02958382 |
|    clip_fraction        | 0.172      |
|    clip_range           | 0.2        |
|    entropy_loss         | -2.46      |
|    explained_variance   | -0.995     |
|    learning_rate        | 0.0003     |
|    loss                 | -0.0672    |
|    n_updates            | 5980       |
|    policy_gradient_loss | -0.0303    |
|    value_loss           | 6.61e-07   |
----------------------------------------
-----------------------------------------
| rollout/                |             |
|    ep_len_mean          | 1e+03       |
|    ep_rew_mean          | -1          |
| time/                   |             |
|    fps                  | 651         |
|    iterations           | 600         |
|    time_elapsed         | 58          |
|    total_timesteps      | 38400       |
| train/                  |             |
|    approx_kl            | 0.019172378 |
|    clip_fraction        | 0.203       |
|    clip_range           | 0.2         |
|    entropy_loss         | -2.44       |
|    explained_variance   | -0.209      |
|    learning_rate        | 0.0003      |
|    loss                 | -0.108      |
|    n_updates            | 5990        |
|    policy_gradient_loss | -0.039      |
|    value_loss           | 4.38e-07    |
-----------------------------------------
-----------------------------------------
| rollout/                |             |
|    ep_len_mean          | 1e+03       |
|    ep_rew_mean          | -1          |
| time/                   |             |
|    fps                  | 651         |
|    iterations           | 601         |
|    time_elapsed         | 59          |
|    total_timesteps      | 38464       |
| train/                  |             |
|    approx_kl            | 0.014694754 |
|    clip_fraction        | 0.119       |
|    clip_range           | 0.2         |
|    entropy_loss         | -2.44       |
|    explained_variance   | -1.46       |
|    learning_rate        | 0.0003      |
|    loss                 | -0.0385     |
|    n_updates            | 6000        |
|    policy_gradient_loss | -0.0202     |
|    value_loss           | 3.68e-07    |
-----------------------------------------
----------------------------------------
| rollout/                |            |
|    ep_len_mean          | 1e+03      |
|    ep_rew_mean          | -1         |
| time/                   |            |
|    fps                  | 651        |
|    iterations           | 602        |
|    time_elapsed         | 59         |
|    total_timesteps      | 38528      |
| train/                  |            |
|    approx_kl            | 0.02277292 |
|    clip_fraction        | 0.142      |
|    clip_range           | 0.2        |
|    entropy_loss         | -2.46      |
|    explained_variance   | -2.59      |
|    learning_rate        | 0.0003     |
|    loss                 | -0.0809    |
|    n_updates            | 6010       |
|    policy_gradient_loss | -0.0283    |
|    value_loss           | 2.43e-07   |
----------------------------------------
----------------------------------------
| rollout/                |            |
|    ep_len_mean          | 1e+03      |
|    ep_rew_mean          | -1         |
| time/                   |            |
|    fps                  | 651        |
|    iterations           | 603        |
|    time_elapsed         | 59         |
|    total_timesteps      | 38592      |
| train/                  |            |
|    approx_kl            | 0.02695252 |
|    clip_fraction        | 0.244      |
|    clip_range           | 0.2        |
|    entropy_loss         | -2.47      |
|    explained_variance   | -0.0744    |
|    learning_rate        | 0.0003     |
|    loss                 | -0.0638    |
|    n_updates            | 6020       |
|    policy_gradient_loss | -0.0254    |
|    value_loss           | 2.7e-07    |
----------------------------------------
-----------------------------------------
| rollout/                |             |
|    ep_len_mean          | 1e+03       |
|    ep_rew_mean          | -1          |
| time/                   |             |
|    fps                  | 651         |
|    iterations           | 604         |
|    time_elapsed         | 59          |
|    total_timesteps      | 38656       |
| train/                  |             |
|    approx_kl            | 0.010287798 |
|    clip_fraction        | 0.123       |
|    clip_range           | 0.2         |
|    entropy_loss         | -2.49       |
|    explained_variance   | -1.19       |
|    learning_rate        | 0.0003      |
|    loss                 | -0.0728     |
|    n_updates            | 6030        |
|    policy_gradient_loss | -0.0288     |
|    value_loss           | 1.69e-07    |
-----------------------------------------
-----------------------------------------
| rollout/                |             |
|    ep_len_mean          | 1e+03       |
|    ep_rew_mean          | -1          |
| time/                   |             |
|    fps                  | 651         |
|    iterations           | 605         |
|    time_elapsed         | 59          |
|    total_timesteps      | 38720       |
| train/                  |             |
|    approx_kl            | 0.021445382 |
|    clip_fraction        | 0.272       |
|    clip_range           | 0.2         |
|    entropy_loss         | -2.53       |
|    explained_variance   | -1.42       |
|    learning_rate        | 0.0003      |
|    loss                 | -0.0258     |
|    n_updates            | 6040        |
|    policy_gradient_loss | -0.0403     |
|    value_loss           | 1.32e-07    |
-----------------------------------------
-----------------------------------------
| rollout/                |             |
|    ep_len_mean          | 1e+03       |
|    ep_rew_mean          | -1          |
| time/                   |             |
|    fps                  | 651         |
|    iterations           | 606         |
|    time_elapsed         | 59          |
|    total_timesteps      | 38784       |
| train/                  |             |
|    approx_kl            | 0.024389926 |
|    clip_fraction        | 0.319       |
|    clip_range           | 0.2         |
|    entropy_loss         | -2.63       |
|    explained_variance   | -10.5       |
|    learning_rate        | 0.0003      |
|    loss                 | -0.118      |
|    n_updates            | 6050        |
|    policy_gradient_loss | -0.0516     |
|    value_loss           | 4.88e-06    |
-----------------------------------------
-----------------------------------------
| rollout/                |             |
|    ep_len_mean          | 1e+03       |
|    ep_rew_mean          | -1          |
| time/                   |             |
|    fps                  | 651         |
|    iterations           | 607         |
|    time_elapsed         | 59          |
|    total_timesteps      | 38848       |
| train/                  |             |
|    approx_kl            | 0.019095194 |
|    clip_fraction        | 0.284       |
|    clip_range           | 0.2         |
|    entropy_loss         | -2.51       |
|    explained_variance   | -50         |
|    learning_rate        | 0.0003      |
|    loss                 | -0.0884     |
|    n_updates            | 6060        |
|    policy_gradient_loss | -0.0446     |
|    value_loss           | 2.28e-06    |
-----------------------------------------
-----------------------------------------
| rollout/                |             |
|    ep_len_mean          | 1e+03       |
|    ep_rew_mean          | -1          |
| time/                   |             |
|    fps                  | 651         |
|    iterations           | 608         |
|    time_elapsed         | 59          |
|    total_timesteps      | 38912       |
| train/                  |             |
|    approx_kl            | 0.020325245 |
|    clip_fraction        | 0.227       |
|    clip_range           | 0.2         |
|    entropy_loss         | -2.54       |
|    explained_variance   | -5.14       |
|    learning_rate        | 0.0003      |
|    loss                 | -0.0194     |
|    n_updates            | 6070        |
|    policy_gradient_loss | -0.0223     |
|    value_loss           | 2.65e-07    |
-----------------------------------------
-----------------------------------------
| rollout/                |             |
|    ep_len_mean          | 1e+03       |
|    ep_rew_mean          | -1          |
| time/                   |             |
|    fps                  | 651         |
|    iterations           | 609         |
|    time_elapsed         | 59          |
|    total_timesteps      | 38976       |
| train/                  |             |
|    approx_kl            | 0.026994606 |
|    clip_fraction        | 0.178       |
|    clip_range           | 0.2         |
|    entropy_loss         | -2.57       |
|    explained_variance   | -0.789      |
|    learning_rate        | 0.0003      |
|    loss                 | -0.0713     |
|    n_updates            | 6080        |
|    policy_gradient_loss | -0.0406     |
|    value_loss           | 5.01e-08    |
-----------------------------------------
-----------------------------------------
| rollout/                |             |
|    ep_len_mean          | 1e+03       |
|    ep_rew_mean          | -1          |
| time/                   |             |
|    fps                  | 651         |
|    iterations           | 610         |
|    time_elapsed         | 59          |
|    total_timesteps      | 39040       |
| train/                  |             |
|    approx_kl            | 0.030231342 |
|    clip_fraction        | 0.241       |
|    clip_range           | 0.2         |
|    entropy_loss         | -2.58       |
|    explained_variance   | -0.423      |
|    learning_rate        | 0.0003      |
|    loss                 | -0.0957     |
|    n_updates            | 6090        |
|    policy_gradient_loss | -0.0511     |
|    value_loss           | 4.27e-08    |
-----------------------------------------
----------------------------------------
| rollout/                |            |
|    ep_len_mean          | 1e+03      |
|    ep_rew_mean          | -1         |
| time/                   |            |
|    fps                  | 651        |
|    iterations           | 611        |
|    time_elapsed         | 60         |
|    total_timesteps      | 39104      |
| train/                  |            |
|    approx_kl            | 0.02675496 |
|    clip_fraction        | 0.163      |
|    clip_range           | 0.2        |
|    entropy_loss         | -2.58      |
|    explained_variance   | -0.000299  |
|    learning_rate        | 0.0003     |
|    loss                 | -0.0668    |
|    n_updates            | 6100       |
|    policy_gradient_loss | -0.0308    |
|    value_loss           | 0.000925   |
----------------------------------------
----------------------------------------
| rollout/                |            |
|    ep_len_mean          | 1e+03      |
|    ep_rew_mean          | -1         |
| time/                   |            |
|    fps                  | 651        |
|    iterations           | 612        |
|    time_elapsed         | 60         |
|    total_timesteps      | 39168      |
| train/                  |            |
|    approx_kl            | 0.01389048 |
|    clip_fraction        | 0.181      |
|    clip_range           | 0.2        |
|    entropy_loss         | -2.5       |
|    explained_variance   | -14.2      |
|    learning_rate        | 0.0003     |
|    loss                 | -0.0226    |
|    n_updates            | 6110       |
|    policy_gradient_loss | -0.0314    |
|    value_loss           | 6.57e-05   |
----------------------------------------
-----------------------------------------
| rollout/                |             |
|    ep_len_mean          | 1e+03       |
|    ep_rew_mean          | -1          |
| time/                   |             |
|    fps                  | 651         |
|    iterations           | 613         |
|    time_elapsed         | 60          |
|    total_timesteps      | 39232       |
| train/                  |             |
|    approx_kl            | 0.021912921 |
|    clip_fraction        | 0.189       |
|    clip_range           | 0.2         |
|    entropy_loss         | -2.53       |
|    explained_variance   | 0.00476     |
|    learning_rate        | 0.0003      |
|    loss                 | -0.0681     |
|    n_updates            | 6120        |
|    policy_gradient_loss | -0.0379     |
|    value_loss           | 1e-06       |
-----------------------------------------
-----------------------------------------
| rollout/                |             |
|    ep_len_mean          | 1e+03       |
|    ep_rew_mean          | -1          |
| time/                   |             |
|    fps                  | 651         |
|    iterations           | 614         |
|    time_elapsed         | 60          |
|    total_timesteps      | 39296       |
| train/                  |             |
|    approx_kl            | 0.020863183 |
|    clip_fraction        | 0.158       |
|    clip_range           | 0.2         |
|    entropy_loss         | -2.56       |
|    explained_variance   | -5.74       |
|    learning_rate        | 0.0003      |
|    loss                 | -0.0747     |
|    n_updates            | 6130        |
|    policy_gradient_loss | -0.0228     |
|    value_loss           | 4.49e-06    |
-----------------------------------------
------------------------------------------
| rollout/                |              |
|    ep_len_mean          | 1e+03        |
|    ep_rew_mean          | -1           |
| time/                   |              |
|    fps                  | 651          |
|    iterations           | 615          |
|    time_elapsed         | 60           |
|    total_timesteps      | 39360        |
| train/                  |              |
|    approx_kl            | 0.0149626145 |
|    clip_fraction        | 0.155        |
|    clip_range           | 0.2          |
|    entropy_loss         | -2.57        |
|    explained_variance   | -0.284       |
|    learning_rate        | 0.0003       |
|    loss                 | -0.063       |
|    n_updates            | 6140         |
|    policy_gradient_loss | -0.0208      |
|    value_loss           | 6.04e-07     |
------------------------------------------
-----------------------------------------
| rollout/                |             |
|    ep_len_mean          | 1e+03       |
|    ep_rew_mean          | -1          |
| time/                   |             |
|    fps                  | 651         |
|    iterations           | 616         |
|    time_elapsed         | 60          |
|    total_timesteps      | 39424       |
| train/                  |             |
|    approx_kl            | 0.025269825 |
|    clip_fraction        | 0.294       |
|    clip_range           | 0.2         |
|    entropy_loss         | -2.51       |
|    explained_variance   | -1.33       |
|    learning_rate        | 0.0003      |
|    loss                 | -0.0625     |
|    n_updates            | 6150        |
|    policy_gradient_loss | -0.0492     |
|    value_loss           | 3.31e-07    |
-----------------------------------------
---------------------------------------
| rollout/                |           |
|    ep_len_mean          | 1e+03     |
|    ep_rew_mean          | -1        |
| time/                   |           |
|    fps                  | 651       |
|    iterations           | 617       |
|    time_elapsed         | 60        |
|    total_timesteps      | 39488     |
| train/                  |           |
|    approx_kl            | 0.0173519 |
|    clip_fraction        | 0.123     |
|    clip_range           | 0.2       |
|    entropy_loss         | -2.51     |
|    explained_variance   | -0.963    |
|    learning_rate        | 0.0003    |
|    loss                 | -0.0796   |
|    n_updates            | 6160      |
|    policy_gradient_loss | -0.0212   |
|    value_loss           | 4.63e-07  |
---------------------------------------
-----------------------------------------
| rollout/                |             |
|    ep_len_mean          | 1e+03       |
|    ep_rew_mean          | -1          |
| time/                   |             |
|    fps                  | 651         |
|    iterations           | 618         |
|    time_elapsed         | 60          |
|    total_timesteps      | 39552       |
| train/                  |             |
|    approx_kl            | 0.026146924 |
|    clip_fraction        | 0.225       |
|    clip_range           | 0.2         |
|    entropy_loss         | -2.53       |
|    explained_variance   | -0.0231     |
|    learning_rate        | 0.0003      |
|    loss                 | -0.12       |
|    n_updates            | 6170        |
|    policy_gradient_loss | -0.0411     |
|    value_loss           | 4.51e-07    |
-----------------------------------------
----------------------------------------
| rollout/                |            |
|    ep_len_mean          | 1e+03      |
|    ep_rew_mean          | -1         |
| time/                   |            |
|    fps                  | 651        |
|    iterations           | 619        |
|    time_elapsed         | 60         |
|    total_timesteps      | 39616      |
| train/                  |            |
|    approx_kl            | 0.03280497 |
|    clip_fraction        | 0.236      |
|    clip_range           | 0.2        |
|    entropy_loss         | -2.54      |
|    explained_variance   | -0.271     |
|    learning_rate        | 0.0003     |
|    loss                 | -0.0331    |
|    n_updates            | 6180       |
|    policy_gradient_loss | -0.0373    |
|    value_loss           | 1.3e-07    |
----------------------------------------
-----------------------------------------
| rollout/                |             |
|    ep_len_mean          | 1e+03       |
|    ep_rew_mean          | -1          |
| time/                   |             |
|    fps                  | 651         |
|    iterations           | 620         |
|    time_elapsed         | 60          |
|    total_timesteps      | 39680       |
| train/                  |             |
|    approx_kl            | 0.015639046 |
|    clip_fraction        | 0.155       |
|    clip_range           | 0.2         |
|    entropy_loss         | -2.54       |
|    explained_variance   | -0.0473     |
|    learning_rate        | 0.0003      |
|    loss                 | -0.0457     |
|    n_updates            | 6190        |
|    policy_gradient_loss | -0.0241     |
|    value_loss           | 1.4e-07     |
-----------------------------------------
-----------------------------------------
| rollout/                |             |
|    ep_len_mean          | 1e+03       |
|    ep_rew_mean          | -1          |
| time/                   |             |
|    fps                  | 651         |
|    iterations           | 621         |
|    time_elapsed         | 60          |
|    total_timesteps      | 39744       |
| train/                  |             |
|    approx_kl            | 0.024904964 |
|    clip_fraction        | 0.217       |
|    clip_range           | 0.2         |
|    entropy_loss         | -2.57       |
|    explained_variance   | -0.165      |
|    learning_rate        | 0.0003      |
|    loss                 | -0.0571     |
|    n_updates            | 6200        |
|    policy_gradient_loss | -0.035      |
|    value_loss           | 8.92e-08    |
-----------------------------------------
-----------------------------------------
| rollout/                |             |
|    ep_len_mean          | 1e+03       |
|    ep_rew_mean          | -1          |
| time/                   |             |
|    fps                  | 651         |
|    iterations           | 622         |
|    time_elapsed         | 61          |
|    total_timesteps      | 39808       |
| train/                  |             |
|    approx_kl            | 0.020049136 |
|    clip_fraction        | 0.175       |
|    clip_range           | 0.2         |
|    entropy_loss         | -2.51       |
|    explained_variance   | -0.0878     |
|    learning_rate        | 0.0003      |
|    loss                 | -0.0449     |
|    n_updates            | 6210        |
|    policy_gradient_loss | -0.0263     |
|    value_loss           | 5.83e-08    |
-----------------------------------------
-----------------------------------------
| rollout/                |             |
|    ep_len_mean          | 1e+03       |
|    ep_rew_mean          | -1          |
| time/                   |             |
|    fps                  | 651         |
|    iterations           | 623         |
|    time_elapsed         | 61          |
|    total_timesteps      | 39872       |
| train/                  |             |
|    approx_kl            | 0.026078345 |
|    clip_fraction        | 0.242       |
|    clip_range           | 0.2         |
|    entropy_loss         | -2.48       |
|    explained_variance   | -0.197      |
|    learning_rate        | 0.0003      |
|    loss                 | -0.0943     |
|    n_updates            | 6220        |
|    policy_gradient_loss | -0.0419     |
|    value_loss           | 4.29e-08    |
-----------------------------------------
-----------------------------------------
| rollout/                |             |
|    ep_len_mean          | 1e+03       |
|    ep_rew_mean          | -1          |
| time/                   |             |
|    fps                  | 651         |
|    iterations           | 624         |
|    time_elapsed         | 61          |
|    total_timesteps      | 39936       |
| train/                  |             |
|    approx_kl            | 0.017885284 |
|    clip_fraction        | 0.161       |
|    clip_range           | 0.2         |
|    entropy_loss         | -2.46       |
|    explained_variance   | -0.228      |
|    learning_rate        | 0.0003      |
|    loss                 | -0.0811     |
|    n_updates            | 6230        |
|    policy_gradient_loss | -0.0182     |
|    value_loss           | 3.37e-08    |
-----------------------------------------
-----------------------------------------
| rollout/                |             |
|    ep_len_mean          | 1e+03       |
|    ep_rew_mean          | -1          |
| time/                   |             |
|    fps                  | 651         |
|    iterations           | 625         |
|    time_elapsed         | 61          |
|    total_timesteps      | 40000       |
| train/                  |             |
|    approx_kl            | 0.049707215 |
|    clip_fraction        | 0.244       |
|    clip_range           | 0.2         |
|    entropy_loss         | -2.48       |
|    explained_variance   | -0.0293     |
|    learning_rate        | 0.0003      |
|    loss                 | -0.0513     |
|    n_updates            | 6240        |
|    policy_gradient_loss | -0.00638    |
|    value_loss           | 6.59e-08    |
-----------------------------------------
-----------------------------------------
| rollout/                |             |
|    ep_len_mean          | 1e+03       |
|    ep_rew_mean          | -1          |
| time/                   |             |
|    fps                  | 651         |
|    iterations           | 626         |
|    time_elapsed         | 61          |
|    total_timesteps      | 40064       |
| train/                  |             |
|    approx_kl            | 0.023651404 |
|    clip_fraction        | 0.234       |
|    clip_range           | 0.2         |
|    entropy_loss         | -2.52       |
|    explained_variance   | -0.000252   |
|    learning_rate        | 0.0003      |
|    loss                 | -0.04       |
|    n_updates            | 6250        |
|    policy_gradient_loss | -0.043      |
|    value_loss           | 0.000824    |
-----------------------------------------
-----------------------------------------
| rollout/                |             |
|    ep_len_mean          | 1e+03       |
|    ep_rew_mean          | -1          |
| time/                   |             |
|    fps                  | 651         |
|    iterations           | 627         |
|    time_elapsed         | 61          |
|    total_timesteps      | 40128       |
| train/                  |             |
|    approx_kl            | 0.026481956 |
|    clip_fraction        | 0.17        |
|    clip_range           | 0.2         |
|    entropy_loss         | -2.51       |
|    explained_variance   | -1.8        |
|    learning_rate        | 0.0003      |
|    loss                 | -0.0437     |
|    n_updates            | 6260        |
|    policy_gradient_loss | -0.0236     |
|    value_loss           | 9.92e-06    |
-----------------------------------------
-----------------------------------------
| rollout/                |             |
|    ep_len_mean          | 1e+03       |
|    ep_rew_mean          | -1          |
| time/                   |             |
|    fps                  | 651         |
|    iterations           | 628         |
|    time_elapsed         | 61          |
|    total_timesteps      | 40192       |
| train/                  |             |
|    approx_kl            | 0.072696716 |
|    clip_fraction        | 0.228       |
|    clip_range           | 0.2         |
|    entropy_loss         | -2.51       |
|    explained_variance   | -0.406      |
|    learning_rate        | 0.0003      |
|    loss                 | -0.0269     |
|    n_updates            | 6270        |
|    policy_gradient_loss | -0.00827    |
|    value_loss           | 6.21e-06    |
-----------------------------------------
-----------------------------------------
| rollout/                |             |
|    ep_len_mean          | 1e+03       |
|    ep_rew_mean          | -1          |
| time/                   |             |
|    fps                  | 651         |
|    iterations           | 629         |
|    time_elapsed         | 61          |
|    total_timesteps      | 40256       |
| train/                  |             |
|    approx_kl            | 0.020794947 |
|    clip_fraction        | 0.217       |
|    clip_range           | 0.2         |
|    entropy_loss         | -2.51       |
|    explained_variance   | -0.689      |
|    learning_rate        | 0.0003      |
|    loss                 | -0.0733     |
|    n_updates            | 6280        |
|    policy_gradient_loss | -0.0311     |
|    value_loss           | 4.47e-06    |
-----------------------------------------
-----------------------------------------
| rollout/                |             |
|    ep_len_mean          | 1e+03       |
|    ep_rew_mean          | -1          |
| time/                   |             |
|    fps                  | 651         |
|    iterations           | 630         |
|    time_elapsed         | 61          |
|    total_timesteps      | 40320       |
| train/                  |             |
|    approx_kl            | 0.022163425 |
|    clip_fraction        | 0.175       |
|    clip_range           | 0.2         |
|    entropy_loss         | -2.57       |
|    explained_variance   | -0.0184     |
|    learning_rate        | 0.0003      |
|    loss                 | -0.0713     |
|    n_updates            | 6290        |
|    policy_gradient_loss | -0.0136     |
|    value_loss           | 4.66e-06    |
-----------------------------------------
---------------------------------------
| rollout/                |           |
|    ep_len_mean          | 1e+03     |
|    ep_rew_mean          | -1        |
| time/                   |           |
|    fps                  | 651       |
|    iterations           | 631       |
|    time_elapsed         | 61        |
|    total_timesteps      | 40384     |
| train/                  |           |
|    approx_kl            | 0.0176797 |
|    clip_fraction        | 0.256     |
|    clip_range           | 0.2       |
|    entropy_loss         | -2.57     |
|    explained_variance   | 0         |
|    learning_rate        | 0.0003    |
|    loss                 | -0.016    |
|    n_updates            | 6300      |
|    policy_gradient_loss | -0.0255   |
|    value_loss           | 5.34e-06  |
---------------------------------------
-----------------------------------------
| rollout/                |             |
|    ep_len_mean          | 1e+03       |
|    ep_rew_mean          | -1          |
| time/                   |             |
|    fps                  | 651         |
|    iterations           | 632         |
|    time_elapsed         | 62          |
|    total_timesteps      | 40448       |
| train/                  |             |
|    approx_kl            | 0.020031547 |
|    clip_fraction        | 0.317       |
|    clip_range           | 0.2         |
|    entropy_loss         | -2.53       |
|    explained_variance   | -0.0169     |
|    learning_rate        | 0.0003      |
|    loss                 | -0.0678     |
|    n_updates            | 6310        |
|    policy_gradient_loss | -0.0436     |
|    value_loss           | 2.81e-06    |
-----------------------------------------
-----------------------------------------
| rollout/                |             |
|    ep_len_mean          | 1e+03       |
|    ep_rew_mean          | -1          |
| time/                   |             |
|    fps                  | 651         |
|    iterations           | 633         |
|    time_elapsed         | 62          |
|    total_timesteps      | 40512       |
| train/                  |             |
|    approx_kl            | 0.031743865 |
|    clip_fraction        | 0.256       |
|    clip_range           | 0.2         |
|    entropy_loss         | -2.49       |
|    explained_variance   | -0.00726    |
|    learning_rate        | 0.0003      |
|    loss                 | -0.104      |
|    n_updates            | 6320        |
|    policy_gradient_loss | -0.0419     |
|    value_loss           | 1.27e-06    |
-----------------------------------------
---------------------------------------
| rollout/                |           |
|    ep_len_mean          | 1e+03     |
|    ep_rew_mean          | -1        |
| time/                   |           |
|    fps                  | 651       |
|    iterations           | 634       |
|    time_elapsed         | 62        |
|    total_timesteps      | 40576     |
| train/                  |           |
|    approx_kl            | 0.0350242 |
|    clip_fraction        | 0.355     |
|    clip_range           | 0.2       |
|    entropy_loss         | -2.4      |
|    explained_variance   | 0.00941   |
|    learning_rate        | 0.0003    |
|    loss                 | -0.115    |
|    n_updates            | 6330      |
|    policy_gradient_loss | -0.0531   |
|    value_loss           | 7.92e-07  |
---------------------------------------
-----------------------------------------
| rollout/                |             |
|    ep_len_mean          | 1e+03       |
|    ep_rew_mean          | -1          |
| time/                   |             |
|    fps                  | 651         |
|    iterations           | 635         |
|    time_elapsed         | 62          |
|    total_timesteps      | 40640       |
| train/                  |             |
|    approx_kl            | 0.015600998 |
|    clip_fraction        | 0.175       |
|    clip_range           | 0.2         |
|    entropy_loss         | -2.38       |
|    explained_variance   | -0.0424     |
|    learning_rate        | 0.0003      |
|    loss                 | -0.0528     |
|    n_updates            | 6340        |
|    policy_gradient_loss | -0.0223     |
|    value_loss           | 5.61e-07    |
-----------------------------------------
----------------------------------------
| rollout/                |            |
|    ep_len_mean          | 1e+03      |
|    ep_rew_mean          | -1         |
| time/                   |            |
|    fps                  | 651        |
|    iterations           | 636        |
|    time_elapsed         | 62         |
|    total_timesteps      | 40704      |
| train/                  |            |
|    approx_kl            | 0.02031488 |
|    clip_fraction        | 0.145      |
|    clip_range           | 0.2        |
|    entropy_loss         | -2.41      |
|    explained_variance   | 0.00532    |
|    learning_rate        | 0.0003     |
|    loss                 | -0.109     |
|    n_updates            | 6350       |
|    policy_gradient_loss | -0.0319    |
|    value_loss           | 4.22e-07   |
----------------------------------------
-----------------------------------------
| rollout/                |             |
|    ep_len_mean          | 1e+03       |
|    ep_rew_mean          | -1          |
| time/                   |             |
|    fps                  | 651         |
|    iterations           | 637         |
|    time_elapsed         | 62          |
|    total_timesteps      | 40768       |
| train/                  |             |
|    approx_kl            | 0.012475354 |
|    clip_fraction        | 0.075       |
|    clip_range           | 0.2         |
|    entropy_loss         | -2.39       |
|    explained_variance   | -3.03       |
|    learning_rate        | 0.0003      |
|    loss                 | -0.014      |
|    n_updates            | 6360        |
|    policy_gradient_loss | -0.0241     |
|    value_loss           | 6.48e-07    |
-----------------------------------------
-----------------------------------------
| rollout/                |             |
|    ep_len_mean          | 1e+03       |
|    ep_rew_mean          | -1          |
| time/                   |             |
|    fps                  | 651         |
|    iterations           | 638         |
|    time_elapsed         | 62          |
|    total_timesteps      | 40832       |
| train/                  |             |
|    approx_kl            | 0.052913964 |
|    clip_fraction        | 0.367       |
|    clip_range           | 0.2         |
|    entropy_loss         | -2.2        |
|    explained_variance   | -0.195      |
|    learning_rate        | 0.0003      |
|    loss                 | -0.0324     |
|    n_updates            | 6370        |
|    policy_gradient_loss | -0.0552     |
|    value_loss           | 3.37e-07    |
-----------------------------------------
-----------------------------------------
| rollout/                |             |
|    ep_len_mean          | 1e+03       |
|    ep_rew_mean          | -1          |
| time/                   |             |
|    fps                  | 651         |
|    iterations           | 639         |
|    time_elapsed         | 62          |
|    total_timesteps      | 40896       |
| train/                  |             |
|    approx_kl            | 0.022586351 |
|    clip_fraction        | 0.138       |
|    clip_range           | 0.2         |
|    entropy_loss         | -2.34       |
|    explained_variance   | -4.18       |
|    learning_rate        | 0.0003      |
|    loss                 | -0.0757     |
|    n_updates            | 6380        |
|    policy_gradient_loss | -0.0194     |
|    value_loss           | 3.52e-07    |
-----------------------------------------
-----------------------------------------
| rollout/                |             |
|    ep_len_mean          | 1e+03       |
|    ep_rew_mean          | -1          |
| time/                   |             |
|    fps                  | 651         |
|    iterations           | 640         |
|    time_elapsed         | 62          |
|    total_timesteps      | 40960       |
| train/                  |             |
|    approx_kl            | 0.051526166 |
|    clip_fraction        | 0.266       |
|    clip_range           | 0.2         |
|    entropy_loss         | -2.25       |
|    explained_variance   | -0.102      |
|    learning_rate        | 0.0003      |
|    loss                 | -0.0481     |
|    n_updates            | 6390        |
|    policy_gradient_loss | -0.0382     |
|    value_loss           | 2.01e-07    |
-----------------------------------------
-----------------------------------------
| rollout/                |             |
|    ep_len_mean          | 1e+03       |
|    ep_rew_mean          | -1          |
| time/                   |             |
|    fps                  | 651         |
|    iterations           | 641         |
|    time_elapsed         | 62          |
|    total_timesteps      | 41024       |
| train/                  |             |
|    approx_kl            | 0.038162403 |
|    clip_fraction        | 0.164       |
|    clip_range           | 0.2         |
|    entropy_loss         | -2.03       |
|    explained_variance   | -0.0037     |
|    learning_rate        | 0.0003      |
|    loss                 | -0.0748     |
|    n_updates            | 6400        |
|    policy_gradient_loss | -0.0388     |
|    value_loss           | 1.88e-07    |
-----------------------------------------
-----------------------------------------
| rollout/                |             |
|    ep_len_mean          | 1e+03       |
|    ep_rew_mean          | -1          |
| time/                   |             |
|    fps                  | 651         |
|    iterations           | 642         |
|    time_elapsed         | 63          |
|    total_timesteps      | 41088       |
| train/                  |             |
|    approx_kl            | 0.019994536 |
|    clip_fraction        | 0.195       |
|    clip_range           | 0.2         |
|    entropy_loss         | -2.01       |
|    explained_variance   | -0.00103    |
|    learning_rate        | 0.0003      |
|    loss                 | -0.0636     |
|    n_updates            | 6410        |
|    policy_gradient_loss | -0.0353     |
|    value_loss           | 0.000795    |
-----------------------------------------
-----------------------------------------
| rollout/                |             |
|    ep_len_mean          | 1e+03       |
|    ep_rew_mean          | -1          |
| time/                   |             |
|    fps                  | 651         |
|    iterations           | 643         |
|    time_elapsed         | 63          |
|    total_timesteps      | 41152       |
| train/                  |             |
|    approx_kl            | 0.038502805 |
|    clip_fraction        | 0.419       |
|    clip_range           | 0.2         |
|    entropy_loss         | -1.7        |
|    explained_variance   | -2.52       |
|    learning_rate        | 0.0003      |
|    loss                 | -0.0699     |
|    n_updates            | 6420        |
|    policy_gradient_loss | -0.0458     |
|    value_loss           | 1.42e-05    |
-----------------------------------------
-----------------------------------------
| rollout/                |             |
|    ep_len_mean          | 1e+03       |
|    ep_rew_mean          | -1          |
| time/                   |             |
|    fps                  | 651         |
|    iterations           | 644         |
|    time_elapsed         | 63          |
|    total_timesteps      | 41216       |
| train/                  |             |
|    approx_kl            | 0.044211842 |
|    clip_fraction        | 0.28        |
|    clip_range           | 0.2         |
|    entropy_loss         | -1.88       |
|    explained_variance   | -21.1       |
|    learning_rate        | 0.0003      |
|    loss                 | -0.0409     |
|    n_updates            | 6430        |
|    policy_gradient_loss | -0.0319     |
|    value_loss           | 1.14e-05    |
-----------------------------------------
-----------------------------------------
| rollout/                |             |
|    ep_len_mean          | 1e+03       |
|    ep_rew_mean          | -1          |
| time/                   |             |
|    fps                  | 651         |
|    iterations           | 645         |
|    time_elapsed         | 63          |
|    total_timesteps      | 41280       |
| train/                  |             |
|    approx_kl            | 0.021570124 |
|    clip_fraction        | 0.0828      |
|    clip_range           | 0.2         |
|    entropy_loss         | -2.04       |
|    explained_variance   | -88.1       |
|    learning_rate        | 0.0003      |
|    loss                 | -0.0492     |
|    n_updates            | 6440        |
|    policy_gradient_loss | -0.0147     |
|    value_loss           | 2.22e-05    |
-----------------------------------------
-----------------------------------------
| rollout/                |             |
|    ep_len_mean          | 1e+03       |
|    ep_rew_mean          | -1          |
| time/                   |             |
|    fps                  | 651         |
|    iterations           | 646         |
|    time_elapsed         | 63          |
|    total_timesteps      | 41344       |
| train/                  |             |
|    approx_kl            | 0.027234131 |
|    clip_fraction        | 0.172       |
|    clip_range           | 0.2         |
|    entropy_loss         | -2.21       |
|    explained_variance   | -2.6        |
|    learning_rate        | 0.0003      |
|    loss                 | -0.11       |
|    n_updates            | 6450        |
|    policy_gradient_loss | -0.0283     |
|    value_loss           | 1.07e-07    |
-----------------------------------------
-----------------------------------------
| rollout/                |             |
|    ep_len_mean          | 1e+03       |
|    ep_rew_mean          | -1          |
| time/                   |             |
|    fps                  | 651         |
|    iterations           | 647         |
|    time_elapsed         | 63          |
|    total_timesteps      | 41408       |
| train/                  |             |
|    approx_kl            | 0.017486252 |
|    clip_fraction        | 0.133       |
|    clip_range           | 0.2         |
|    entropy_loss         | -2.37       |
|    explained_variance   | -4.65       |
|    learning_rate        | 0.0003      |
|    loss                 | -0.0599     |
|    n_updates            | 6460        |
|    policy_gradient_loss | -0.0182     |
|    value_loss           | 1.79e-07    |
-----------------------------------------
-----------------------------------------
| rollout/                |             |
|    ep_len_mean          | 1e+03       |
|    ep_rew_mean          | -1          |
| time/                   |             |
|    fps                  | 651         |
|    iterations           | 648         |
|    time_elapsed         | 63          |
|    total_timesteps      | 41472       |
| train/                  |             |
|    approx_kl            | 0.021901919 |
|    clip_fraction        | 0.156       |
|    clip_range           | 0.2         |
|    entropy_loss         | -2.5        |
|    explained_variance   | -77.6       |
|    learning_rate        | 0.0003      |
|    loss                 | -0.00576    |
|    n_updates            | 6470        |
|    policy_gradient_loss | -0.0308     |
|    value_loss           | 4.27e-06    |
-----------------------------------------
-----------------------------------------
| rollout/                |             |
|    ep_len_mean          | 1e+03       |
|    ep_rew_mean          | -1          |
| time/                   |             |
|    fps                  | 651         |
|    iterations           | 649         |
|    time_elapsed         | 63          |
|    total_timesteps      | 41536       |
| train/                  |             |
|    approx_kl            | 0.023761576 |
|    clip_fraction        | 0.242       |
|    clip_range           | 0.2         |
|    entropy_loss         | -2.53       |
|    explained_variance   | 0.145       |
|    learning_rate        | 0.0003      |
|    loss                 | -0.0272     |
|    n_updates            | 6480        |
|    policy_gradient_loss | -0.0429     |
|    value_loss           | 6.03e-08    |
-----------------------------------------
----------------------------------------
| rollout/                |            |
|    ep_len_mean          | 1e+03      |
|    ep_rew_mean          | -1         |
| time/                   |            |
|    fps                  | 651        |
|    iterations           | 650        |
|    time_elapsed         | 63         |
|    total_timesteps      | 41600      |
| train/                  |            |
|    approx_kl            | 0.02621396 |
|    clip_fraction        | 0.291      |
|    clip_range           | 0.2        |
|    entropy_loss         | -2.62      |
|    explained_variance   | -1.3       |
|    learning_rate        | 0.0003     |
|    loss                 | -0.0893    |
|    n_updates            | 6490       |
|    policy_gradient_loss | -0.0401    |
|    value_loss           | 6.34e-08   |
----------------------------------------
-----------------------------------------
| rollout/                |             |
|    ep_len_mean          | 1e+03       |
|    ep_rew_mean          | -1          |
| time/                   |             |
|    fps                  | 651         |
|    iterations           | 651         |
|    time_elapsed         | 63          |
|    total_timesteps      | 41664       |
| train/                  |             |
|    approx_kl            | 0.013154824 |
|    clip_fraction        | 0.0953      |
|    clip_range           | 0.2         |
|    entropy_loss         | -2.66       |
|    explained_variance   | -50.2       |
|    learning_rate        | 0.0003      |
|    loss                 | -0.0618     |
|    n_updates            | 6500        |
|    policy_gradient_loss | -0.0251     |
|    value_loss           | 1.03e-05    |
-----------------------------------------
-----------------------------------------
| rollout/                |             |
|    ep_len_mean          | 1e+03       |
|    ep_rew_mean          | -1          |
| time/                   |             |
|    fps                  | 651         |
|    iterations           | 652         |
|    time_elapsed         | 64          |
|    total_timesteps      | 41728       |
| train/                  |             |
|    approx_kl            | 0.015674237 |
|    clip_fraction        | 0.128       |
|    clip_range           | 0.2         |
|    entropy_loss         | -2.61       |
|    explained_variance   | -8.58       |
|    learning_rate        | 0.0003      |
|    loss                 | -0.0665     |
|    n_updates            | 6510        |
|    policy_gradient_loss | -0.0125     |
|    value_loss           | 8.97e-07    |
-----------------------------------------
-----------------------------------------
| rollout/                |             |
|    ep_len_mean          | 1e+03       |
|    ep_rew_mean          | -1          |
| time/                   |             |
|    fps                  | 651         |
|    iterations           | 653         |
|    time_elapsed         | 64          |
|    total_timesteps      | 41792       |
| train/                  |             |
|    approx_kl            | 0.020015497 |
|    clip_fraction        | 0.17        |
|    clip_range           | 0.2         |
|    entropy_loss         | -2.61       |
|    explained_variance   | 1.19e-07    |
|    learning_rate        | 0.0003      |
|    loss                 | -0.0937     |
|    n_updates            | 6520        |
|    policy_gradient_loss | -0.0316     |
|    value_loss           | 6.68e-08    |
-----------------------------------------
-----------------------------------------
| rollout/                |             |
|    ep_len_mean          | 1e+03       |
|    ep_rew_mean          | -1          |
| time/                   |             |
|    fps                  | 651         |
|    iterations           | 654         |
|    time_elapsed         | 64          |
|    total_timesteps      | 41856       |
| train/                  |             |
|    approx_kl            | 0.028592551 |
|    clip_fraction        | 0.302       |
|    clip_range           | 0.2         |
|    entropy_loss         | -2.55       |
|    explained_variance   | -0.621      |
|    learning_rate        | 0.0003      |
|    loss                 | -0.125      |
|    n_updates            | 6530        |
|    policy_gradient_loss | -0.0422     |
|    value_loss           | 9.72e-09    |
-----------------------------------------
-----------------------------------------
| rollout/                |             |
|    ep_len_mean          | 1e+03       |
|    ep_rew_mean          | -1          |
| time/                   |             |
|    fps                  | 651         |
|    iterations           | 655         |
|    time_elapsed         | 64          |
|    total_timesteps      | 41920       |
| train/                  |             |
|    approx_kl            | 0.026724922 |
|    clip_fraction        | 0.216       |
|    clip_range           | 0.2         |
|    entropy_loss         | -2.6        |
|    explained_variance   | -53.7       |
|    learning_rate        | 0.0003      |
|    loss                 | -0.0778     |
|    n_updates            | 6540        |
|    policy_gradient_loss | -0.0283     |
|    value_loss           | 4.25e-06    |
-----------------------------------------
-----------------------------------------
| rollout/                |             |
|    ep_len_mean          | 1e+03       |
|    ep_rew_mean          | -1          |
| time/                   |             |
|    fps                  | 651         |
|    iterations           | 656         |
|    time_elapsed         | 64          |
|    total_timesteps      | 41984       |
| train/                  |             |
|    approx_kl            | 0.044462956 |
|    clip_fraction        | 0.306       |
|    clip_range           | 0.2         |
|    entropy_loss         | -2.55       |
|    explained_variance   | -7.92       |
|    learning_rate        | 0.0003      |
|    loss                 | -0.0836     |
|    n_updates            | 6550        |
|    policy_gradient_loss | -0.058      |
|    value_loss           | 1.64e-06    |
-----------------------------------------
----------------------------------------
| rollout/                |            |
|    ep_len_mean          | 1e+03      |
|    ep_rew_mean          | -1         |
| time/                   |            |
|    fps                  | 651        |
|    iterations           | 657        |
|    time_elapsed         | 64         |
|    total_timesteps      | 42048      |
| train/                  |            |
|    approx_kl            | 0.02215819 |
|    clip_fraction        | 0.138      |
|    clip_range           | 0.2        |
|    entropy_loss         | -2.54      |
|    explained_variance   | -21        |
|    learning_rate        | 0.0003     |
|    loss                 | -0.102     |
|    n_updates            | 6560       |
|    policy_gradient_loss | -0.0271    |
|    value_loss           | 1.63e-07   |
----------------------------------------
-----------------------------------------
| rollout/                |             |
|    ep_len_mean          | 1e+03       |
|    ep_rew_mean          | -1          |
| time/                   |             |
|    fps                  | 651         |
|    iterations           | 658         |
|    time_elapsed         | 64          |
|    total_timesteps      | 42112       |
| train/                  |             |
|    approx_kl            | 0.033786483 |
|    clip_fraction        | 0.344       |
|    clip_range           | 0.2         |
|    entropy_loss         | -2.45       |
|    explained_variance   | 0.00691     |
|    learning_rate        | 0.0003      |
|    loss                 | -0.147      |
|    n_updates            | 6570        |
|    policy_gradient_loss | -0.0546     |
|    value_loss           | 0.000872    |
-----------------------------------------
-----------------------------------------
| rollout/                |             |
|    ep_len_mean          | 1e+03       |
|    ep_rew_mean          | -1          |
| time/                   |             |
|    fps                  | 651         |
|    iterations           | 659         |
|    time_elapsed         | 64          |
|    total_timesteps      | 42176       |
| train/                  |             |
|    approx_kl            | 0.013835331 |
|    clip_fraction        | 0.228       |
|    clip_range           | 0.2         |
|    entropy_loss         | -2.47       |
|    explained_variance   | -6.27       |
|    learning_rate        | 0.0003      |
|    loss                 | -0.0407     |
|    n_updates            | 6580        |
|    policy_gradient_loss | -0.0303     |
|    value_loss           | 4.74e-06    |
-----------------------------------------
-----------------------------------------
| rollout/                |             |
|    ep_len_mean          | 1e+03       |
|    ep_rew_mean          | -1          |
| time/                   |             |
|    fps                  | 651         |
|    iterations           | 660         |
|    time_elapsed         | 64          |
|    total_timesteps      | 42240       |
| train/                  |             |
|    approx_kl            | 0.016565278 |
|    clip_fraction        | 0.138       |
|    clip_range           | 0.2         |
|    entropy_loss         | -2.44       |
|    explained_variance   | -0.146      |
|    learning_rate        | 0.0003      |
|    loss                 | -0.0679     |
|    n_updates            | 6590        |
|    policy_gradient_loss | -0.0296     |
|    value_loss           | 1.02e-06    |
-----------------------------------------
-----------------------------------------
| rollout/                |             |
|    ep_len_mean          | 1e+03       |
|    ep_rew_mean          | -1          |
| time/                   |             |
|    fps                  | 651         |
|    iterations           | 661         |
|    time_elapsed         | 64          |
|    total_timesteps      | 42304       |
| train/                  |             |
|    approx_kl            | 0.052537672 |
|    clip_fraction        | 0.233       |
|    clip_range           | 0.2         |
|    entropy_loss         | -2.31       |
|    explained_variance   | -0.375      |
|    learning_rate        | 0.0003      |
|    loss                 | -0.0251     |
|    n_updates            | 6600        |
|    policy_gradient_loss | -0.0301     |
|    value_loss           | 1.21e-06    |
-----------------------------------------
-----------------------------------------
| rollout/                |             |
|    ep_len_mean          | 1e+03       |
|    ep_rew_mean          | -1          |
| time/                   |             |
|    fps                  | 651         |
|    iterations           | 662         |
|    time_elapsed         | 65          |
|    total_timesteps      | 42368       |
| train/                  |             |
|    approx_kl            | 0.017604463 |
|    clip_fraction        | 0.194       |
|    clip_range           | 0.2         |
|    entropy_loss         | -2.07       |
|    explained_variance   | 0.0383      |
|    learning_rate        | 0.0003      |
|    loss                 | -0.0764     |
|    n_updates            | 6610        |
|    policy_gradient_loss | -0.0254     |
|    value_loss           | 7.66e-07    |
-----------------------------------------
-----------------------------------------
| rollout/                |             |
|    ep_len_mean          | 1e+03       |
|    ep_rew_mean          | -1          |
| time/                   |             |
|    fps                  | 651         |
|    iterations           | 663         |
|    time_elapsed         | 65          |
|    total_timesteps      | 42432       |
| train/                  |             |
|    approx_kl            | 0.013477984 |
|    clip_fraction        | 0.0828      |
|    clip_range           | 0.2         |
|    entropy_loss         | -2.04       |
|    explained_variance   | -0.158      |
|    learning_rate        | 0.0003      |
|    loss                 | -0.0274     |
|    n_updates            | 6620        |
|    policy_gradient_loss | -0.0193     |
|    value_loss           | 4.49e-07    |
-----------------------------------------
-----------------------------------------
| rollout/                |             |
|    ep_len_mean          | 1e+03       |
|    ep_rew_mean          | -1          |
| time/                   |             |
|    fps                  | 651         |
|    iterations           | 664         |
|    time_elapsed         | 65          |
|    total_timesteps      | 42496       |
| train/                  |             |
|    approx_kl            | 0.013285575 |
|    clip_fraction        | 0.0656      |
|    clip_range           | 0.2         |
|    entropy_loss         | -2.07       |
|    explained_variance   | -0.0424     |
|    learning_rate        | 0.0003      |
|    loss                 | -0.0642     |
|    n_updates            | 6630        |
|    policy_gradient_loss | -0.0158     |
|    value_loss           | 7.23e-07    |
-----------------------------------------
-----------------------------------------
| rollout/                |             |
|    ep_len_mean          | 1e+03       |
|    ep_rew_mean          | -1          |
| time/                   |             |
|    fps                  | 651         |
|    iterations           | 665         |
|    time_elapsed         | 65          |
|    total_timesteps      | 42560       |
| train/                  |             |
|    approx_kl            | 0.019299088 |
|    clip_fraction        | 0.152       |
|    clip_range           | 0.2         |
|    entropy_loss         | -1.94       |
|    explained_variance   | 0.0243      |
|    learning_rate        | 0.0003      |
|    loss                 | -0.0781     |
|    n_updates            | 6640        |
|    policy_gradient_loss | -0.0273     |
|    value_loss           | 3.9e-07     |
-----------------------------------------
-----------------------------------------
| rollout/                |             |
|    ep_len_mean          | 1e+03       |
|    ep_rew_mean          | -1          |
| time/                   |             |
|    fps                  | 651         |
|    iterations           | 666         |
|    time_elapsed         | 65          |
|    total_timesteps      | 42624       |
| train/                  |             |
|    approx_kl            | 0.020531787 |
|    clip_fraction        | 0.117       |
|    clip_range           | 0.2         |
|    entropy_loss         | -1.91       |
|    explained_variance   | -0.0522     |
|    learning_rate        | 0.0003      |
|    loss                 | -0.0282     |
|    n_updates            | 6650        |
|    policy_gradient_loss | -0.0246     |
|    value_loss           | 6.14e-07    |
-----------------------------------------
-----------------------------------------
| rollout/                |             |
|    ep_len_mean          | 1e+03       |
|    ep_rew_mean          | -1          |
| time/                   |             |
|    fps                  | 651         |
|    iterations           | 667         |
|    time_elapsed         | 65          |
|    total_timesteps      | 42688       |
| train/                  |             |
|    approx_kl            | 0.016997665 |
|    clip_fraction        | 0.136       |
|    clip_range           | 0.2         |
|    entropy_loss         | -2.04       |
|    explained_variance   | -0.114      |
|    learning_rate        | 0.0003      |
|    loss                 | -0.0773     |
|    n_updates            | 6660        |
|    policy_gradient_loss | -0.0275     |
|    value_loss           | 1.04e-06    |
-----------------------------------------
-----------------------------------------
| rollout/                |             |
|    ep_len_mean          | 1e+03       |
|    ep_rew_mean          | -1          |
| time/                   |             |
|    fps                  | 651         |
|    iterations           | 668         |
|    time_elapsed         | 65          |
|    total_timesteps      | 42752       |
| train/                  |             |
|    approx_kl            | 0.009923034 |
|    clip_fraction        | 0.163       |
|    clip_range           | 0.2         |
|    entropy_loss         | -1.94       |
|    explained_variance   | 0.00462     |
|    learning_rate        | 0.0003      |
|    loss                 | -0.0653     |
|    n_updates            | 6670        |
|    policy_gradient_loss | -0.029      |
|    value_loss           | 1.65e-07    |
-----------------------------------------
----------------------------------------
| rollout/                |            |
|    ep_len_mean          | 1e+03      |
|    ep_rew_mean          | -1         |
| time/                   |            |
|    fps                  | 651        |
|    iterations           | 669        |
|    time_elapsed         | 65         |
|    total_timesteps      | 42816      |
| train/                  |            |
|    approx_kl            | 0.01918552 |
|    clip_fraction        | 0.266      |
|    clip_range           | 0.2        |
|    entropy_loss         | -1.77      |
|    explained_variance   | -5.51e-05  |
|    learning_rate        | 0.0003     |
|    loss                 | -0.11      |
|    n_updates            | 6680       |
|    policy_gradient_loss | -0.0307    |
|    value_loss           | 1.79e-07   |
----------------------------------------
----------------------------------------
| rollout/                |            |
|    ep_len_mean          | 1e+03      |
|    ep_rew_mean          | -1         |
| time/                   |            |
|    fps                  | 651        |
|    iterations           | 670        |
|    time_elapsed         | 65         |
|    total_timesteps      | 42880      |
| train/                  |            |
|    approx_kl            | 0.02556995 |
|    clip_fraction        | 0.345      |
|    clip_range           | 0.2        |
|    entropy_loss         | -1.56      |
|    explained_variance   | -0.0758    |
|    learning_rate        | 0.0003     |
|    loss                 | -0.0638    |
|    n_updates            | 6690       |
|    policy_gradient_loss | -0.0381    |
|    value_loss           | 1.05e-07   |
----------------------------------------
----------------------------------------
| rollout/                |            |
|    ep_len_mean          | 1e+03      |
|    ep_rew_mean          | -1         |
| time/                   |            |
|    fps                  | 651        |
|    iterations           | 671        |
|    time_elapsed         | 65         |
|    total_timesteps      | 42944      |
| train/                  |            |
|    approx_kl            | 0.01549905 |
|    clip_fraction        | 0.0969     |
|    clip_range           | 0.2        |
|    entropy_loss         | -1.36      |
|    explained_variance   | -0.027     |
|    learning_rate        | 0.0003     |
|    loss                 | -0.028     |
|    n_updates            | 6700       |
|    policy_gradient_loss | -0.0153    |
|    value_loss           | 1.27e-07   |
----------------------------------------
-----------------------------------------
| rollout/                |             |
|    ep_len_mean          | 1e+03       |
|    ep_rew_mean          | -1          |
| time/                   |             |
|    fps                  | 651         |
|    iterations           | 672         |
|    time_elapsed         | 65          |
|    total_timesteps      | 43008       |
| train/                  |             |
|    approx_kl            | 0.022665964 |
|    clip_fraction        | 0.114       |
|    clip_range           | 0.2         |
|    entropy_loss         | -1.43       |
|    explained_variance   | -97.5       |
|    learning_rate        | 0.0003      |
|    loss                 | -0.027      |
|    n_updates            | 6710        |
|    policy_gradient_loss | -0.0185     |
|    value_loss           | 7.51e-06    |
-----------------------------------------
-----------------------------------------
| rollout/                |             |
|    ep_len_mean          | 1e+03       |
|    ep_rew_mean          | -1          |
| time/                   |             |
|    fps                  | 651         |
|    iterations           | 673         |
|    time_elapsed         | 66          |
|    total_timesteps      | 43072       |
| train/                  |             |
|    approx_kl            | 0.007741886 |
|    clip_fraction        | 0.0938      |
|    clip_range           | 0.2         |
|    entropy_loss         | -1.65       |
|    explained_variance   | -0.0147     |
|    learning_rate        | 0.0003      |
|    loss                 | -0.0238     |
|    n_updates            | 6720        |
|    policy_gradient_loss | -0.0169     |
|    value_loss           | 0.000681    |
-----------------------------------------
-----------------------------------------
| rollout/                |             |
|    ep_len_mean          | 1e+03       |
|    ep_rew_mean          | -1          |
| time/                   |             |
|    fps                  | 651         |
|    iterations           | 674         |
|    time_elapsed         | 66          |
|    total_timesteps      | 43136       |
| train/                  |             |
|    approx_kl            | 0.023976438 |
|    clip_fraction        | 0.152       |
|    clip_range           | 0.2         |
|    entropy_loss         | -1.49       |
|    explained_variance   | -5.2        |
|    learning_rate        | 0.0003      |
|    loss                 | -0.0314     |
|    n_updates            | 6730        |
|    policy_gradient_loss | -0.027      |
|    value_loss           | 1.31e-05    |
-----------------------------------------
-----------------------------------------
| rollout/                |             |
|    ep_len_mean          | 1e+03       |
|    ep_rew_mean          | -1          |
| time/                   |             |
|    fps                  | 651         |
|    iterations           | 675         |
|    time_elapsed         | 66          |
|    total_timesteps      | 43200       |
| train/                  |             |
|    approx_kl            | 0.012037869 |
|    clip_fraction        | 0.127       |
|    clip_range           | 0.2         |
|    entropy_loss         | -1.34       |
|    explained_variance   | 0           |
|    learning_rate        | 0.0003      |
|    loss                 | -0.0541     |
|    n_updates            | 6740        |
|    policy_gradient_loss | -0.0194     |
|    value_loss           | 2.7e-06     |
-----------------------------------------
-----------------------------------------
| rollout/                |             |
|    ep_len_mean          | 1e+03       |
|    ep_rew_mean          | -1          |
| time/                   |             |
|    fps                  | 651         |
|    iterations           | 676         |
|    time_elapsed         | 66          |
|    total_timesteps      | 43264       |
| train/                  |             |
|    approx_kl            | 0.012331228 |
|    clip_fraction        | 0.217       |
|    clip_range           | 0.2         |
|    entropy_loss         | -1.16       |
|    explained_variance   | 0           |
|    learning_rate        | 0.0003      |
|    loss                 | -0.0123     |
|    n_updates            | 6750        |
|    policy_gradient_loss | -0.0239     |
|    value_loss           | 2.72e-06    |
-----------------------------------------
----------------------------------------
| rollout/                |            |
|    ep_len_mean          | 1e+03      |
|    ep_rew_mean          | -1         |
| time/                   |            |
|    fps                  | 651        |
|    iterations           | 677        |
|    time_elapsed         | 66         |
|    total_timesteps      | 43328      |
| train/                  |            |
|    approx_kl            | 0.01986088 |
|    clip_fraction        | 0.139      |
|    clip_range           | 0.2        |
|    entropy_loss         | -1.11      |
|    explained_variance   | 0          |
|    learning_rate        | 0.0003     |
|    loss                 | -0.0366    |
|    n_updates            | 6760       |
|    policy_gradient_loss | -0.0334    |
|    value_loss           | 1.7e-06    |
----------------------------------------
-----------------------------------------
| rollout/                |             |
|    ep_len_mean          | 1e+03       |
|    ep_rew_mean          | -1          |
| time/                   |             |
|    fps                  | 651         |
|    iterations           | 678         |
|    time_elapsed         | 66          |
|    total_timesteps      | 43392       |
| train/                  |             |
|    approx_kl            | 0.028636133 |
|    clip_fraction        | 0.164       |
|    clip_range           | 0.2         |
|    entropy_loss         | -1.04       |
|    explained_variance   | -1.19e-07   |
|    learning_rate        | 0.0003      |
|    loss                 | -0.0331     |
|    n_updates            | 6770        |
|    policy_gradient_loss | -0.0249     |
|    value_loss           | 2.37e-06    |
-----------------------------------------
-----------------------------------------
| rollout/                |             |
|    ep_len_mean          | 1e+03       |
|    ep_rew_mean          | -1          |
| time/                   |             |
|    fps                  | 651         |
|    iterations           | 679         |
|    time_elapsed         | 66          |
|    total_timesteps      | 43456       |
| train/                  |             |
|    approx_kl            | 0.026989302 |
|    clip_fraction        | 0.161       |
|    clip_range           | 0.2         |
|    entropy_loss         | -0.842      |
|    explained_variance   | 5.96e-08    |
|    learning_rate        | 0.0003      |
|    loss                 | -0.0438     |
|    n_updates            | 6780        |
|    policy_gradient_loss | -0.0224     |
|    value_loss           | 1.86e-06    |
-----------------------------------------
-----------------------------------------
| rollout/                |             |
|    ep_len_mean          | 1e+03       |
|    ep_rew_mean          | -1          |
| time/                   |             |
|    fps                  | 651         |
|    iterations           | 680         |
|    time_elapsed         | 66          |
|    total_timesteps      | 43520       |
| train/                  |             |
|    approx_kl            | 0.009024568 |
|    clip_fraction        | 0.0641      |
|    clip_range           | 0.2         |
|    entropy_loss         | -0.685      |
|    explained_variance   | 0           |
|    learning_rate        | 0.0003      |
|    loss                 | -0.0179     |
|    n_updates            | 6790        |
|    policy_gradient_loss | -0.00774    |
|    value_loss           | 1.02e-06    |
-----------------------------------------
----------------------------------------
| rollout/                |            |
|    ep_len_mean          | 1e+03      |
|    ep_rew_mean          | -1         |
| time/                   |            |
|    fps                  | 651        |
|    iterations           | 681        |
|    time_elapsed         | 66         |
|    total_timesteps      | 43584      |
| train/                  |            |
|    approx_kl            | 0.00676811 |
|    clip_fraction        | 0.0406     |
|    clip_range           | 0.2        |
|    entropy_loss         | -0.62      |
|    explained_variance   | 0          |
|    learning_rate        | 0.0003     |
|    loss                 | -0.00604   |
|    n_updates            | 6800       |
|    policy_gradient_loss | -0.0107    |
|    value_loss           | 5.76e-07   |
----------------------------------------
------------------------------------------
| rollout/                |              |
|    ep_len_mean          | 1e+03        |
|    ep_rew_mean          | -1           |
| time/                   |              |
|    fps                  | 651          |
|    iterations           | 682          |
|    time_elapsed         | 67           |
|    total_timesteps      | 43648        |
| train/                  |              |
|    approx_kl            | 0.0034087868 |
|    clip_fraction        | 0.0234       |
|    clip_range           | 0.2          |
|    entropy_loss         | -0.669       |
|    explained_variance   | 0            |
|    learning_rate        | 0.0003       |
|    loss                 | -0.0248      |
|    n_updates            | 6810         |
|    policy_gradient_loss | -0.00437     |
|    value_loss           | 7.75e-07     |
------------------------------------------
-----------------------------------------
| rollout/                |             |
|    ep_len_mean          | 1e+03       |
|    ep_rew_mean          | -1          |
| time/                   |             |
|    fps                  | 651         |
|    iterations           | 683         |
|    time_elapsed         | 67          |
|    total_timesteps      | 43712       |
| train/                  |             |
|    approx_kl            | 0.011752831 |
|    clip_fraction        | 0.0906      |
|    clip_range           | 0.2         |
|    entropy_loss         | -0.593      |
|    explained_variance   | 0           |
|    learning_rate        | 0.0003      |
|    loss                 | -0.0148     |
|    n_updates            | 6820        |
|    policy_gradient_loss | -0.00949    |
|    value_loss           | 3.18e-07    |
-----------------------------------------
------------------------------------------
| rollout/                |              |
|    ep_len_mean          | 1e+03        |
|    ep_rew_mean          | -1           |
| time/                   |              |
|    fps                  | 651          |
|    iterations           | 684          |
|    time_elapsed         | 67           |
|    total_timesteps      | 43776        |
| train/                  |              |
|    approx_kl            | 0.0054519325 |
|    clip_fraction        | 0.0563       |
|    clip_range           | 0.2          |
|    entropy_loss         | -0.518       |
|    explained_variance   | 0            |
|    learning_rate        | 0.0003       |
|    loss                 | -0.0212      |
|    n_updates            | 6830         |
|    policy_gradient_loss | -0.00982     |
|    value_loss           | 2.06e-07     |
------------------------------------------
-----------------------------------------
| rollout/                |             |
|    ep_len_mean          | 1e+03       |
|    ep_rew_mean          | -1          |
| time/                   |             |
|    fps                  | 651         |
|    iterations           | 685         |
|    time_elapsed         | 67          |
|    total_timesteps      | 43840       |
| train/                  |             |
|    approx_kl            | 0.013279729 |
|    clip_fraction        | 0.0578      |
|    clip_range           | 0.2         |
|    entropy_loss         | -0.399      |
|    explained_variance   | -1.19e-07   |
|    learning_rate        | 0.0003      |
|    loss                 | -0.00796    |
|    n_updates            | 6840        |
|    policy_gradient_loss | -0.00895    |
|    value_loss           | 1.6e-07     |
-----------------------------------------
-----------------------------------------
| rollout/                |             |
|    ep_len_mean          | 1e+03       |
|    ep_rew_mean          | -1          |
| time/                   |             |
|    fps                  | 651         |
|    iterations           | 686         |
|    time_elapsed         | 67          |
|    total_timesteps      | 43904       |
| train/                  |             |
|    approx_kl            | 0.008282098 |
|    clip_fraction        | 0.0516      |
|    clip_range           | 0.2         |
|    entropy_loss         | -0.4        |
|    explained_variance   | -35.3       |
|    learning_rate        | 0.0003      |
|    loss                 | -0.00513    |
|    n_updates            | 6850        |
|    policy_gradient_loss | -0.00751    |
|    value_loss           | 1.03e-06    |
-----------------------------------------
------------------------------------------
| rollout/                |              |
|    ep_len_mean          | 1e+03        |
|    ep_rew_mean          | -1           |
| time/                   |              |
|    fps                  | 651          |
|    iterations           | 687          |
|    time_elapsed         | 67           |
|    total_timesteps      | 43968        |
| train/                  |              |
|    approx_kl            | 0.0075963372 |
|    clip_fraction        | 0.0578       |
|    clip_range           | 0.2          |
|    entropy_loss         | -0.395       |
|    explained_variance   | -0.00702     |
|    learning_rate        | 0.0003       |
|    loss                 | 0.00193      |
|    n_updates            | 6860         |
|    policy_gradient_loss | -0.00632     |
|    value_loss           | 1.91e-07     |
------------------------------------------
-------------------------------------------
| rollout/                |               |
|    ep_len_mean          | 1e+03         |
|    ep_rew_mean          | -1            |
| time/                   |               |
|    fps                  | 651           |
|    iterations           | 688           |
|    time_elapsed         | 67            |
|    total_timesteps      | 44032         |
| train/                  |               |
|    approx_kl            | 0.00096495636 |
|    clip_fraction        | 0.00781       |
|    clip_range           | 0.2           |
|    entropy_loss         | -0.365        |
|    explained_variance   | 0             |
|    learning_rate        | 0.0003        |
|    loss                 | -0.00365      |
|    n_updates            | 6870          |
|    policy_gradient_loss | -0.00073      |
|    value_loss           | 1.04e-07      |
-------------------------------------------
-----------------------------------------
| rollout/                |             |
|    ep_len_mean          | 1e+03       |
|    ep_rew_mean          | -1          |
| time/                   |             |
|    fps                  | 651         |
|    iterations           | 689         |
|    time_elapsed         | 67          |
|    total_timesteps      | 44096       |
| train/                  |             |
|    approx_kl            | 0.001838428 |
|    clip_fraction        | 0.0109      |
|    clip_range           | 0.2         |
|    entropy_loss         | -0.409      |
|    explained_variance   | 0           |
|    learning_rate        | 0.0003      |
|    loss                 | -0.00428    |
|    n_updates            | 6880        |
|    policy_gradient_loss | -0.00452    |
|    value_loss           | 0.000964    |
-----------------------------------------
------------------------------------------
| rollout/                |              |
|    ep_len_mean          | 1e+03        |
|    ep_rew_mean          | -1           |
| time/                   |              |
|    fps                  | 651          |
|    iterations           | 690          |
|    time_elapsed         | 67           |
|    total_timesteps      | 44160        |
| train/                  |              |
|    approx_kl            | 0.0032833135 |
|    clip_fraction        | 0.025        |
|    clip_range           | 0.2          |
|    entropy_loss         | -0.449       |
|    explained_variance   | 0            |
|    learning_rate        | 0.0003       |
|    loss                 | -0.0156      |
|    n_updates            | 6890         |
|    policy_gradient_loss | -0.00922     |
|    value_loss           | 1.83e-05     |
------------------------------------------
------------------------------------------
| rollout/                |              |
|    ep_len_mean          | 1e+03        |
|    ep_rew_mean          | -1           |
| time/                   |              |
|    fps                  | 651          |
|    iterations           | 691          |
|    time_elapsed         | 67           |
|    total_timesteps      | 44224        |
| train/                  |              |
|    approx_kl            | 0.0009108344 |
|    clip_fraction        | 0.00937      |
|    clip_range           | 0.2          |
|    entropy_loss         | -0.434       |
|    explained_variance   | 0            |
|    learning_rate        | 0.0003       |
|    loss                 | -0.0146      |
|    n_updates            | 6900         |
|    policy_gradient_loss | -0.00213     |
|    value_loss           | 1.32e-06     |
------------------------------------------
------------------------------------------
| rollout/                |              |
|    ep_len_mean          | 1e+03        |
|    ep_rew_mean          | -1           |
| time/                   |              |
|    fps                  | 651          |
|    iterations           | 692          |
|    time_elapsed         | 67           |
|    total_timesteps      | 44288        |
| train/                  |              |
|    approx_kl            | 0.0058692526 |
|    clip_fraction        | 0.0312       |
|    clip_range           | 0.2          |
|    entropy_loss         | -0.52        |
|    explained_variance   | -1.19e-07    |
|    learning_rate        | 0.0003       |
|    loss                 | -0.00567     |
|    n_updates            | 6910         |
|    policy_gradient_loss | -0.00988     |
|    value_loss           | 1.64e-06     |
------------------------------------------
------------------------------------------
| rollout/                |              |
|    ep_len_mean          | 1e+03        |
|    ep_rew_mean          | -1           |
| time/                   |              |
|    fps                  | 651          |
|    iterations           | 693          |
|    time_elapsed         | 68           |
|    total_timesteps      | 44352        |
| train/                  |              |
|    approx_kl            | 0.0032095518 |
|    clip_fraction        | 0.0234       |
|    clip_range           | 0.2          |
|    entropy_loss         | -0.562       |
|    explained_variance   | -1.19e-07    |
|    learning_rate        | 0.0003       |
|    loss                 | -0.00197     |
|    n_updates            | 6920         |
|    policy_gradient_loss | -0.00416     |
|    value_loss           | 7.02e-07     |
------------------------------------------
-----------------------------------------
| rollout/                |             |
|    ep_len_mean          | 1e+03       |
|    ep_rew_mean          | -1          |
| time/                   |             |
|    fps                  | 651         |
|    iterations           | 694         |
|    time_elapsed         | 68          |
|    total_timesteps      | 44416       |
| train/                  |             |
|    approx_kl            | 0.004598812 |
|    clip_fraction        | 0.0312      |
|    clip_range           | 0.2         |
|    entropy_loss         | -0.535      |
|    explained_variance   | 0           |
|    learning_rate        | 0.0003      |
|    loss                 | -0.0266     |
|    n_updates            | 6930        |
|    policy_gradient_loss | -0.00834    |
|    value_loss           | 4.3e-07     |
-----------------------------------------
-----------------------------------------
| rollout/                |             |
|    ep_len_mean          | 1e+03       |
|    ep_rew_mean          | -1          |
| time/                   |             |
|    fps                  | 651         |
|    iterations           | 695         |
|    time_elapsed         | 68          |
|    total_timesteps      | 44480       |
| train/                  |             |
|    approx_kl            | 0.008322448 |
|    clip_fraction        | 0.0547      |
|    clip_range           | 0.2         |
|    entropy_loss         | -0.539      |
|    explained_variance   | -1.19e-07   |
|    learning_rate        | 0.0003      |
|    loss                 | -0.0139     |
|    n_updates            | 6940        |
|    policy_gradient_loss | -0.0189     |
|    value_loss           | 3.58e-07    |
-----------------------------------------
------------------------------------------
| rollout/                |              |
|    ep_len_mean          | 1e+03        |
|    ep_rew_mean          | -1           |
| time/                   |              |
|    fps                  | 651          |
|    iterations           | 696          |
|    time_elapsed         | 68           |
|    total_timesteps      | 44544        |
| train/                  |              |
|    approx_kl            | 0.0015384955 |
|    clip_fraction        | 0.0156       |
|    clip_range           | 0.2          |
|    entropy_loss         | -0.498       |
|    explained_variance   | -1.19e-07    |
|    learning_rate        | 0.0003       |
|    loss                 | -0.00506     |
|    n_updates            | 6950         |
|    policy_gradient_loss | -0.00259     |
|    value_loss           | 5.14e-07     |
------------------------------------------
------------------------------------------
| rollout/                |              |
|    ep_len_mean          | 1e+03        |
|    ep_rew_mean          | -1           |
| time/                   |              |
|    fps                  | 651          |
|    iterations           | 697          |
|    time_elapsed         | 68           |
|    total_timesteps      | 44608        |
| train/                  |              |
|    approx_kl            | 0.0028093671 |
|    clip_fraction        | 0.0328       |
|    clip_range           | 0.2          |
|    entropy_loss         | -0.489       |
|    explained_variance   | 0            |
|    learning_rate        | 0.0003       |
|    loss                 | -0.0095      |
|    n_updates            | 6960         |
|    policy_gradient_loss | -0.0084      |
|    value_loss           | 3.7e-07      |
------------------------------------------
------------------------------------------
| rollout/                |              |
|    ep_len_mean          | 1e+03        |
|    ep_rew_mean          | -1           |
| time/                   |              |
|    fps                  | 651          |
|    iterations           | 698          |
|    time_elapsed         | 68           |
|    total_timesteps      | 44672        |
| train/                  |              |
|    approx_kl            | 0.0019577108 |
|    clip_fraction        | 0.0125       |
|    clip_range           | 0.2          |
|    entropy_loss         | -0.513       |
|    explained_variance   | -22.1        |
|    learning_rate        | 0.0003       |
|    loss                 | -0.00626     |
|    n_updates            | 6970         |
|    policy_gradient_loss | -0.00111     |
|    value_loss           | 7.98e-07     |
------------------------------------------
-----------------------------------------
| rollout/                |             |
|    ep_len_mean          | 1e+03       |
|    ep_rew_mean          | -1          |
| time/                   |             |
|    fps                  | 651         |
|    iterations           | 699         |
|    time_elapsed         | 68          |
|    total_timesteps      | 44736       |
| train/                  |             |
|    approx_kl            | 0.009410521 |
|    clip_fraction        | 0.0594      |
|    clip_range           | 0.2         |
|    entropy_loss         | -0.483      |
|    explained_variance   | -0.893      |
|    learning_rate        | 0.0003      |
|    loss                 | -0.0294     |
|    n_updates            | 6980        |
|    policy_gradient_loss | -0.00874    |
|    value_loss           | 2.08e-07    |
-----------------------------------------
-----------------------------------------
| rollout/                |             |
|    ep_len_mean          | 1e+03       |
|    ep_rew_mean          | -1          |
| time/                   |             |
|    fps                  | 651         |
|    iterations           | 700         |
|    time_elapsed         | 68          |
|    total_timesteps      | 44800       |
| train/                  |             |
|    approx_kl            | 0.007285161 |
|    clip_fraction        | 0.0625      |
|    clip_range           | 0.2         |
|    entropy_loss         | -0.389      |
|    explained_variance   | 0.00807     |
|    learning_rate        | 0.0003      |
|    loss                 | -0.0241     |
|    n_updates            | 6990        |
|    policy_gradient_loss | -0.0113     |
|    value_loss           | 6.62e-08    |
-----------------------------------------
------------------------------------------
| rollout/                |              |
|    ep_len_mean          | 1e+03        |
|    ep_rew_mean          | -1           |
| time/                   |              |
|    fps                  | 651          |
|    iterations           | 701          |
|    time_elapsed         | 68           |
|    total_timesteps      | 44864        |
| train/                  |              |
|    approx_kl            | 0.0035862578 |
|    clip_fraction        | 0.0422       |
|    clip_range           | 0.2          |
|    entropy_loss         | -0.337       |
|    explained_variance   | 0            |
|    learning_rate        | 0.0003       |
|    loss                 | -0.0034      |
|    n_updates            | 7000         |
|    policy_gradient_loss | -0.00726     |
|    value_loss           | 5.22e-08     |
------------------------------------------
------------------------------------------
| rollout/                |              |
|    ep_len_mean          | 1e+03        |
|    ep_rew_mean          | -1           |
| time/                   |              |
|    fps                  | 651          |
|    iterations           | 702          |
|    time_elapsed         | 68           |
|    total_timesteps      | 44928        |
| train/                  |              |
|    approx_kl            | 0.0024789823 |
|    clip_fraction        | 0.0234       |
|    clip_range           | 0.2          |
|    entropy_loss         | -0.358       |
|    explained_variance   | 0            |
|    learning_rate        | 0.0003       |
|    loss                 | -0.00374     |
|    n_updates            | 7010         |
|    policy_gradient_loss | -0.00408     |
|    value_loss           | 4.02e-08     |
------------------------------------------
-----------------------------------------
| rollout/                |             |
|    ep_len_mean          | 1e+03       |
|    ep_rew_mean          | -1          |
| time/                   |             |
|    fps                  | 651         |
|    iterations           | 703         |
|    time_elapsed         | 69          |
|    total_timesteps      | 44992       |
| train/                  |             |
|    approx_kl            | 0.002909488 |
|    clip_fraction        | 0.0187      |
|    clip_range           | 0.2         |
|    entropy_loss         | -0.341      |
|    explained_variance   | 0           |
|    learning_rate        | 0.0003      |
|    loss                 | -0.0154     |
|    n_updates            | 7020        |
|    policy_gradient_loss | -0.00441    |
|    value_loss           | 3.17e-08    |
-----------------------------------------
-----------------------------------------
| rollout/                |             |
|    ep_len_mean          | 1e+03       |
|    ep_rew_mean          | -1          |
| time/                   |             |
|    fps                  | 651         |
|    iterations           | 704         |
|    time_elapsed         | 69          |
|    total_timesteps      | 45056       |
| train/                  |             |
|    approx_kl            | 0.004236784 |
|    clip_fraction        | 0.0328      |
|    clip_range           | 0.2         |
|    entropy_loss         | -0.329      |
|    explained_variance   | 0           |
|    learning_rate        | 0.0003      |
|    loss                 | -0.0033     |
|    n_updates            | 7030        |
|    policy_gradient_loss | -0.0119     |
|    value_loss           | 2.09e-08    |
-----------------------------------------
------------------------------------------
| rollout/                |              |
|    ep_len_mean          | 1e+03        |
|    ep_rew_mean          | -1           |
| time/                   |              |
|    fps                  | 651          |
|    iterations           | 705          |
|    time_elapsed         | 69           |
|    total_timesteps      | 45120        |
| train/                  |              |
|    approx_kl            | 0.0016577663 |
|    clip_fraction        | 0.0109       |
|    clip_range           | 0.2          |
|    entropy_loss         | -0.31        |
|    explained_variance   | 5.96e-08     |
|    learning_rate        | 0.0003       |
|    loss                 | -0.00255     |
|    n_updates            | 7040         |
|    policy_gradient_loss | -0.00146     |
|    value_loss           | 0.000739     |
------------------------------------------
------------------------------------------
| rollout/                |              |
|    ep_len_mean          | 1e+03        |
|    ep_rew_mean          | -1           |
| time/                   |              |
|    fps                  | 651          |
|    iterations           | 706          |
|    time_elapsed         | 69           |
|    total_timesteps      | 45184        |
| train/                  |              |
|    approx_kl            | 0.0015471149 |
|    clip_fraction        | 0.00937      |
|    clip_range           | 0.2          |
|    entropy_loss         | -0.319       |
|    explained_variance   | 0            |
|    learning_rate        | 0.0003       |
|    loss                 | -0.00353     |
|    n_updates            | 7050         |
|    policy_gradient_loss | -0.00425     |
|    value_loss           | 5.43e-06     |
------------------------------------------
------------------------------------------
| rollout/                |              |
|    ep_len_mean          | 1e+03        |
|    ep_rew_mean          | -1           |
| time/                   |              |
|    fps                  | 651          |
|    iterations           | 707          |
|    time_elapsed         | 69           |
|    total_timesteps      | 45248        |
| train/                  |              |
|    approx_kl            | 0.0031112852 |
|    clip_fraction        | 0.025        |
|    clip_range           | 0.2          |
|    entropy_loss         | -0.356       |
|    explained_variance   | 0            |
|    learning_rate        | 0.0003       |
|    loss                 | -0.0122      |
|    n_updates            | 7060         |
|    policy_gradient_loss | -0.00411     |
|    value_loss           | 7.82e-07     |
------------------------------------------
-----------------------------------------
| rollout/                |             |
|    ep_len_mean          | 1e+03       |
|    ep_rew_mean          | -1          |
| time/                   |             |
|    fps                  | 651         |
|    iterations           | 708         |
|    time_elapsed         | 69          |
|    total_timesteps      | 45312       |
| train/                  |             |
|    approx_kl            | 0.004015687 |
|    clip_fraction        | 0.0312      |
|    clip_range           | 0.2         |
|    entropy_loss         | -0.389      |
|    explained_variance   | 0           |
|    learning_rate        | 0.0003      |
|    loss                 | -0.0042     |
|    n_updates            | 7070        |
|    policy_gradient_loss | -0.0103     |
|    value_loss           | 7.48e-07    |
-----------------------------------------
----------------------------------------
| rollout/                |            |
|    ep_len_mean          | 1e+03      |
|    ep_rew_mean          | -1         |
| time/                   |            |
|    fps                  | 651        |
|    iterations           | 709        |
|    time_elapsed         | 69         |
|    total_timesteps      | 45376      |
| train/                  |            |
|    approx_kl            | 0.00956671 |
|    clip_fraction        | 0.0453     |
|    clip_range           | 0.2        |
|    entropy_loss         | -0.38      |
|    explained_variance   | 0          |
|    learning_rate        | 0.0003     |
|    loss                 | 0.0239     |
|    n_updates            | 7080       |
|    policy_gradient_loss | -0.00427   |
|    value_loss           | 4.93e-07   |
----------------------------------------
------------------------------------------
| rollout/                |              |
|    ep_len_mean          | 1e+03        |
|    ep_rew_mean          | -1           |
| time/                   |              |
|    fps                  | 651          |
|    iterations           | 710          |
|    time_elapsed         | 69           |
|    total_timesteps      | 45440        |
| train/                  |              |
|    approx_kl            | 0.0053959647 |
|    clip_fraction        | 0.0391       |
|    clip_range           | 0.2          |
|    entropy_loss         | -0.357       |
|    explained_variance   | 0            |
|    learning_rate        | 0.0003       |
|    loss                 | -0.0483      |
|    n_updates            | 7090         |
|    policy_gradient_loss | -0.0115      |
|    value_loss           | 3.49e-07     |
------------------------------------------
-----------------------------------------
| rollout/                |             |
|    ep_len_mean          | 1e+03       |
|    ep_rew_mean          | -1          |
| time/                   |             |
|    fps                  | 651         |
|    iterations           | 711         |
|    time_elapsed         | 69          |
|    total_timesteps      | 45504       |
| train/                  |             |
|    approx_kl            | 0.002151627 |
|    clip_fraction        | 0.0109      |
|    clip_range           | 0.2         |
|    entropy_loss         | -0.329      |
|    explained_variance   | 0           |
|    learning_rate        | 0.0003      |
|    loss                 | -0.00449    |
|    n_updates            | 7100        |
|    policy_gradient_loss | -0.00517    |
|    value_loss           | 2.47e-07    |
-----------------------------------------
------------------------------------------
| rollout/                |              |
|    ep_len_mean          | 1e+03        |
|    ep_rew_mean          | -1           |
| time/                   |              |
|    fps                  | 651          |
|    iterations           | 712          |
|    time_elapsed         | 69           |
|    total_timesteps      | 45568        |
| train/                  |              |
|    approx_kl            | 0.0046325773 |
|    clip_fraction        | 0.0391       |
|    clip_range           | 0.2          |
|    entropy_loss         | -0.315       |
|    explained_variance   | 0            |
|    learning_rate        | 0.0003       |
|    loss                 | -0.0427      |
|    n_updates            | 7110         |
|    policy_gradient_loss | -0.00892     |
|    value_loss           | 2.3e-07      |
------------------------------------------
------------------------------------------
| rollout/                |              |
|    ep_len_mean          | 1e+03        |
|    ep_rew_mean          | -1           |
| time/                   |              |
|    fps                  | 651          |
|    iterations           | 713          |
|    time_elapsed         | 70           |
|    total_timesteps      | 45632        |
| train/                  |              |
|    approx_kl            | 0.0022692382 |
|    clip_fraction        | 0.0125       |
|    clip_range           | 0.2          |
|    entropy_loss         | -0.361       |
|    explained_variance   | -5.92        |
|    learning_rate        | 0.0003       |
|    loss                 | -0.00915     |
|    n_updates            | 7120         |
|    policy_gradient_loss | -0.00429     |
|    value_loss           | 3.89e-07     |
------------------------------------------
-----------------------------------------
| rollout/                |             |
|    ep_len_mean          | 1e+03       |
|    ep_rew_mean          | -1          |
| time/                   |             |
|    fps                  | 651         |
|    iterations           | 714         |
|    time_elapsed         | 70          |
|    total_timesteps      | 45696       |
| train/                  |             |
|    approx_kl            | 0.020867024 |
|    clip_fraction        | 0.0234      |
|    clip_range           | 0.2         |
|    entropy_loss         | -0.45       |
|    explained_variance   | 0           |
|    learning_rate        | 0.0003      |
|    loss                 | -0.00617    |
|    n_updates            | 7130        |
|    policy_gradient_loss | -0.00711    |
|    value_loss           | 1.07e-07    |
-----------------------------------------
-----------------------------------------
| rollout/                |             |
|    ep_len_mean          | 1e+03       |
|    ep_rew_mean          | -1          |
| time/                   |             |
|    fps                  | 651         |
|    iterations           | 715         |
|    time_elapsed         | 70          |
|    total_timesteps      | 45760       |
| train/                  |             |
|    approx_kl            | 0.008091021 |
|    clip_fraction        | 0.0797      |
|    clip_range           | 0.2         |
|    entropy_loss         | -0.54       |
|    explained_variance   | 0           |
|    learning_rate        | 0.0003      |
|    loss                 | -0.0103     |
|    n_updates            | 7140        |
|    policy_gradient_loss | -0.00842    |
|    value_loss           | 5.88e-08    |
-----------------------------------------
-----------------------------------------
| rollout/                |             |
|    ep_len_mean          | 1e+03       |
|    ep_rew_mean          | -1          |
| time/                   |             |
|    fps                  | 651         |
|    iterations           | 716         |
|    time_elapsed         | 70          |
|    total_timesteps      | 45824       |
| train/                  |             |
|    approx_kl            | 0.005096188 |
|    clip_fraction        | 0.0625      |
|    clip_range           | 0.2         |
|    entropy_loss         | -0.437      |
|    explained_variance   | 1.19e-07    |
|    learning_rate        | 0.0003      |
|    loss                 | -0.00101    |
|    n_updates            | 7150        |
|    policy_gradient_loss | -0.00586    |
|    value_loss           | 4.8e-08     |
-----------------------------------------
-----------------------------------------
| rollout/                |             |
|    ep_len_mean          | 1e+03       |
|    ep_rew_mean          | -1          |
| time/                   |             |
|    fps                  | 651         |
|    iterations           | 717         |
|    time_elapsed         | 70          |
|    total_timesteps      | 45888       |
| train/                  |             |
|    approx_kl            | 0.011806368 |
|    clip_fraction        | 0.0406      |
|    clip_range           | 0.2         |
|    entropy_loss         | -0.352      |
|    explained_variance   | 0           |
|    learning_rate        | 0.0003      |
|    loss                 | -0.0241     |
|    n_updates            | 7160        |
|    policy_gradient_loss | -0.00642    |
|    value_loss           | 4.57e-08    |
-----------------------------------------
------------------------------------------
| rollout/                |              |
|    ep_len_mean          | 1e+03        |
|    ep_rew_mean          | -1           |
| time/                   |              |
|    fps                  | 651          |
|    iterations           | 718          |
|    time_elapsed         | 70           |
|    total_timesteps      | 45952        |
| train/                  |              |
|    approx_kl            | 0.0030955328 |
|    clip_fraction        | 0.0328       |
|    clip_range           | 0.2          |
|    entropy_loss         | -0.262       |
|    explained_variance   | 0            |
|    learning_rate        | 0.0003       |
|    loss                 | -0.00241     |
|    n_updates            | 7170         |
|    policy_gradient_loss | -0.00479     |
|    value_loss           | 4.53e-08     |
------------------------------------------
------------------------------------------
| rollout/                |              |
|    ep_len_mean          | 1e+03        |
|    ep_rew_mean          | -1           |
| time/                   |              |
|    fps                  | 651          |
|    iterations           | 719          |
|    time_elapsed         | 70           |
|    total_timesteps      | 46016        |
| train/                  |              |
|    approx_kl            | 0.0025581168 |
|    clip_fraction        | 0.0187       |
|    clip_range           | 0.2          |
|    entropy_loss         | -0.267       |
|    explained_variance   | 0            |
|    learning_rate        | 0.0003       |
|    loss                 | -0.0111      |
|    n_updates            | 7180         |
|    policy_gradient_loss | -0.00579     |
|    value_loss           | 2.96e-08     |
------------------------------------------
------------------------------------------
| rollout/                |              |
|    ep_len_mean          | 1e+03        |
|    ep_rew_mean          | -1           |
| time/                   |              |
|    fps                  | 651          |
|    iterations           | 720          |
|    time_elapsed         | 70           |
|    total_timesteps      | 46080        |
| train/                  |              |
|    approx_kl            | 0.0014174907 |
|    clip_fraction        | 0.00937      |
|    clip_range           | 0.2          |
|    entropy_loss         | -0.286       |
|    explained_variance   | 0            |
|    learning_rate        | 0.0003       |
|    loss                 | -0.00232     |
|    n_updates            | 7190         |
|    policy_gradient_loss | -0.0015      |
|    value_loss           | 0.000804     |
------------------------------------------
-----------------------------------------
| rollout/                |             |
|    ep_len_mean          | 1e+03       |
|    ep_rew_mean          | -1          |
| time/                   |             |
|    fps                  | 651         |
|    iterations           | 721         |
|    time_elapsed         | 70          |
|    total_timesteps      | 46144       |
| train/                  |             |
|    approx_kl            | 0.006417251 |
|    clip_fraction        | 0.0219      |
|    clip_range           | 0.2         |
|    entropy_loss         | -0.351      |
|    explained_variance   | 1.19e-07    |
|    learning_rate        | 0.0003      |
|    loss                 | -0.0288     |
|    n_updates            | 7200        |
|    policy_gradient_loss | -0.00837    |
|    value_loss           | 2.21e-06    |
-----------------------------------------
-----------------------------------------
| rollout/                |             |
|    ep_len_mean          | 1e+03       |
|    ep_rew_mean          | -1          |
| time/                   |             |
|    fps                  | 651         |
|    iterations           | 722         |
|    time_elapsed         | 70          |
|    total_timesteps      | 46208       |
| train/                  |             |
|    approx_kl            | 0.006082776 |
|    clip_fraction        | 0.0281      |
|    clip_range           | 0.2         |
|    entropy_loss         | -0.508      |
|    explained_variance   | 0           |
|    learning_rate        | 0.0003      |
|    loss                 | -0.0341     |
|    n_updates            | 7210        |
|    policy_gradient_loss | -0.0078     |
|    value_loss           | 1.74e-06    |
-----------------------------------------
-----------------------------------------
| rollout/                |             |
|    ep_len_mean          | 1e+03       |
|    ep_rew_mean          | -1          |
| time/                   |             |
|    fps                  | 651         |
|    iterations           | 723         |
|    time_elapsed         | 70          |
|    total_timesteps      | 46272       |
| train/                  |             |
|    approx_kl            | 0.006667584 |
|    clip_fraction        | 0.0312      |
|    clip_range           | 0.2         |
|    entropy_loss         | -0.561      |
|    explained_variance   | 0           |
|    learning_rate        | 0.0003      |
|    loss                 | -0.00495    |
|    n_updates            | 7220        |
|    policy_gradient_loss | -0.00712    |
|    value_loss           | 1.26e-06    |
-----------------------------------------
-----------------------------------------
| rollout/                |             |
|    ep_len_mean          | 1e+03       |
|    ep_rew_mean          | -1          |
| time/                   |             |
|    fps                  | 651         |
|    iterations           | 724         |
|    time_elapsed         | 71          |
|    total_timesteps      | 46336       |
| train/                  |             |
|    approx_kl            | 0.009362093 |
|    clip_fraction        | 0.0547      |
|    clip_range           | 0.2         |
|    entropy_loss         | -0.403      |
|    explained_variance   | 0           |
|    learning_rate        | 0.0003      |
|    loss                 | -0.0167     |
|    n_updates            | 7230        |
|    policy_gradient_loss | -0.00769    |
|    value_loss           | 1.65e-06    |
-----------------------------------------
------------------------------------------
| rollout/                |              |
|    ep_len_mean          | 1e+03        |
|    ep_rew_mean          | -1           |
| time/                   |              |
|    fps                  | 651          |
|    iterations           | 725          |
|    time_elapsed         | 71           |
|    total_timesteps      | 46400        |
| train/                  |              |
|    approx_kl            | 0.0026338594 |
|    clip_fraction        | 0.0187       |
|    clip_range           | 0.2          |
|    entropy_loss         | -0.309       |
|    explained_variance   | -1.19e-07    |
|    learning_rate        | 0.0003       |
|    loss                 | -0.0094      |
|    n_updates            | 7240         |
|    policy_gradient_loss | -0.00326     |
|    value_loss           | 7.42e-07     |
------------------------------------------
-----------------------------------------
| rollout/                |             |
|    ep_len_mean          | 1e+03       |
|    ep_rew_mean          | -1          |
| time/                   |             |
|    fps                  | 651         |
|    iterations           | 726         |
|    time_elapsed         | 71          |
|    total_timesteps      | 46464       |
| train/                  |             |
|    approx_kl            | 0.009139481 |
|    clip_fraction        | 0.0563      |
|    clip_range           | 0.2         |
|    entropy_loss         | -0.242      |
|    explained_variance   | 0           |
|    learning_rate        | 0.0003      |
|    loss                 | -0.00222    |
|    n_updates            | 7250        |
|    policy_gradient_loss | -0.014      |
|    value_loss           | 4.51e-07    |
-----------------------------------------
-----------------------------------------
| rollout/                |             |
|    ep_len_mean          | 1e+03       |
|    ep_rew_mean          | -1          |
| time/                   |             |
|    fps                  | 651         |
|    iterations           | 727         |
|    time_elapsed         | 71          |
|    total_timesteps      | 46528       |
| train/                  |             |
|    approx_kl            | 0.001968746 |
|    clip_fraction        | 0.0281      |
|    clip_range           | 0.2         |
|    entropy_loss         | -0.257      |
|    explained_variance   | 0           |
|    learning_rate        | 0.0003      |
|    loss                 | -0.00276    |
|    n_updates            | 7260        |
|    policy_gradient_loss | -0.00218    |
|    value_loss           | 4.86e-07    |
-----------------------------------------
Traceback (most recent call last):
  File "/home/luke/GIT/azerothcore-wotlk/modules/mod-neuralbot/python/train.py", line 131, in <module>
    main()
    ~~~~^^
  File "/home/luke/GIT/azerothcore-wotlk/modules/mod-neuralbot/python/train.py", line 119, in main
    model.learn(
    ~~~~~~~~~~~^
        total_timesteps=timesteps,
        ^^^^^^^^^^^^^^^^^^^^^^^^^^
        callback=[checkpoint_callback, stats_callback],
        ^^^^^^^^^^^^^^^^^^^^^^^^^^^^^^^^^^^^^^^^^^^^^^^
        progress_bar=True,
        ^^^^^^^^^^^^^^^^^^
    )
    ^
  File "/home/luke/GIT/azerothcore-wotlk/modules/mod-neuralbot/.venv/lib/python3.14/site-packages/stable_baselines3/ppo/ppo.py", line 311, in learn
    return super().learn(
           ~~~~~~~~~~~~~^
        total_timesteps=total_timesteps,
        ^^^^^^^^^^^^^^^^^^^^^^^^^^^^^^^^
    ...<4 lines>...
        progress_bar=progress_bar,
        ^^^^^^^^^^^^^^^^^^^^^^^^^^
    )
    ^
  File "/home/luke/GIT/azerothcore-wotlk/modules/mod-neuralbot/.venv/lib/python3.14/site-packages/stable_baselines3/common/on_policy_algorithm.py", line 324, in learn
    continue_training = self.collect_rollouts(self.env, callback, self.rollout_buffer, n_rollout_steps=self.n_steps)
  File "/home/luke/GIT/azerothcore-wotlk/modules/mod-neuralbot/.venv/lib/python3.14/site-packages/stable_baselines3/common/on_policy_algorithm.py", line 218, in collect_rollouts
    new_obs, rewards, dones, infos = env.step(clipped_actions)
                                     ~~~~~~~~^^^^^^^^^^^^^^^^^
  File "/home/luke/GIT/azerothcore-wotlk/modules/mod-neuralbot/.venv/lib/python3.14/site-packages/stable_baselines3/common/vec_env/base_vec_env.py", line 222, in step
    return self.step_wait()
           ~~~~~~~~~~~~~~^^
  File "/home/luke/GIT/azerothcore-wotlk/modules/mod-neuralbot/.venv/lib/python3.14/site-packages/stable_baselines3/common/vec_env/dummy_vec_env.py", line 59, in step_wait
    obs, self.buf_rews[env_idx], terminated, truncated, self.buf_infos[env_idx] = self.envs[env_idx].step(  # type: ignore[assignment]
                                                                                  ~~~~~~~~~~~~~~~~~~~~~~~^^^^^^^^^^^^^^^^^^^^^^^^^^^^^
        self.actions[env_idx]
        ^^^^^^^^^^^^^^^^^^^^^
    )
    ^
  File "/home/luke/GIT/azerothcore-wotlk/modules/mod-neuralbot/.venv/lib/python3.14/site-packages/stable_baselines3/common/monitor.py", line 94, in step
    observation, reward, terminated, truncated, info = self.env.step(action)
                                                       ~~~~~~~~~~~~~^^^^^^^^
  File "/home/luke/GIT/azerothcore-wotlk/modules/mod-neuralbot/python/wow_neuralbot_env.py", line 36, in step
    obs, reward, terminated, info = self.client.step(int(action))
                                    ~~~~~~~~~~~~~~~~^^^^^^^^^^^^^
  File "/home/luke/GIT/azerothcore-wotlk/modules/mod-neuralbot/python/neuralbot_client.py", line 115, in step
    resp = self._send(f"STEP {action}")
  File "/home/luke/GIT/azerothcore-wotlk/modules/mod-neuralbot/python/neuralbot_client.py", line 90, in _send
    chunk = self._sock.recv(4096)
TimeoutError: timed out
