Connecting to NeuralBot server at 127.0.0.1:9000...
Server status: {'state': 'READY', 'name': 'Neuralbot', 'level': 1, 'zone': 12}
Discovered 54 spells in spellbook: [3365, 6247, 6477, 6478, 6603, 7266, 7267, 7355, 9125, 21652, 22810, 61437, 63645, 63644, 68398, 21651, 6246, 9078, 203, 204, 107, 1180, 22027, 197, 8737, 20598, 59752, 58985, 3050, 45471, 45927, 202, 20864, 201, 20597, 8386, 20599, 522, 9077, 5301, 2764, 2479, 32215, 2382, 81, 199, 668, 78, 196, 198, 6233, 2457, 9116, 2567]
Training PPO for 1000000 timesteps...
Episode stats: /home/luke/GIT/azerothcore-wotlk/modules/mod-neuralbot/python/checkpoints/wow_neuralbot_20260510_145744_episodes.csv
Using cpu device
Wrapping the env with a `Monitor` wrapper
Wrapping the env in a DummyVecEnv.
-----------------------------
| time/              |      |
|    fps             | 1819 |
|    iterations      | 1    |
|    time_elapsed    | 0    |
|    total_timesteps | 64   |
-----------------------------
-----------------------------------------
| time/                   |             |
|    fps                  | 488         |
|    iterations           | 2           |
|    time_elapsed         | 0           |
|    total_timesteps      | 128         |
| train/                  |             |
|    approx_kl            | 0.015527622 |
|    clip_fraction        | 0.0828      |
|    clip_range           | 0.2         |
|    entropy_loss         | -3.29       |
|    explained_variance   | -1.12       |
|    learning_rate        | 0.0003      |
|    loss                 | -0.118      |
|    n_updates            | 10          |
|    policy_gradient_loss | -0.0627     |
|    value_loss           | 0.124       |
-----------------------------------------
-----------------------------------------
| time/                   |             |
|    fps                  | 540         |
|    iterations           | 3           |
|    time_elapsed         | 0           |
|    total_timesteps      | 192         |
| train/                  |             |
|    approx_kl            | 0.011183262 |
|    clip_fraction        | 0.0594      |
|    clip_range           | 0.2         |
|    entropy_loss         | -3.28       |
|    explained_variance   | -8.28       |
|    learning_rate        | 0.0003      |
|    loss                 | -0.0486     |
|    n_updates            | 20          |
|    policy_gradient_loss | -0.0351     |
|    value_loss           | 0.27        |
-----------------------------------------
-----------------------------------------
| time/                   |             |
|    fps                  | 564         |
|    iterations           | 4           |
|    time_elapsed         | 0           |
|    total_timesteps      | 256         |
| train/                  |             |
|    approx_kl            | 0.012576607 |
|    clip_fraction        | 0.0625      |
|    clip_range           | 0.2         |
|    entropy_loss         | -3.27       |
|    explained_variance   | -9.47       |
|    learning_rate        | 0.0003      |
|    loss                 | -0.0767     |
|    n_updates            | 30          |
|    policy_gradient_loss | -0.0419     |
|    value_loss           | 0.131       |
-----------------------------------------
-----------------------------------------
| time/                   |             |
|    fps                  | 582         |
|    iterations           | 5           |
|    time_elapsed         | 0           |
|    total_timesteps      | 320         |
| train/                  |             |
|    approx_kl            | 0.018148053 |
|    clip_fraction        | 0.134       |
|    clip_range           | 0.2         |
|    entropy_loss         | -3.26       |
|    explained_variance   | -1.69       |
|    learning_rate        | 0.0003      |
|    loss                 | -0.129      |
|    n_updates            | 40          |
|    policy_gradient_loss | -0.0523     |
|    value_loss           | 0.0807      |
-----------------------------------------
-----------------------------------------
| time/                   |             |
|    fps                  | 595         |
|    iterations           | 6           |
|    time_elapsed         | 0           |
|    total_timesteps      | 384         |
| train/                  |             |
|    approx_kl            | 0.010543104 |
|    clip_fraction        | 0.05        |
|    clip_range           | 0.2         |
|    entropy_loss         | -3.26       |
|    explained_variance   | -0.448      |
|    learning_rate        | 0.0003      |
|    loss                 | -0.0923     |
|    n_updates            | 50          |
|    policy_gradient_loss | -0.0463     |
|    value_loss           | 0.0838      |
-----------------------------------------
-----------------------------------------
| time/                   |             |
|    fps                  | 603         |
|    iterations           | 7           |
|    time_elapsed         | 0           |
|    total_timesteps      | 448         |
| train/                  |             |
|    approx_kl            | 0.012543189 |
|    clip_fraction        | 0.0719      |
|    clip_range           | 0.2         |
|    entropy_loss         | -3.26       |
|    explained_variance   | -2.98       |
|    learning_rate        | 0.0003      |
|    loss                 | -0.0914     |
|    n_updates            | 60          |
|    policy_gradient_loss | -0.0426     |
|    value_loss           | 0.15        |
-----------------------------------------
----------------------------------------
| time/                   |            |
|    fps                  | 609        |
|    iterations           | 8          |
|    time_elapsed         | 0          |
|    total_timesteps      | 512        |
| train/                  |            |
|    approx_kl            | 0.01015822 |
|    clip_fraction        | 0.0641     |
|    clip_range           | 0.2        |
|    entropy_loss         | -3.25      |
|    explained_variance   | -3.11      |
|    learning_rate        | 0.0003     |
|    loss                 | -0.0883    |
|    n_updates            | 70         |
|    policy_gradient_loss | -0.0392    |
|    value_loss           | 0.0617     |
----------------------------------------
-----------------------------------------
| time/                   |             |
|    fps                  | 614         |
|    iterations           | 9           |
|    time_elapsed         | 0           |
|    total_timesteps      | 576         |
| train/                  |             |
|    approx_kl            | 0.016941516 |
|    clip_fraction        | 0.0953      |
|    clip_range           | 0.2         |
|    entropy_loss         | -3.25       |
|    explained_variance   | -1.9        |
|    learning_rate        | 0.0003      |
|    loss                 | -0.0973     |
|    n_updates            | 80          |
|    policy_gradient_loss | -0.0476     |
|    value_loss           | 0.0378      |
-----------------------------------------
-----------------------------------------
| time/                   |             |
|    fps                  | 619         |
|    iterations           | 10          |
|    time_elapsed         | 1           |
|    total_timesteps      | 640         |
| train/                  |             |
|    approx_kl            | 0.009109168 |
|    clip_fraction        | 0.0422      |
|    clip_range           | 0.2         |
|    entropy_loss         | -3.24       |
|    explained_variance   | -2.28       |
|    learning_rate        | 0.0003      |
|    loss                 | -0.0948     |
|    n_updates            | 90          |
|    policy_gradient_loss | -0.0383     |
|    value_loss           | 0.0275      |
-----------------------------------------
-----------------------------------------
| time/                   |             |
|    fps                  | 622         |
|    iterations           | 11          |
|    time_elapsed         | 1           |
|    total_timesteps      | 704         |
| train/                  |             |
|    approx_kl            | 0.015501614 |
|    clip_fraction        | 0.0813      |
|    clip_range           | 0.2         |
|    entropy_loss         | -3.24       |
|    explained_variance   | -1.45       |
|    learning_rate        | 0.0003      |
|    loss                 | -0.134      |
|    n_updates            | 100         |
|    policy_gradient_loss | -0.0426     |
|    value_loss           | 0.0284      |
-----------------------------------------
----------------------------------------
| time/                   |            |
|    fps                  | 624        |
|    iterations           | 12         |
|    time_elapsed         | 1          |
|    total_timesteps      | 768        |
| train/                  |            |
|    approx_kl            | 0.01774498 |
|    clip_fraction        | 0.114      |
|    clip_range           | 0.2        |
|    entropy_loss         | -3.21      |
|    explained_variance   | 0.0279     |
|    learning_rate        | 0.0003     |
|    loss                 | -0.118     |
|    n_updates            | 110        |
|    policy_gradient_loss | -0.0413    |
|    value_loss           | 0.0138     |
----------------------------------------
-----------------------------------------
| time/                   |             |
|    fps                  | 627         |
|    iterations           | 13          |
|    time_elapsed         | 1           |
|    total_timesteps      | 832         |
| train/                  |             |
|    approx_kl            | 0.014984852 |
|    clip_fraction        | 0.152       |
|    clip_range           | 0.2         |
|    entropy_loss         | -3.18       |
|    explained_variance   | 0.13        |
|    learning_rate        | 0.0003      |
|    loss                 | -0.122      |
|    n_updates            | 120         |
|    policy_gradient_loss | -0.037      |
|    value_loss           | 0.00926     |
-----------------------------------------
-----------------------------------------
| time/                   |             |
|    fps                  | 628         |
|    iterations           | 14          |
|    time_elapsed         | 1           |
|    total_timesteps      | 896         |
| train/                  |             |
|    approx_kl            | 0.021480162 |
|    clip_fraction        | 0.18        |
|    clip_range           | 0.2         |
|    entropy_loss         | -3.17       |
|    explained_variance   | 0.232       |
|    learning_rate        | 0.0003      |
|    loss                 | -0.111      |
|    n_updates            | 130         |
|    policy_gradient_loss | -0.0575     |
|    value_loss           | 0.00729     |
-----------------------------------------
-----------------------------------------
| time/                   |             |
|    fps                  | 631         |
|    iterations           | 15          |
|    time_elapsed         | 1           |
|    total_timesteps      | 960         |
| train/                  |             |
|    approx_kl            | 0.015757296 |
|    clip_fraction        | 0.1         |
|    clip_range           | 0.2         |
|    entropy_loss         | -3.16       |
|    explained_variance   | 0.202       |
|    learning_rate        | 0.0003      |
|    loss                 | -0.111      |
|    n_updates            | 140         |
|    policy_gradient_loss | -0.0332     |
|    value_loss           | 0.0172      |
-----------------------------------------
-----------------------------------------
| rollout/                |             |
|    ep_len_mean          | 1e+03       |
|    ep_rew_mean          | 49          |
| time/                   |             |
|    fps                  | 632         |
|    iterations           | 16          |
|    time_elapsed         | 1           |
|    total_timesteps      | 1024        |
| train/                  |             |
|    approx_kl            | 0.013530364 |
|    clip_fraction        | 0.0703      |
|    clip_range           | 0.2         |
|    entropy_loss         | -3.16       |
|    explained_variance   | -3.24       |
|    learning_rate        | 0.0003      |
|    loss                 | -0.087      |
|    n_updates            | 150         |
|    policy_gradient_loss | -0.0337     |
|    value_loss           | 0.0265      |
-----------------------------------------
-----------------------------------------
| rollout/                |             |
|    ep_len_mean          | 1e+03       |
|    ep_rew_mean          | 49          |
| time/                   |             |
|    fps                  | 633         |
|    iterations           | 17          |
|    time_elapsed         | 1           |
|    total_timesteps      | 1088        |
| train/                  |             |
|    approx_kl            | 0.005881141 |
|    clip_fraction        | 0.00781     |
|    clip_range           | 0.2         |
|    entropy_loss         | -3.16       |
|    explained_variance   | 0.0262      |
|    learning_rate        | 0.0003      |
|    loss                 | 0.447       |
|    n_updates            | 160         |
|    policy_gradient_loss | -0.0211     |
|    value_loss           | 1.14        |
-----------------------------------------
-----------------------------------------
| rollout/                |             |
|    ep_len_mean          | 1e+03       |
|    ep_rew_mean          | 49          |
| time/                   |             |
|    fps                  | 636         |
|    iterations           | 18          |
|    time_elapsed         | 1           |
|    total_timesteps      | 1152        |
| train/                  |             |
|    approx_kl            | 0.016965749 |
|    clip_fraction        | 0.108       |
|    clip_range           | 0.2         |
|    entropy_loss         | -3.18       |
|    explained_variance   | -2.43       |
|    learning_rate        | 0.0003      |
|    loss                 | -0.106      |
|    n_updates            | 170         |
|    policy_gradient_loss | -0.0475     |
|    value_loss           | 0.0456      |
-----------------------------------------
-----------------------------------------
| rollout/                |             |
|    ep_len_mean          | 1e+03       |
|    ep_rew_mean          | 49          |
| time/                   |             |
|    fps                  | 639         |
|    iterations           | 19          |
|    time_elapsed         | 1           |
|    total_timesteps      | 1216        |
| train/                  |             |
|    approx_kl            | 0.016743775 |
|    clip_fraction        | 0.108       |
|    clip_range           | 0.2         |
|    entropy_loss         | -3.16       |
|    explained_variance   | -2.12       |
|    learning_rate        | 0.0003      |
|    loss                 | -0.127      |
|    n_updates            | 180         |
|    policy_gradient_loss | -0.0504     |
|    value_loss           | 0.0313      |
-----------------------------------------
-----------------------------------------
| rollout/                |             |
|    ep_len_mean          | 1e+03       |
|    ep_rew_mean          | 49          |
| time/                   |             |
|    fps                  | 640         |
|    iterations           | 20          |
|    time_elapsed         | 1           |
|    total_timesteps      | 1280        |
| train/                  |             |
|    approx_kl            | 0.016567089 |
|    clip_fraction        | 0.0859      |
|    clip_range           | 0.2         |
|    entropy_loss         | -3.15       |
|    explained_variance   | -16.4       |
|    learning_rate        | 0.0003      |
|    loss                 | -0.118      |
|    n_updates            | 190         |
|    policy_gradient_loss | -0.0385     |
|    value_loss           | 0.0152      |
-----------------------------------------
----------------------------------------
| rollout/                |            |
|    ep_len_mean          | 1e+03      |
|    ep_rew_mean          | 49         |
| time/                   |            |
|    fps                  | 640        |
|    iterations           | 21         |
|    time_elapsed         | 2          |
|    total_timesteps      | 1344       |
| train/                  |            |
|    approx_kl            | 0.01327873 |
|    clip_fraction        | 0.0672     |
|    clip_range           | 0.2        |
|    entropy_loss         | -3.16      |
|    explained_variance   | -27.2      |
|    learning_rate        | 0.0003     |
|    loss                 | -0.0868    |
|    n_updates            | 200        |
|    policy_gradient_loss | -0.0378    |
|    value_loss           | 0.0139     |
----------------------------------------
-----------------------------------------
| rollout/                |             |
|    ep_len_mean          | 1e+03       |
|    ep_rew_mean          | 49          |
| time/                   |             |
|    fps                  | 641         |
|    iterations           | 22          |
|    time_elapsed         | 2           |
|    total_timesteps      | 1408        |
| train/                  |             |
|    approx_kl            | 0.018922325 |
|    clip_fraction        | 0.138       |
|    clip_range           | 0.2         |
|    entropy_loss         | -3.17       |
|    explained_variance   | -46.4       |
|    learning_rate        | 0.0003      |
|    loss                 | -0.14       |
|    n_updates            | 210         |
|    policy_gradient_loss | -0.0589     |
|    value_loss           | 0.0201      |
-----------------------------------------
-----------------------------------------
| rollout/                |             |
|    ep_len_mean          | 1e+03       |
|    ep_rew_mean          | 49          |
| time/                   |             |
|    fps                  | 643         |
|    iterations           | 23          |
|    time_elapsed         | 2           |
|    total_timesteps      | 1472        |
| train/                  |             |
|    approx_kl            | 0.017848186 |
|    clip_fraction        | 0.147       |
|    clip_range           | 0.2         |
|    entropy_loss         | -3.17       |
|    explained_variance   | -2.7        |
|    learning_rate        | 0.0003      |
|    loss                 | -0.133      |
|    n_updates            | 220         |
|    policy_gradient_loss | -0.0467     |
|    value_loss           | 0.00864     |
-----------------------------------------
-----------------------------------------
| rollout/                |             |
|    ep_len_mean          | 1e+03       |
|    ep_rew_mean          | 49          |
| time/                   |             |
|    fps                  | 643         |
|    iterations           | 24          |
|    time_elapsed         | 2           |
|    total_timesteps      | 1536        |
| train/                  |             |
|    approx_kl            | 0.016484855 |
|    clip_fraction        | 0.111       |
|    clip_range           | 0.2         |
|    entropy_loss         | -3.16       |
|    explained_variance   | -3.47       |
|    learning_rate        | 0.0003      |
|    loss                 | -0.125      |
|    n_updates            | 230         |
|    policy_gradient_loss | -0.0407     |
|    value_loss           | 0.01        |
-----------------------------------------
----------------------------------------
| rollout/                |            |
|    ep_len_mean          | 1e+03      |
|    ep_rew_mean          | 49         |
| time/                   |            |
|    fps                  | 645        |
|    iterations           | 25         |
|    time_elapsed         | 2          |
|    total_timesteps      | 1600       |
| train/                  |            |
|    approx_kl            | 0.02060091 |
|    clip_fraction        | 0.138      |
|    clip_range           | 0.2        |
|    entropy_loss         | -3.16      |
|    explained_variance   | -1.78      |
|    learning_rate        | 0.0003     |
|    loss                 | -0.162     |
|    n_updates            | 240        |
|    policy_gradient_loss | -0.0556    |
|    value_loss           | 0.00891    |
----------------------------------------
-----------------------------------------
| rollout/                |             |
|    ep_len_mean          | 1e+03       |
|    ep_rew_mean          | 49          |
| time/                   |             |
|    fps                  | 646         |
|    iterations           | 26          |
|    time_elapsed         | 2           |
|    total_timesteps      | 1664        |
| train/                  |             |
|    approx_kl            | 0.019318674 |
|    clip_fraction        | 0.184       |
|    clip_range           | 0.2         |
|    entropy_loss         | -3.15       |
|    explained_variance   | -1.79       |
|    learning_rate        | 0.0003      |
|    loss                 | -0.0977     |
|    n_updates            | 250         |
|    policy_gradient_loss | -0.0613     |
|    value_loss           | 0.00837     |
-----------------------------------------
----------------------------------------
| rollout/                |            |
|    ep_len_mean          | 1e+03      |
|    ep_rew_mean          | 49         |
| time/                   |            |
|    fps                  | 646        |
|    iterations           | 27         |
|    time_elapsed         | 2          |
|    total_timesteps      | 1728       |
| train/                  |            |
|    approx_kl            | 0.02071319 |
|    clip_fraction        | 0.192      |
|    clip_range           | 0.2        |
|    entropy_loss         | -3.12      |
|    explained_variance   | -38.1      |
|    learning_rate        | 0.0003     |
|    loss                 | -0.144     |
|    n_updates            | 260        |
|    policy_gradient_loss | -0.0582    |
|    value_loss           | 0.00423    |
----------------------------------------
-----------------------------------------
| rollout/                |             |
|    ep_len_mean          | 1e+03       |
|    ep_rew_mean          | 49          |
| time/                   |             |
|    fps                  | 648         |
|    iterations           | 28          |
|    time_elapsed         | 2           |
|    total_timesteps      | 1792        |
| train/                  |             |
|    approx_kl            | 0.029036012 |
|    clip_fraction        | 0.239       |
|    clip_range           | 0.2         |
|    entropy_loss         | -3.15       |
|    explained_variance   | -37.5       |
|    learning_rate        | 0.0003      |
|    loss                 | -0.128      |
|    n_updates            | 270         |
|    policy_gradient_loss | -0.0587     |
|    value_loss           | 0.00459     |
-----------------------------------------
----------------------------------------
| rollout/                |            |
|    ep_len_mean          | 1e+03      |
|    ep_rew_mean          | 49         |
| time/                   |            |
|    fps                  | 650        |
|    iterations           | 29         |
|    time_elapsed         | 2          |
|    total_timesteps      | 1856       |
| train/                  |            |
|    approx_kl            | 0.02149783 |
|    clip_fraction        | 0.184      |
|    clip_range           | 0.2        |
|    entropy_loss         | -3.14      |
|    explained_variance   | -8.9       |
|    learning_rate        | 0.0003     |
|    loss                 | -0.133     |
|    n_updates            | 280        |
|    policy_gradient_loss | -0.0573    |
|    value_loss           | 0.003      |
----------------------------------------
----------------------------------------
| rollout/                |            |
|    ep_len_mean          | 1e+03      |
|    ep_rew_mean          | 49         |
| time/                   |            |
|    fps                  | 650        |
|    iterations           | 30         |
|    time_elapsed         | 2          |
|    total_timesteps      | 1920       |
| train/                  |            |
|    approx_kl            | 0.01778318 |
|    clip_fraction        | 0.114      |
|    clip_range           | 0.2        |
|    entropy_loss         | -3.13      |
|    explained_variance   | -21.6      |
|    learning_rate        | 0.0003     |
|    loss                 | -0.118     |
|    n_updates            | 290        |
|    policy_gradient_loss | -0.045     |
|    value_loss           | 0.00297    |
----------------------------------------
-----------------------------------------
| rollout/                |             |
|    ep_len_mean          | 1e+03       |
|    ep_rew_mean          | 49          |
| time/                   |             |
|    fps                  | 649         |
|    iterations           | 31          |
|    time_elapsed         | 3           |
|    total_timesteps      | 1984        |
| train/                  |             |
|    approx_kl            | 0.025025563 |
|    clip_fraction        | 0.18        |
|    clip_range           | 0.2         |
|    entropy_loss         | -3.07       |
|    explained_variance   | -0.281      |
|    learning_rate        | 0.0003      |
|    loss                 | -0.133      |
|    n_updates            | 300         |
|    policy_gradient_loss | -0.0547     |
|    value_loss           | 0.00045     |
-----------------------------------------
-----------------------------------------
| rollout/                |             |
|    ep_len_mean          | 1e+03       |
|    ep_rew_mean          | 49          |
| time/                   |             |
|    fps                  | 649         |
|    iterations           | 32          |
|    time_elapsed         | 3           |
|    total_timesteps      | 2048        |
| train/                  |             |
|    approx_kl            | 0.020296626 |
|    clip_fraction        | 0.266       |
|    clip_range           | 0.2         |
|    entropy_loss         | -3.01       |
|    explained_variance   | -2.52       |
|    learning_rate        | 0.0003      |
|    loss                 | -0.0206     |
|    n_updates            | 310         |
|    policy_gradient_loss | -0.048      |
|    value_loss           | 0.00179     |
-----------------------------------------
-----------------------------------------
| rollout/                |             |
|    ep_len_mean          | 1e+03       |
|    ep_rew_mean          | 49          |
| time/                   |             |
|    fps                  | 649         |
|    iterations           | 33          |
|    time_elapsed         | 3           |
|    total_timesteps      | 2112        |
| train/                  |             |
|    approx_kl            | 0.010416356 |
|    clip_fraction        | 0.0719      |
|    clip_range           | 0.2         |
|    entropy_loss         | -3.04       |
|    explained_variance   | 0.00498     |
|    learning_rate        | 0.0003      |
|    loss                 | 0.257       |
|    n_updates            | 320         |
|    policy_gradient_loss | -0.0318     |
|    value_loss           | 1.89        |
-----------------------------------------
-----------------------------------------
| rollout/                |             |
|    ep_len_mean          | 1e+03       |
|    ep_rew_mean          | 49          |
| time/                   |             |
|    fps                  | 650         |
|    iterations           | 34          |
|    time_elapsed         | 3           |
|    total_timesteps      | 2176        |
| train/                  |             |
|    approx_kl            | 0.014136994 |
|    clip_fraction        | 0.125       |
|    clip_range           | 0.2         |
|    entropy_loss         | -3.04       |
|    explained_variance   | -1.98       |
|    learning_rate        | 0.0003      |
|    loss                 | -0.061      |
|    n_updates            | 330         |
|    policy_gradient_loss | -0.0422     |
|    value_loss           | 0.0242      |
-----------------------------------------
----------------------------------------
| rollout/                |            |
|    ep_len_mean          | 1e+03      |
|    ep_rew_mean          | 49         |
| time/                   |            |
|    fps                  | 650        |
|    iterations           | 35         |
|    time_elapsed         | 3          |
|    total_timesteps      | 2240       |
| train/                  |            |
|    approx_kl            | 0.01765339 |
|    clip_fraction        | 0.139      |
|    clip_range           | 0.2        |
|    entropy_loss         | -2.98      |
|    explained_variance   | -29.1      |
|    learning_rate        | 0.0003     |
|    loss                 | -0.116     |
|    n_updates            | 340        |
|    policy_gradient_loss | -0.0503    |
|    value_loss           | 0.0116     |
----------------------------------------
-----------------------------------------
| rollout/                |             |
|    ep_len_mean          | 1e+03       |
|    ep_rew_mean          | 49          |
| time/                   |             |
|    fps                  | 650         |
|    iterations           | 36          |
|    time_elapsed         | 3           |
|    total_timesteps      | 2304        |
| train/                  |             |
|    approx_kl            | 0.022918738 |
|    clip_fraction        | 0.189       |
|    clip_range           | 0.2         |
|    entropy_loss         | -2.96       |
|    explained_variance   | -28.2       |
|    learning_rate        | 0.0003      |
|    loss                 | -0.0917     |
|    n_updates            | 350         |
|    policy_gradient_loss | -0.0545     |
|    value_loss           | 0.0125      |
-----------------------------------------
----------------------------------------
| rollout/                |            |
|    ep_len_mean          | 1e+03      |
|    ep_rew_mean          | 49         |
| time/                   |            |
|    fps                  | 651        |
|    iterations           | 37         |
|    time_elapsed         | 3          |
|    total_timesteps      | 2368       |
| train/                  |            |
|    approx_kl            | 0.01588652 |
|    clip_fraction        | 0.0828     |
|    clip_range           | 0.2        |
|    entropy_loss         | -2.97      |
|    explained_variance   | -22        |
|    learning_rate        | 0.0003     |
|    loss                 | -0.0989    |
|    n_updates            | 360        |
|    policy_gradient_loss | -0.0396    |
|    value_loss           | 0.00742    |
----------------------------------------
-----------------------------------------
| rollout/                |             |
|    ep_len_mean          | 1e+03       |
|    ep_rew_mean          | 49          |
| time/                   |             |
|    fps                  | 652         |
|    iterations           | 38          |
|    time_elapsed         | 3           |
|    total_timesteps      | 2432        |
| train/                  |             |
|    approx_kl            | 0.016645784 |
|    clip_fraction        | 0.119       |
|    clip_range           | 0.2         |
|    entropy_loss         | -2.96       |
|    explained_variance   | -2.55       |
|    learning_rate        | 0.0003      |
|    loss                 | -0.0938     |
|    n_updates            | 370         |
|    policy_gradient_loss | -0.0344     |
|    value_loss           | 0.00163     |
-----------------------------------------
-----------------------------------------
| rollout/                |             |
|    ep_len_mean          | 1e+03       |
|    ep_rew_mean          | 49          |
| time/                   |             |
|    fps                  | 653         |
|    iterations           | 39          |
|    time_elapsed         | 3           |
|    total_timesteps      | 2496        |
| train/                  |             |
|    approx_kl            | 0.019606996 |
|    clip_fraction        | 0.183       |
|    clip_range           | 0.2         |
|    entropy_loss         | -2.94       |
|    explained_variance   | -2.68       |
|    learning_rate        | 0.0003      |
|    loss                 | -0.102      |
|    n_updates            | 380         |
|    policy_gradient_loss | -0.0339     |
|    value_loss           | 0.00124     |
-----------------------------------------
-----------------------------------------
| rollout/                |             |
|    ep_len_mean          | 1e+03       |
|    ep_rew_mean          | 49          |
| time/                   |             |
|    fps                  | 654         |
|    iterations           | 40          |
|    time_elapsed         | 3           |
|    total_timesteps      | 2560        |
| train/                  |             |
|    approx_kl            | 0.028529014 |
|    clip_fraction        | 0.281       |
|    clip_range           | 0.2         |
|    entropy_loss         | -2.98       |
|    explained_variance   | -0.818      |
|    learning_rate        | 0.0003      |
|    loss                 | -0.0592     |
|    n_updates            | 390         |
|    policy_gradient_loss | -0.0508     |
|    value_loss           | 0.000993    |
-----------------------------------------
-----------------------------------------
| rollout/                |             |
|    ep_len_mean          | 1e+03       |
|    ep_rew_mean          | 49          |
| time/                   |             |
|    fps                  | 653         |
|    iterations           | 41          |
|    time_elapsed         | 4           |
|    total_timesteps      | 2624        |
| train/                  |             |
|    approx_kl            | 0.020903565 |
|    clip_fraction        | 0.189       |
|    clip_range           | 0.2         |
|    entropy_loss         | -2.99       |
|    explained_variance   | -1.66       |
|    learning_rate        | 0.0003      |
|    loss                 | -0.076      |
|    n_updates            | 400         |
|    policy_gradient_loss | -0.048      |
|    value_loss           | 0.00539     |
-----------------------------------------
----------------------------------------
| rollout/                |            |
|    ep_len_mean          | 1e+03      |
|    ep_rew_mean          | 49         |
| time/                   |            |
|    fps                  | 653        |
|    iterations           | 42         |
|    time_elapsed         | 4          |
|    total_timesteps      | 2688       |
| train/                  |            |
|    approx_kl            | 0.03218553 |
|    clip_fraction        | 0.234      |
|    clip_range           | 0.2        |
|    entropy_loss         | -2.99      |
|    explained_variance   | -5.08      |
|    learning_rate        | 0.0003     |
|    loss                 | -0.0874    |
|    n_updates            | 410        |
|    policy_gradient_loss | -0.0566    |
|    value_loss           | 0.0028     |
----------------------------------------
-----------------------------------------
| rollout/                |             |
|    ep_len_mean          | 1e+03       |
|    ep_rew_mean          | 49          |
| time/                   |             |
|    fps                  | 653         |
|    iterations           | 43          |
|    time_elapsed         | 4           |
|    total_timesteps      | 2752        |
| train/                  |             |
|    approx_kl            | 0.022266965 |
|    clip_fraction        | 0.197       |
|    clip_range           | 0.2         |
|    entropy_loss         | -3.01       |
|    explained_variance   | -3.22       |
|    learning_rate        | 0.0003      |
|    loss                 | -0.123      |
|    n_updates            | 420         |
|    policy_gradient_loss | -0.0473     |
|    value_loss           | 0.000989    |
-----------------------------------------
-----------------------------------------
| rollout/                |             |
|    ep_len_mean          | 1e+03       |
|    ep_rew_mean          | 49          |
| time/                   |             |
|    fps                  | 653         |
|    iterations           | 44          |
|    time_elapsed         | 4           |
|    total_timesteps      | 2816        |
| train/                  |             |
|    approx_kl            | 0.012693305 |
|    clip_fraction        | 0.0953      |
|    clip_range           | 0.2         |
|    entropy_loss         | -3.01       |
|    explained_variance   | -8.26       |
|    learning_rate        | 0.0003      |
|    loss                 | -0.0475     |
|    n_updates            | 430         |
|    policy_gradient_loss | -0.0163     |
|    value_loss           | 0.000894    |
-----------------------------------------
----------------------------------------
| rollout/                |            |
|    ep_len_mean          | 1e+03      |
|    ep_rew_mean          | 49         |
| time/                   |            |
|    fps                  | 653        |
|    iterations           | 45         |
|    time_elapsed         | 4          |
|    total_timesteps      | 2880       |
| train/                  |            |
|    approx_kl            | 0.01549549 |
|    clip_fraction        | 0.131      |
|    clip_range           | 0.2        |
|    entropy_loss         | -3.03      |
|    explained_variance   | -3.47      |
|    learning_rate        | 0.0003     |
|    loss                 | -0.115     |
|    n_updates            | 440        |
|    policy_gradient_loss | -0.0422    |
|    value_loss           | 0.00231    |
----------------------------------------
------------------------------------------
| rollout/                |              |
|    ep_len_mean          | 1e+03        |
|    ep_rew_mean          | 49           |
| time/                   |              |
|    fps                  | 653          |
|    iterations           | 46           |
|    time_elapsed         | 4            |
|    total_timesteps      | 2944         |
| train/                  |              |
|    approx_kl            | 0.0120634055 |
|    clip_fraction        | 0.0641       |
|    clip_range           | 0.2          |
|    entropy_loss         | -2.97        |
|    explained_variance   | -2.25        |
|    learning_rate        | 0.0003       |
|    loss                 | -0.064       |
|    n_updates            | 450          |
|    policy_gradient_loss | -0.0328      |
|    value_loss           | 0.00309      |
------------------------------------------
-----------------------------------------
| rollout/                |             |
|    ep_len_mean          | 1e+03       |
|    ep_rew_mean          | 49          |
| time/                   |             |
|    fps                  | 653         |
|    iterations           | 47          |
|    time_elapsed         | 4           |
|    total_timesteps      | 3008        |
| train/                  |             |
|    approx_kl            | 0.022462066 |
|    clip_fraction        | 0.233       |
|    clip_range           | 0.2         |
|    entropy_loss         | -3          |
|    explained_variance   | -22.6       |
|    learning_rate        | 0.0003      |
|    loss                 | -0.12       |
|    n_updates            | 460         |
|    policy_gradient_loss | -0.0587     |
|    value_loss           | 0.00238     |
-----------------------------------------
-----------------------------------------
| rollout/                |             |
|    ep_len_mean          | 1e+03       |
|    ep_rew_mean          | 49          |
| time/                   |             |
|    fps                  | 654         |
|    iterations           | 48          |
|    time_elapsed         | 4           |
|    total_timesteps      | 3072        |
| train/                  |             |
|    approx_kl            | 0.010435608 |
|    clip_fraction        | 0.0484      |
|    clip_range           | 0.2         |
|    entropy_loss         | -2.99       |
|    explained_variance   | 0.00352     |
|    learning_rate        | 0.0003      |
|    loss                 | 0.501       |
|    n_updates            | 470         |
|    policy_gradient_loss | -0.0302     |
|    value_loss           | 1.69        |
-----------------------------------------
----------------------------------------
| rollout/                |            |
|    ep_len_mean          | 1e+03      |
|    ep_rew_mean          | 49         |
| time/                   |            |
|    fps                  | 654        |
|    iterations           | 49         |
|    time_elapsed         | 4          |
|    total_timesteps      | 3136       |
| train/                  |            |
|    approx_kl            | 0.01779652 |
|    clip_fraction        | 0.111      |
|    clip_range           | 0.2        |
|    entropy_loss         | -3.03      |
|    explained_variance   | -21.5      |
|    learning_rate        | 0.0003     |
|    loss                 | -0.0873    |
|    n_updates            | 480        |
|    policy_gradient_loss | -0.0465    |
|    value_loss           | 0.0753     |
----------------------------------------
----------------------------------------
| rollout/                |            |
|    ep_len_mean          | 1e+03      |
|    ep_rew_mean          | 49         |
| time/                   |            |
|    fps                  | 654        |
|    iterations           | 50         |
|    time_elapsed         | 4          |
|    total_timesteps      | 3200       |
| train/                  |            |
|    approx_kl            | 0.01683329 |
|    clip_fraction        | 0.136      |
|    clip_range           | 0.2        |
|    entropy_loss         | -2.99      |
|    explained_variance   | -26.7      |
|    learning_rate        | 0.0003     |
|    loss                 | -0.083     |
|    n_updates            | 490        |
|    policy_gradient_loss | -0.0449    |
|    value_loss           | 0.0217     |
----------------------------------------
-----------------------------------------
| rollout/                |             |
|    ep_len_mean          | 1e+03       |
|    ep_rew_mean          | 49          |
| time/                   |             |
|    fps                  | 655         |
|    iterations           | 51          |
|    time_elapsed         | 4           |
|    total_timesteps      | 3264        |
| train/                  |             |
|    approx_kl            | 0.017763577 |
|    clip_fraction        | 0.133       |
|    clip_range           | 0.2         |
|    entropy_loss         | -2.95       |
|    explained_variance   | -2.44       |
|    learning_rate        | 0.0003      |
|    loss                 | -0.0649     |
|    n_updates            | 500         |
|    policy_gradient_loss | -0.0322     |
|    value_loss           | 0.00488     |
-----------------------------------------
---------------------------------------
| rollout/                |           |
|    ep_len_mean          | 1e+03     |
|    ep_rew_mean          | 49        |
| time/                   |           |
|    fps                  | 654       |
|    iterations           | 52        |
|    time_elapsed         | 5         |
|    total_timesteps      | 3328      |
| train/                  |           |
|    approx_kl            | 0.0308473 |
|    clip_fraction        | 0.236     |
|    clip_range           | 0.2       |
|    entropy_loss         | -2.93     |
|    explained_variance   | -0.634    |
|    learning_rate        | 0.0003    |
|    loss                 | -0.0939   |
|    n_updates            | 510       |
|    policy_gradient_loss | -0.0533   |
|    value_loss           | 0.00591   |
---------------------------------------
-----------------------------------------
| rollout/                |             |
|    ep_len_mean          | 1e+03       |
|    ep_rew_mean          | 49          |
| time/                   |             |
|    fps                  | 655         |
|    iterations           | 53          |
|    time_elapsed         | 5           |
|    total_timesteps      | 3392        |
| train/                  |             |
|    approx_kl            | 0.019278698 |
|    clip_fraction        | 0.123       |
|    clip_range           | 0.2         |
|    entropy_loss         | -2.93       |
|    explained_variance   | -13.8       |
|    learning_rate        | 0.0003      |
|    loss                 | -0.0681     |
|    n_updates            | 520         |
|    policy_gradient_loss | -0.042      |
|    value_loss           | 0.00593     |
-----------------------------------------
-----------------------------------------
| rollout/                |             |
|    ep_len_mean          | 1e+03       |
|    ep_rew_mean          | 49          |
| time/                   |             |
|    fps                  | 654         |
|    iterations           | 54          |
|    time_elapsed         | 5           |
|    total_timesteps      | 3456        |
| train/                  |             |
|    approx_kl            | 0.013165716 |
|    clip_fraction        | 0.0891      |
|    clip_range           | 0.2         |
|    entropy_loss         | -2.9        |
|    explained_variance   | -1.14       |
|    learning_rate        | 0.0003      |
|    loss                 | -0.083      |
|    n_updates            | 530         |
|    policy_gradient_loss | -0.0317     |
|    value_loss           | 0.0031      |
-----------------------------------------
-----------------------------------------
| rollout/                |             |
|    ep_len_mean          | 1e+03       |
|    ep_rew_mean          | 49          |
| time/                   |             |
|    fps                  | 654         |
|    iterations           | 55          |
|    time_elapsed         | 5           |
|    total_timesteps      | 3520        |
| train/                  |             |
|    approx_kl            | 0.023761142 |
|    clip_fraction        | 0.255       |
|    clip_range           | 0.2         |
|    entropy_loss         | -2.96       |
|    explained_variance   | -0.551      |
|    learning_rate        | 0.0003      |
|    loss                 | -0.123      |
|    n_updates            | 540         |
|    policy_gradient_loss | -0.0591     |
|    value_loss           | 0.00223     |
-----------------------------------------
-----------------------------------------
| rollout/                |             |
|    ep_len_mean          | 1e+03       |
|    ep_rew_mean          | 49          |
| time/                   |             |
|    fps                  | 655         |
|    iterations           | 56          |
|    time_elapsed         | 5           |
|    total_timesteps      | 3584        |
| train/                  |             |
|    approx_kl            | 0.017265873 |
|    clip_fraction        | 0.131       |
|    clip_range           | 0.2         |
|    entropy_loss         | -2.93       |
|    explained_variance   | -1.23       |
|    learning_rate        | 0.0003      |
|    loss                 | -0.0529     |
|    n_updates            | 550         |
|    policy_gradient_loss | -0.0411     |
|    value_loss           | 0.00237     |
-----------------------------------------
---------------------------------------
| rollout/                |           |
|    ep_len_mean          | 1e+03     |
|    ep_rew_mean          | 49        |
| time/                   |           |
|    fps                  | 655       |
|    iterations           | 57        |
|    time_elapsed         | 5         |
|    total_timesteps      | 3648      |
| train/                  |           |
|    approx_kl            | 0.0246319 |
|    clip_fraction        | 0.252     |
|    clip_range           | 0.2       |
|    entropy_loss         | -2.97     |
|    explained_variance   | -0.736    |
|    learning_rate        | 0.0003    |
|    loss                 | -0.121    |
|    n_updates            | 560       |
|    policy_gradient_loss | -0.0483   |
|    value_loss           | 0.000809  |
---------------------------------------
----------------------------------------
| rollout/                |            |
|    ep_len_mean          | 1e+03      |
|    ep_rew_mean          | 49         |
| time/                   |            |
|    fps                  | 655        |
|    iterations           | 58         |
|    time_elapsed         | 5          |
|    total_timesteps      | 3712       |
| train/                  |            |
|    approx_kl            | 0.03094648 |
|    clip_fraction        | 0.277      |
|    clip_range           | 0.2        |
|    entropy_loss         | -2.99      |
|    explained_variance   | -0.508     |
|    learning_rate        | 0.0003     |
|    loss                 | -0.132     |
|    n_updates            | 570        |
|    policy_gradient_loss | -0.051     |
|    value_loss           | 0.000691   |
----------------------------------------
-----------------------------------------
| rollout/                |             |
|    ep_len_mean          | 1e+03       |
|    ep_rew_mean          | 49          |
| time/                   |             |
|    fps                  | 656         |
|    iterations           | 59          |
|    time_elapsed         | 5           |
|    total_timesteps      | 3776        |
| train/                  |             |
|    approx_kl            | 0.027867267 |
|    clip_fraction        | 0.242       |
|    clip_range           | 0.2         |
|    entropy_loss         | -3          |
|    explained_variance   | -12.5       |
|    learning_rate        | 0.0003      |
|    loss                 | -0.134      |
|    n_updates            | 580         |
|    policy_gradient_loss | -0.0585     |
|    value_loss           | 0.001       |
-----------------------------------------
-----------------------------------------
| rollout/                |             |
|    ep_len_mean          | 1e+03       |
|    ep_rew_mean          | 49          |
| time/                   |             |
|    fps                  | 656         |
|    iterations           | 60          |
|    time_elapsed         | 5           |
|    total_timesteps      | 3840        |
| train/                  |             |
|    approx_kl            | 0.022947121 |
|    clip_fraction        | 0.188       |
|    clip_range           | 0.2         |
|    entropy_loss         | -2.99       |
|    explained_variance   | -2.72       |
|    learning_rate        | 0.0003      |
|    loss                 | -0.115      |
|    n_updates            | 590         |
|    policy_gradient_loss | -0.0509     |
|    value_loss           | 0.00133     |
-----------------------------------------
----------------------------------------
| rollout/                |            |
|    ep_len_mean          | 1e+03      |
|    ep_rew_mean          | 49         |
| time/                   |            |
|    fps                  | 655        |
|    iterations           | 61         |
|    time_elapsed         | 5          |
|    total_timesteps      | 3904       |
| train/                  |            |
|    approx_kl            | 0.02530393 |
|    clip_fraction        | 0.181      |
|    clip_range           | 0.2        |
|    entropy_loss         | -2.99      |
|    explained_variance   | -19.6      |
|    learning_rate        | 0.0003     |
|    loss                 | -0.118     |
|    n_updates            | 600        |
|    policy_gradient_loss | -0.0506    |
|    value_loss           | 0.00146    |
----------------------------------------
-----------------------------------------
| rollout/                |             |
|    ep_len_mean          | 1e+03       |
|    ep_rew_mean          | 49          |
| time/                   |             |
|    fps                  | 657         |
|    iterations           | 62          |
|    time_elapsed         | 6           |
|    total_timesteps      | 3968        |
| train/                  |             |
|    approx_kl            | 0.017780986 |
|    clip_fraction        | 0.145       |
|    clip_range           | 0.2         |
|    entropy_loss         | -2.95       |
|    explained_variance   | -31         |
|    learning_rate        | 0.0003      |
|    loss                 | -0.0991     |
|    n_updates            | 610         |
|    policy_gradient_loss | -0.0365     |
|    value_loss           | 0.00416     |
-----------------------------------------
-----------------------------------------
| rollout/                |             |
|    ep_len_mean          | 1e+03       |
|    ep_rew_mean          | 49          |
| time/                   |             |
|    fps                  | 657         |
|    iterations           | 63          |
|    time_elapsed         | 6           |
|    total_timesteps      | 4032        |
| train/                  |             |
|    approx_kl            | 0.017009001 |
|    clip_fraction        | 0.1         |
|    clip_range           | 0.2         |
|    entropy_loss         | -2.88       |
|    explained_variance   | -7.38       |
|    learning_rate        | 0.0003      |
|    loss                 | -0.0858     |
|    n_updates            | 620         |
|    policy_gradient_loss | -0.0292     |
|    value_loss           | 0.00301     |
-----------------------------------------
-----------------------------------------
| rollout/                |             |
|    ep_len_mean          | 1e+03       |
|    ep_rew_mean          | 49          |
| time/                   |             |
|    fps                  | 658         |
|    iterations           | 64          |
|    time_elapsed         | 6           |
|    total_timesteps      | 4096        |
| train/                  |             |
|    approx_kl            | 0.014787034 |
|    clip_fraction        | 0.0797      |
|    clip_range           | 0.2         |
|    entropy_loss         | -2.78       |
|    explained_variance   | -0.00413    |
|    learning_rate        | 0.0003      |
|    loss                 | 0.643       |
|    n_updates            | 630         |
|    policy_gradient_loss | -0.0264     |
|    value_loss           | 2.02        |
-----------------------------------------
-----------------------------------------
| rollout/                |             |
|    ep_len_mean          | 1e+03       |
|    ep_rew_mean          | 49          |
| time/                   |             |
|    fps                  | 658         |
|    iterations           | 65          |
|    time_elapsed         | 6           |
|    total_timesteps      | 4160        |
| train/                  |             |
|    approx_kl            | 0.023324147 |
|    clip_fraction        | 0.255       |
|    clip_range           | 0.2         |
|    entropy_loss         | -2.78       |
|    explained_variance   | -5.79       |
|    learning_rate        | 0.0003      |
|    loss                 | -0.0818     |
|    n_updates            | 640         |
|    policy_gradient_loss | -0.038      |
|    value_loss           | 0.00464     |
-----------------------------------------
-----------------------------------------
| rollout/                |             |
|    ep_len_mean          | 1e+03       |
|    ep_rew_mean          | 49          |
| time/                   |             |
|    fps                  | 658         |
|    iterations           | 66          |
|    time_elapsed         | 6           |
|    total_timesteps      | 4224        |
| train/                  |             |
|    approx_kl            | 0.019225445 |
|    clip_fraction        | 0.188       |
|    clip_range           | 0.2         |
|    entropy_loss         | -2.73       |
|    explained_variance   | -0.123      |
|    learning_rate        | 0.0003      |
|    loss                 | -0.087      |
|    n_updates            | 650         |
|    policy_gradient_loss | -0.0323     |
|    value_loss           | 0.00351     |
-----------------------------------------
-----------------------------------------
| rollout/                |             |
|    ep_len_mean          | 1e+03       |
|    ep_rew_mean          | 49          |
| time/                   |             |
|    fps                  | 658         |
|    iterations           | 67          |
|    time_elapsed         | 6           |
|    total_timesteps      | 4288        |
| train/                  |             |
|    approx_kl            | 0.018962923 |
|    clip_fraction        | 0.202       |
|    clip_range           | 0.2         |
|    entropy_loss         | -2.75       |
|    explained_variance   | -0.146      |
|    learning_rate        | 0.0003      |
|    loss                 | -0.0566     |
|    n_updates            | 660         |
|    policy_gradient_loss | -0.0299     |
|    value_loss           | 0.00287     |
-----------------------------------------
-----------------------------------------
| rollout/                |             |
|    ep_len_mean          | 1e+03       |
|    ep_rew_mean          | 49          |
| time/                   |             |
|    fps                  | 658         |
|    iterations           | 68          |
|    time_elapsed         | 6           |
|    total_timesteps      | 4352        |
| train/                  |             |
|    approx_kl            | 0.019809892 |
|    clip_fraction        | 0.23        |
|    clip_range           | 0.2         |
|    entropy_loss         | -2.75       |
|    explained_variance   | 0.117       |
|    learning_rate        | 0.0003      |
|    loss                 | -0.113      |
|    n_updates            | 670         |
|    policy_gradient_loss | -0.0358     |
|    value_loss           | 0.00227     |
-----------------------------------------
-----------------------------------------
| rollout/                |             |
|    ep_len_mean          | 1e+03       |
|    ep_rew_mean          | 49          |
| time/                   |             |
|    fps                  | 658         |
|    iterations           | 69          |
|    time_elapsed         | 6           |
|    total_timesteps      | 4416        |
| train/                  |             |
|    approx_kl            | 0.025368672 |
|    clip_fraction        | 0.212       |
|    clip_range           | 0.2         |
|    entropy_loss         | -2.79       |
|    explained_variance   | 0.0266      |
|    learning_rate        | 0.0003      |
|    loss                 | -0.1        |
|    n_updates            | 680         |
|    policy_gradient_loss | -0.0299     |
|    value_loss           | 0.00172     |
-----------------------------------------
-----------------------------------------
| rollout/                |             |
|    ep_len_mean          | 1e+03       |
|    ep_rew_mean          | 49          |
| time/                   |             |
|    fps                  | 658         |
|    iterations           | 70          |
|    time_elapsed         | 6           |
|    total_timesteps      | 4480        |
| train/                  |             |
|    approx_kl            | 0.016594842 |
|    clip_fraction        | 0.127       |
|    clip_range           | 0.2         |
|    entropy_loss         | -2.82       |
|    explained_variance   | -0.0425     |
|    learning_rate        | 0.0003      |
|    loss                 | -0.0941     |
|    n_updates            | 690         |
|    policy_gradient_loss | -0.0258     |
|    value_loss           | 0.00137     |
-----------------------------------------
-----------------------------------------
| rollout/                |             |
|    ep_len_mean          | 1e+03       |
|    ep_rew_mean          | 49          |
| time/                   |             |
|    fps                  | 658         |
|    iterations           | 71          |
|    time_elapsed         | 6           |
|    total_timesteps      | 4544        |
| train/                  |             |
|    approx_kl            | 0.029323634 |
|    clip_fraction        | 0.223       |
|    clip_range           | 0.2         |
|    entropy_loss         | -2.77       |
|    explained_variance   | -0.85       |
|    learning_rate        | 0.0003      |
|    loss                 | -0.13       |
|    n_updates            | 700         |
|    policy_gradient_loss | -0.0471     |
|    value_loss           | 0.00124     |
-----------------------------------------
-----------------------------------------
| rollout/                |             |
|    ep_len_mean          | 1e+03       |
|    ep_rew_mean          | 49          |
| time/                   |             |
|    fps                  | 658         |
|    iterations           | 72          |
|    time_elapsed         | 6           |
|    total_timesteps      | 4608        |
| train/                  |             |
|    approx_kl            | 0.016735416 |
|    clip_fraction        | 0.202       |
|    clip_range           | 0.2         |
|    entropy_loss         | -2.69       |
|    explained_variance   | -0.0717     |
|    learning_rate        | 0.0003      |
|    loss                 | -0.134      |
|    n_updates            | 710         |
|    policy_gradient_loss | -0.0392     |
|    value_loss           | 0.000683    |
-----------------------------------------
----------------------------------------
| rollout/                |            |
|    ep_len_mean          | 1e+03      |
|    ep_rew_mean          | 49         |
| time/                   |            |
|    fps                  | 658        |
|    iterations           | 73         |
|    time_elapsed         | 7          |
|    total_timesteps      | 4672       |
| train/                  |            |
|    approx_kl            | 0.02137585 |
|    clip_fraction        | 0.156      |
|    clip_range           | 0.2        |
|    entropy_loss         | -2.65      |
|    explained_variance   | -0.157     |
|    learning_rate        | 0.0003     |
|    loss                 | -0.102     |
|    n_updates            | 720        |
|    policy_gradient_loss | -0.03      |
|    value_loss           | 0.000557   |
----------------------------------------
-----------------------------------------
| rollout/                |             |
|    ep_len_mean          | 1e+03       |
|    ep_rew_mean          | 49          |
| time/                   |             |
|    fps                  | 658         |
|    iterations           | 74          |
|    time_elapsed         | 7           |
|    total_timesteps      | 4736        |
| train/                  |             |
|    approx_kl            | 0.015875038 |
|    clip_fraction        | 0.0656      |
|    clip_range           | 0.2         |
|    entropy_loss         | -2.63       |
|    explained_variance   | 0.00577     |
|    learning_rate        | 0.0003      |
|    loss                 | -0.0934     |
|    n_updates            | 730         |
|    policy_gradient_loss | -0.0192     |
|    value_loss           | 0.000397    |
-----------------------------------------
-----------------------------------------
| rollout/                |             |
|    ep_len_mean          | 1e+03       |
|    ep_rew_mean          | 49          |
| time/                   |             |
|    fps                  | 658         |
|    iterations           | 75          |
|    time_elapsed         | 7           |
|    total_timesteps      | 4800        |
| train/                  |             |
|    approx_kl            | 0.021027964 |
|    clip_fraction        | 0.161       |
|    clip_range           | 0.2         |
|    entropy_loss         | -2.65       |
|    explained_variance   | -0.0988     |
|    learning_rate        | 0.0003      |
|    loss                 | -0.0902     |
|    n_updates            | 740         |
|    policy_gradient_loss | -0.0333     |
|    value_loss           | 0.000306    |
-----------------------------------------
----------------------------------------
| rollout/                |            |
|    ep_len_mean          | 1e+03      |
|    ep_rew_mean          | 49         |
| time/                   |            |
|    fps                  | 658        |
|    iterations           | 76         |
|    time_elapsed         | 7          |
|    total_timesteps      | 4864       |
| train/                  |            |
|    approx_kl            | 0.01848799 |
|    clip_fraction        | 0.186      |
|    clip_range           | 0.2        |
|    entropy_loss         | -2.65      |
|    explained_variance   | -0.0951    |
|    learning_rate        | 0.0003     |
|    loss                 | -0.0573    |
|    n_updates            | 750        |
|    policy_gradient_loss | -0.03      |
|    value_loss           | 0.000248   |
----------------------------------------
-----------------------------------------
| rollout/                |             |
|    ep_len_mean          | 1e+03       |
|    ep_rew_mean          | 49          |
| time/                   |             |
|    fps                  | 658         |
|    iterations           | 77          |
|    time_elapsed         | 7           |
|    total_timesteps      | 4928        |
| train/                  |             |
|    approx_kl            | 0.021217177 |
|    clip_fraction        | 0.106       |
|    clip_range           | 0.2         |
|    entropy_loss         | -2.69       |
|    explained_variance   | -1.26       |
|    learning_rate        | 0.0003      |
|    loss                 | -0.0515     |
|    n_updates            | 760         |
|    policy_gradient_loss | -0.0277     |
|    value_loss           | 0.000244    |
-----------------------------------------
-----------------------------------------
| rollout/                |             |
|    ep_len_mean          | 1e+03       |
|    ep_rew_mean          | 49          |
| time/                   |             |
|    fps                  | 658         |
|    iterations           | 78          |
|    time_elapsed         | 7           |
|    total_timesteps      | 4992        |
| train/                  |             |
|    approx_kl            | 0.026614761 |
|    clip_fraction        | 0.298       |
|    clip_range           | 0.2         |
|    entropy_loss         | -2.71       |
|    explained_variance   | 0.0501      |
|    learning_rate        | 0.0003      |
|    loss                 | -0.11       |
|    n_updates            | 770         |
|    policy_gradient_loss | -0.0514     |
|    value_loss           | 0.000119    |
-----------------------------------------
----------------------------------------
| rollout/                |            |
|    ep_len_mean          | 1e+03      |
|    ep_rew_mean          | 49         |
| time/                   |            |
|    fps                  | 658        |
|    iterations           | 79         |
|    time_elapsed         | 7          |
|    total_timesteps      | 5056       |
| train/                  |            |
|    approx_kl            | 0.02089187 |
|    clip_fraction        | 0.194      |
|    clip_range           | 0.2        |
|    entropy_loss         | -2.68      |
|    explained_variance   | -0.72      |
|    learning_rate        | 0.0003     |
|    loss                 | -0.0853    |
|    n_updates            | 780        |
|    policy_gradient_loss | -0.04      |
|    value_loss           | 8.26e-05   |
----------------------------------------
-----------------------------------------
| rollout/                |             |
|    ep_len_mean          | 1e+03       |
|    ep_rew_mean          | 49          |
| time/                   |             |
|    fps                  | 658         |
|    iterations           | 80          |
|    time_elapsed         | 7           |
|    total_timesteps      | 5120        |
| train/                  |             |
|    approx_kl            | 0.018052682 |
|    clip_fraction        | 0.177       |
|    clip_range           | 0.2         |
|    entropy_loss         | -2.67       |
|    explained_variance   | -5.56e-05   |
|    learning_rate        | 0.0003      |
|    loss                 | 0.52        |
|    n_updates            | 790         |
|    policy_gradient_loss | -0.0307     |
|    value_loss           | 1.71        |
-----------------------------------------
-----------------------------------------
| rollout/                |             |
|    ep_len_mean          | 1e+03       |
|    ep_rew_mean          | 49          |
| time/                   |             |
|    fps                  | 658         |
|    iterations           | 81          |
|    time_elapsed         | 7           |
|    total_timesteps      | 5184        |
| train/                  |             |
|    approx_kl            | 0.026043033 |
|    clip_fraction        | 0.275       |
|    clip_range           | 0.2         |
|    entropy_loss         | -2.75       |
|    explained_variance   | 0.00672     |
|    learning_rate        | 0.0003      |
|    loss                 | -0.0717     |
|    n_updates            | 800         |
|    policy_gradient_loss | -0.0374     |
|    value_loss           | 0.00135     |
-----------------------------------------
-----------------------------------------
| rollout/                |             |
|    ep_len_mean          | 1e+03       |
|    ep_rew_mean          | 49          |
| time/                   |             |
|    fps                  | 659         |
|    iterations           | 82          |
|    time_elapsed         | 7           |
|    total_timesteps      | 5248        |
| train/                  |             |
|    approx_kl            | 0.023127064 |
|    clip_fraction        | 0.245       |
|    clip_range           | 0.2         |
|    entropy_loss         | -2.76       |
|    explained_variance   | -0.013      |
|    learning_rate        | 0.0003      |
|    loss                 | -0.067      |
|    n_updates            | 810         |
|    policy_gradient_loss | -0.049      |
|    value_loss           | 0.00101     |
-----------------------------------------
-----------------------------------------
| rollout/                |             |
|    ep_len_mean          | 1e+03       |
|    ep_rew_mean          | 49          |
| time/                   |             |
|    fps                  | 659         |
|    iterations           | 83          |
|    time_elapsed         | 8           |
|    total_timesteps      | 5312        |
| train/                  |             |
|    approx_kl            | 0.024200369 |
|    clip_fraction        | 0.189       |
|    clip_range           | 0.2         |
|    entropy_loss         | -2.73       |
|    explained_variance   | -0.117      |
|    learning_rate        | 0.0003      |
|    loss                 | -0.0698     |
|    n_updates            | 820         |
|    policy_gradient_loss | -0.0477     |
|    value_loss           | 0.000724    |
-----------------------------------------
----------------------------------------
| rollout/                |            |
|    ep_len_mean          | 1e+03      |
|    ep_rew_mean          | 49         |
| time/                   |            |
|    fps                  | 659        |
|    iterations           | 84         |
|    time_elapsed         | 8          |
|    total_timesteps      | 5376       |
| train/                  |            |
|    approx_kl            | 0.02910425 |
|    clip_fraction        | 0.209      |
|    clip_range           | 0.2        |
|    entropy_loss         | -2.72      |
|    explained_variance   | 0.0394     |
|    learning_rate        | 0.0003     |
|    loss                 | -0.0732    |
|    n_updates            | 830        |
|    policy_gradient_loss | -0.0362    |
|    value_loss           | 0.000588   |
----------------------------------------
-----------------------------------------
| rollout/                |             |
|    ep_len_mean          | 1e+03       |
|    ep_rew_mean          | 49          |
| time/                   |             |
|    fps                  | 659         |
|    iterations           | 85          |
|    time_elapsed         | 8           |
|    total_timesteps      | 5440        |
| train/                  |             |
|    approx_kl            | 0.017434504 |
|    clip_fraction        | 0.248       |
|    clip_range           | 0.2         |
|    entropy_loss         | -2.69       |
|    explained_variance   | -0.0074     |
|    learning_rate        | 0.0003      |
|    loss                 | -0.0707     |
|    n_updates            | 840         |
|    policy_gradient_loss | -0.0394     |
|    value_loss           | 0.000415    |
-----------------------------------------
-----------------------------------------
| rollout/                |             |
|    ep_len_mean          | 1e+03       |
|    ep_rew_mean          | 49          |
| time/                   |             |
|    fps                  | 659         |
|    iterations           | 86          |
|    time_elapsed         | 8           |
|    total_timesteps      | 5504        |
| train/                  |             |
|    approx_kl            | 0.018049639 |
|    clip_fraction        | 0.145       |
|    clip_range           | 0.2         |
|    entropy_loss         | -2.68       |
|    explained_variance   | 0.0237      |
|    learning_rate        | 0.0003      |
|    loss                 | -0.109      |
|    n_updates            | 850         |
|    policy_gradient_loss | -0.038      |
|    value_loss           | 0.000282    |
-----------------------------------------
-----------------------------------------
| rollout/                |             |
|    ep_len_mean          | 1e+03       |
|    ep_rew_mean          | 49          |
| time/                   |             |
|    fps                  | 659         |
|    iterations           | 87          |
|    time_elapsed         | 8           |
|    total_timesteps      | 5568        |
| train/                  |             |
|    approx_kl            | 0.011008557 |
|    clip_fraction        | 0.0563      |
|    clip_range           | 0.2         |
|    entropy_loss         | -2.73       |
|    explained_variance   | -7.06       |
|    learning_rate        | 0.0003      |
|    loss                 | -0.0519     |
|    n_updates            | 860         |
|    policy_gradient_loss | -0.0146     |
|    value_loss           | 0.000642    |
-----------------------------------------
-----------------------------------------
| rollout/                |             |
|    ep_len_mean          | 1e+03       |
|    ep_rew_mean          | 49          |
| time/                   |             |
|    fps                  | 660         |
|    iterations           | 88          |
|    time_elapsed         | 8           |
|    total_timesteps      | 5632        |
| train/                  |             |
|    approx_kl            | 0.016111389 |
|    clip_fraction        | 0.152       |
|    clip_range           | 0.2         |
|    entropy_loss         | -2.71       |
|    explained_variance   | -0.608      |
|    learning_rate        | 0.0003      |
|    loss                 | -0.11       |
|    n_updates            | 870         |
|    policy_gradient_loss | -0.0357     |
|    value_loss           | 0.000208    |
-----------------------------------------
-----------------------------------------
| rollout/                |             |
|    ep_len_mean          | 1e+03       |
|    ep_rew_mean          | 49          |
| time/                   |             |
|    fps                  | 660         |
|    iterations           | 89          |
|    time_elapsed         | 8           |
|    total_timesteps      | 5696        |
| train/                  |             |
|    approx_kl            | 0.021359593 |
|    clip_fraction        | 0.256       |
|    clip_range           | 0.2         |
|    entropy_loss         | -2.76       |
|    explained_variance   | 0.0276      |
|    learning_rate        | 0.0003      |
|    loss                 | -0.0676     |
|    n_updates            | 880         |
|    policy_gradient_loss | -0.0443     |
|    value_loss           | 0.000126    |
-----------------------------------------
-----------------------------------------
| rollout/                |             |
|    ep_len_mean          | 1e+03       |
|    ep_rew_mean          | 49          |
| time/                   |             |
|    fps                  | 660         |
|    iterations           | 90          |
|    time_elapsed         | 8           |
|    total_timesteps      | 5760        |
| train/                  |             |
|    approx_kl            | 0.014451383 |
|    clip_fraction        | 0.172       |
|    clip_range           | 0.2         |
|    entropy_loss         | -2.7        |
|    explained_variance   | -0.0612     |
|    learning_rate        | 0.0003      |
|    loss                 | -0.119      |
|    n_updates            | 890         |
|    policy_gradient_loss | -0.0344     |
|    value_loss           | 9.17e-05    |
-----------------------------------------
-----------------------------------------
| rollout/                |             |
|    ep_len_mean          | 1e+03       |
|    ep_rew_mean          | 49          |
| time/                   |             |
|    fps                  | 660         |
|    iterations           | 91          |
|    time_elapsed         | 8           |
|    total_timesteps      | 5824        |
| train/                  |             |
|    approx_kl            | 0.023709834 |
|    clip_fraction        | 0.173       |
|    clip_range           | 0.2         |
|    entropy_loss         | -2.72       |
|    explained_variance   | -4.47       |
|    learning_rate        | 0.0003      |
|    loss                 | -0.111      |
|    n_updates            | 900         |
|    policy_gradient_loss | -0.0404     |
|    value_loss           | 0.000201    |
-----------------------------------------
-----------------------------------------
| rollout/                |             |
|    ep_len_mean          | 1e+03       |
|    ep_rew_mean          | 49          |
| time/                   |             |
|    fps                  | 659         |
|    iterations           | 92          |
|    time_elapsed         | 8           |
|    total_timesteps      | 5888        |
| train/                  |             |
|    approx_kl            | 0.012860841 |
|    clip_fraction        | 0.0797      |
|    clip_range           | 0.2         |
|    entropy_loss         | -2.74       |
|    explained_variance   | -0.692      |
|    learning_rate        | 0.0003      |
|    loss                 | -0.0703     |
|    n_updates            | 910         |
|    policy_gradient_loss | -0.0446     |
|    value_loss           | 6.76e-05    |
-----------------------------------------
-----------------------------------------
| rollout/                |             |
|    ep_len_mean          | 1e+03       |
|    ep_rew_mean          | 49          |
| time/                   |             |
|    fps                  | 660         |
|    iterations           | 93          |
|    time_elapsed         | 9           |
|    total_timesteps      | 5952        |
| train/                  |             |
|    approx_kl            | 0.022505756 |
|    clip_fraction        | 0.237       |
|    clip_range           | 0.2         |
|    entropy_loss         | -2.68       |
|    explained_variance   | -0.234      |
|    learning_rate        | 0.0003      |
|    loss                 | -0.114      |
|    n_updates            | 920         |
|    policy_gradient_loss | -0.0427     |
|    value_loss           | 4.09e-05    |
-----------------------------------------
-----------------------------------------
| rollout/                |             |
|    ep_len_mean          | 1e+03       |
|    ep_rew_mean          | 49          |
| time/                   |             |
|    fps                  | 660         |
|    iterations           | 94          |
|    time_elapsed         | 9           |
|    total_timesteps      | 6016        |
| train/                  |             |
|    approx_kl            | 0.012604096 |
|    clip_fraction        | 0.0531      |
|    clip_range           | 0.2         |
|    entropy_loss         | -2.62       |
|    explained_variance   | 0.0779      |
|    learning_rate        | 0.0003      |
|    loss                 | -0.0556     |
|    n_updates            | 930         |
|    policy_gradient_loss | -0.0188     |
|    value_loss           | 2.65e-05    |
-----------------------------------------
---------------------------------------
| rollout/                |           |
|    ep_len_mean          | 1e+03     |
|    ep_rew_mean          | 49        |
| time/                   |           |
|    fps                  | 660       |
|    iterations           | 95        |
|    time_elapsed         | 9         |
|    total_timesteps      | 6080      |
| train/                  |           |
|    approx_kl            | 0.0082317 |
|    clip_fraction        | 0.0219    |
|    clip_range           | 0.2       |
|    entropy_loss         | -2.6      |
|    explained_variance   | -0.00077  |
|    learning_rate        | 0.0003    |
|    loss                 | 0.815     |
|    n_updates            | 940       |
|    policy_gradient_loss | -0.0168   |
|    value_loss           | 1.99      |
---------------------------------------
-----------------------------------------
| rollout/                |             |
|    ep_len_mean          | 1e+03       |
|    ep_rew_mean          | 49          |
| time/                   |             |
|    fps                  | 660         |
|    iterations           | 96          |
|    time_elapsed         | 9           |
|    total_timesteps      | 6144        |
| train/                  |             |
|    approx_kl            | 0.029560255 |
|    clip_fraction        | 0.236       |
|    clip_range           | 0.2         |
|    entropy_loss         | -2.67       |
|    explained_variance   | 0.0217      |
|    learning_rate        | 0.0003      |
|    loss                 | -0.121      |
|    n_updates            | 950         |
|    policy_gradient_loss | -0.0403     |
|    value_loss           | 0.00535     |
-----------------------------------------
-----------------------------------------
| rollout/                |             |
|    ep_len_mean          | 1e+03       |
|    ep_rew_mean          | 49          |
| time/                   |             |
|    fps                  | 659         |
|    iterations           | 97          |
|    time_elapsed         | 9           |
|    total_timesteps      | 6208        |
| train/                  |             |
|    approx_kl            | 0.022593291 |
|    clip_fraction        | 0.214       |
|    clip_range           | 0.2         |
|    entropy_loss         | -2.66       |
|    explained_variance   | -0.0789     |
|    learning_rate        | 0.0003      |
|    loss                 | -0.0736     |
|    n_updates            | 960         |
|    policy_gradient_loss | -0.0462     |
|    value_loss           | 0.00478     |
-----------------------------------------
-----------------------------------------
| rollout/                |             |
|    ep_len_mean          | 1e+03       |
|    ep_rew_mean          | 49          |
| time/                   |             |
|    fps                  | 660         |
|    iterations           | 98          |
|    time_elapsed         | 9           |
|    total_timesteps      | 6272        |
| train/                  |             |
|    approx_kl            | 0.027634066 |
|    clip_fraction        | 0.317       |
|    clip_range           | 0.2         |
|    entropy_loss         | -2.64       |
|    explained_variance   | 0.0882      |
|    learning_rate        | 0.0003      |
|    loss                 | -0.133      |
|    n_updates            | 970         |
|    policy_gradient_loss | -0.0488     |
|    value_loss           | 0.00318     |
-----------------------------------------
-----------------------------------------
| rollout/                |             |
|    ep_len_mean          | 1e+03       |
|    ep_rew_mean          | 49          |
| time/                   |             |
|    fps                  | 660         |
|    iterations           | 99          |
|    time_elapsed         | 9           |
|    total_timesteps      | 6336        |
| train/                  |             |
|    approx_kl            | 0.032740742 |
|    clip_fraction        | 0.234       |
|    clip_range           | 0.2         |
|    entropy_loss         | -2.58       |
|    explained_variance   | -0.182      |
|    learning_rate        | 0.0003      |
|    loss                 | -0.142      |
|    n_updates            | 980         |
|    policy_gradient_loss | -0.0513     |
|    value_loss           | 0.0023      |
-----------------------------------------
-----------------------------------------
| rollout/                |             |
|    ep_len_mean          | 1e+03       |
|    ep_rew_mean          | 49          |
| time/                   |             |
|    fps                  | 660         |
|    iterations           | 100         |
|    time_elapsed         | 9           |
|    total_timesteps      | 6400        |
| train/                  |             |
|    approx_kl            | 0.020830767 |
|    clip_fraction        | 0.147       |
|    clip_range           | 0.2         |
|    entropy_loss         | -2.46       |
|    explained_variance   | -0.516      |
|    learning_rate        | 0.0003      |
|    loss                 | -0.0812     |
|    n_updates            | 990         |
|    policy_gradient_loss | -0.0398     |
|    value_loss           | 0.00216     |
-----------------------------------------
-----------------------------------------
| rollout/                |             |
|    ep_len_mean          | 1e+03       |
|    ep_rew_mean          | 49          |
| time/                   |             |
|    fps                  | 659         |
|    iterations           | 101         |
|    time_elapsed         | 9           |
|    total_timesteps      | 6464        |
| train/                  |             |
|    approx_kl            | 0.024386967 |
|    clip_fraction        | 0.163       |
|    clip_range           | 0.2         |
|    entropy_loss         | -2.39       |
|    explained_variance   | -0.391      |
|    learning_rate        | 0.0003      |
|    loss                 | -0.103      |
|    n_updates            | 1000        |
|    policy_gradient_loss | -0.0388     |
|    value_loss           | 0.00137     |
-----------------------------------------
-----------------------------------------
| rollout/                |             |
|    ep_len_mean          | 1e+03       |
|    ep_rew_mean          | 49          |
| time/                   |             |
|    fps                  | 660         |
|    iterations           | 102         |
|    time_elapsed         | 9           |
|    total_timesteps      | 6528        |
| train/                  |             |
|    approx_kl            | 0.019106727 |
|    clip_fraction        | 0.136       |
|    clip_range           | 0.2         |
|    entropy_loss         | -2.43       |
|    explained_variance   | 0.0618      |
|    learning_rate        | 0.0003      |
|    loss                 | -0.0539     |
|    n_updates            | 1010        |
|    policy_gradient_loss | -0.0302     |
|    value_loss           | 0.000941    |
-----------------------------------------
-----------------------------------------
| rollout/                |             |
|    ep_len_mean          | 1e+03       |
|    ep_rew_mean          | 49          |
| time/                   |             |
|    fps                  | 660         |
|    iterations           | 103         |
|    time_elapsed         | 9           |
|    total_timesteps      | 6592        |
| train/                  |             |
|    approx_kl            | 0.027947053 |
|    clip_fraction        | 0.319       |
|    clip_range           | 0.2         |
|    entropy_loss         | -2.52       |
|    explained_variance   | -0.162      |
|    learning_rate        | 0.0003      |
|    loss                 | -0.118      |
|    n_updates            | 1020        |
|    policy_gradient_loss | -0.0506     |
|    value_loss           | 0.000762    |
-----------------------------------------
-----------------------------------------
| rollout/                |             |
|    ep_len_mean          | 1e+03       |
|    ep_rew_mean          | 49          |
| time/                   |             |
|    fps                  | 660         |
|    iterations           | 104         |
|    time_elapsed         | 10          |
|    total_timesteps      | 6656        |
| train/                  |             |
|    approx_kl            | 0.030548235 |
|    clip_fraction        | 0.272       |
|    clip_range           | 0.2         |
|    entropy_loss         | -2.51       |
|    explained_variance   | -0.67       |
|    learning_rate        | 0.0003      |
|    loss                 | -0.128      |
|    n_updates            | 1030        |
|    policy_gradient_loss | -0.0562     |
|    value_loss           | 0.000612    |
-----------------------------------------
-----------------------------------------
| rollout/                |             |
|    ep_len_mean          | 1e+03       |
|    ep_rew_mean          | 49          |
| time/                   |             |
|    fps                  | 660         |
|    iterations           | 105         |
|    time_elapsed         | 10          |
|    total_timesteps      | 6720        |
| train/                  |             |
|    approx_kl            | 0.020311315 |
|    clip_fraction        | 0.173       |
|    clip_range           | 0.2         |
|    entropy_loss         | -2.56       |
|    explained_variance   | -0.193      |
|    learning_rate        | 0.0003      |
|    loss                 | -0.0822     |
|    n_updates            | 1040        |
|    policy_gradient_loss | -0.0311     |
|    value_loss           | 0.000402    |
-----------------------------------------
----------------------------------------
| rollout/                |            |
|    ep_len_mean          | 1e+03      |
|    ep_rew_mean          | 49         |
| time/                   |            |
|    fps                  | 660        |
|    iterations           | 106        |
|    time_elapsed         | 10         |
|    total_timesteps      | 6784       |
| train/                  |            |
|    approx_kl            | 0.02550388 |
|    clip_fraction        | 0.164      |
|    clip_range           | 0.2        |
|    entropy_loss         | -2.57      |
|    explained_variance   | -0.0121    |
|    learning_rate        | 0.0003     |
|    loss                 | -0.119     |
|    n_updates            | 1050       |
|    policy_gradient_loss | -0.0333    |
|    value_loss           | 0.000311   |
----------------------------------------
-----------------------------------------
| rollout/                |             |
|    ep_len_mean          | 1e+03       |
|    ep_rew_mean          | 49          |
| time/                   |             |
|    fps                  | 660         |
|    iterations           | 107         |
|    time_elapsed         | 10          |
|    total_timesteps      | 6848        |
| train/                  |             |
|    approx_kl            | 0.014343355 |
|    clip_fraction        | 0.0969      |
|    clip_range           | 0.2         |
|    entropy_loss         | -2.6        |
|    explained_variance   | -0.00379    |
|    learning_rate        | 0.0003      |
|    loss                 | -0.0607     |
|    n_updates            | 1060        |
|    policy_gradient_loss | -0.019      |
|    value_loss           | 0.000212    |
-----------------------------------------
-----------------------------------------
| rollout/                |             |
|    ep_len_mean          | 1e+03       |
|    ep_rew_mean          | 49          |
| time/                   |             |
|    fps                  | 660         |
|    iterations           | 108         |
|    time_elapsed         | 10          |
|    total_timesteps      | 6912        |
| train/                  |             |
|    approx_kl            | 0.027783658 |
|    clip_fraction        | 0.178       |
|    clip_range           | 0.2         |
|    entropy_loss         | -2.67       |
|    explained_variance   | -9.43       |
|    learning_rate        | 0.0003      |
|    loss                 | -0.0526     |
|    n_updates            | 1070        |
|    policy_gradient_loss | -0.0353     |
|    value_loss           | 0.000497    |
-----------------------------------------
-----------------------------------------
| rollout/                |             |
|    ep_len_mean          | 1e+03       |
|    ep_rew_mean          | 49          |
| time/                   |             |
|    fps                  | 661         |
|    iterations           | 109         |
|    time_elapsed         | 10          |
|    total_timesteps      | 6976        |
| train/                  |             |
|    approx_kl            | 0.027933925 |
|    clip_fraction        | 0.283       |
|    clip_range           | 0.2         |
|    entropy_loss         | -2.67       |
|    explained_variance   | 0.0423      |
|    learning_rate        | 0.0003      |
|    loss                 | -0.145      |
|    n_updates            | 1080        |
|    policy_gradient_loss | -0.0625     |
|    value_loss           | 0.000145    |
-----------------------------------------
-----------------------------------------
| rollout/                |             |
|    ep_len_mean          | 1e+03       |
|    ep_rew_mean          | 49          |
| time/                   |             |
|    fps                  | 660         |
|    iterations           | 110         |
|    time_elapsed         | 10          |
|    total_timesteps      | 7040        |
| train/                  |             |
|    approx_kl            | 0.031181261 |
|    clip_fraction        | 0.375       |
|    clip_range           | 0.2         |
|    entropy_loss         | -2.57       |
|    explained_variance   | -0.598      |
|    learning_rate        | 0.0003      |
|    loss                 | -0.111      |
|    n_updates            | 1090        |
|    policy_gradient_loss | -0.0593     |
|    value_loss           | 0.0001      |
-----------------------------------------
-----------------------------------------
| rollout/                |             |
|    ep_len_mean          | 1e+03       |
|    ep_rew_mean          | 49          |
| time/                   |             |
|    fps                  | 660         |
|    iterations           | 111         |
|    time_elapsed         | 10          |
|    total_timesteps      | 7104        |
| train/                  |             |
|    approx_kl            | 0.011722968 |
|    clip_fraction        | 0.0422      |
|    clip_range           | 0.2         |
|    entropy_loss         | -2.57       |
|    explained_variance   | -0.000726   |
|    learning_rate        | 0.0003      |
|    loss                 | 0.729       |
|    n_updates            | 1100        |
|    policy_gradient_loss | -0.0166     |
|    value_loss           | 2.16        |
-----------------------------------------
---------------------------------------
| rollout/                |           |
|    ep_len_mean          | 1e+03     |
|    ep_rew_mean          | 49        |
| time/                   |           |
|    fps                  | 660       |
|    iterations           | 112       |
|    time_elapsed         | 10        |
|    total_timesteps      | 7168      |
| train/                  |           |
|    approx_kl            | 0.0248775 |
|    clip_fraction        | 0.192     |
|    clip_range           | 0.2       |
|    entropy_loss         | -2.62     |
|    explained_variance   | -0.0262   |
|    learning_rate        | 0.0003    |
|    loss                 | -0.0802   |
|    n_updates            | 1110      |
|    policy_gradient_loss | -0.036    |
|    value_loss           | 0.00454   |
---------------------------------------
-----------------------------------------
| rollout/                |             |
|    ep_len_mean          | 1e+03       |
|    ep_rew_mean          | 49          |
| time/                   |             |
|    fps                  | 660         |
|    iterations           | 113         |
|    time_elapsed         | 10          |
|    total_timesteps      | 7232        |
| train/                  |             |
|    approx_kl            | 0.010327966 |
|    clip_fraction        | 0.109       |
|    clip_range           | 0.2         |
|    entropy_loss         | -2.62       |
|    explained_variance   | -0.214      |
|    learning_rate        | 0.0003      |
|    loss                 | -0.0661     |
|    n_updates            | 1120        |
|    policy_gradient_loss | -0.0196     |
|    value_loss           | 0.00398     |
-----------------------------------------
----------------------------------------
| rollout/                |            |
|    ep_len_mean          | 1e+03      |
|    ep_rew_mean          | 49         |
| time/                   |            |
|    fps                  | 660        |
|    iterations           | 114        |
|    time_elapsed         | 11         |
|    total_timesteps      | 7296       |
| train/                  |            |
|    approx_kl            | 0.03405212 |
|    clip_fraction        | 0.389      |
|    clip_range           | 0.2        |
|    entropy_loss         | -2.64      |
|    explained_variance   | 0          |
|    learning_rate        | 0.0003     |
|    loss                 | -0.13      |
|    n_updates            | 1130       |
|    policy_gradient_loss | -0.0612    |
|    value_loss           | 0.0028     |
----------------------------------------
-----------------------------------------
| rollout/                |             |
|    ep_len_mean          | 1e+03       |
|    ep_rew_mean          | 49          |
| time/                   |             |
|    fps                  | 660         |
|    iterations           | 115         |
|    time_elapsed         | 11          |
|    total_timesteps      | 7360        |
| train/                  |             |
|    approx_kl            | 0.019463217 |
|    clip_fraction        | 0.103       |
|    clip_range           | 0.2         |
|    entropy_loss         | -2.6        |
|    explained_variance   | 0.00592     |
|    learning_rate        | 0.0003      |
|    loss                 | -0.0585     |
|    n_updates            | 1140        |
|    policy_gradient_loss | -0.0236     |
|    value_loss           | 0.00215     |
-----------------------------------------
-----------------------------------------
| rollout/                |             |
|    ep_len_mean          | 1e+03       |
|    ep_rew_mean          | 49          |
| time/                   |             |
|    fps                  | 660         |
|    iterations           | 116         |
|    time_elapsed         | 11          |
|    total_timesteps      | 7424        |
| train/                  |             |
|    approx_kl            | 0.028499294 |
|    clip_fraction        | 0.314       |
|    clip_range           | 0.2         |
|    entropy_loss         | -2.55       |
|    explained_variance   | 0.00261     |
|    learning_rate        | 0.0003      |
|    loss                 | -0.102      |
|    n_updates            | 1150        |
|    policy_gradient_loss | -0.0534     |
|    value_loss           | 0.00142     |
-----------------------------------------
-----------------------------------------
| rollout/                |             |
|    ep_len_mean          | 1e+03       |
|    ep_rew_mean          | 49          |
| time/                   |             |
|    fps                  | 660         |
|    iterations           | 117         |
|    time_elapsed         | 11          |
|    total_timesteps      | 7488        |
| train/                  |             |
|    approx_kl            | 0.018064532 |
|    clip_fraction        | 0.131       |
|    clip_range           | 0.2         |
|    entropy_loss         | -2.48       |
|    explained_variance   | -0.0495     |
|    learning_rate        | 0.0003      |
|    loss                 | -0.0509     |
|    n_updates            | 1160        |
|    policy_gradient_loss | -0.0237     |
|    value_loss           | 0.00114     |
-----------------------------------------
------------------------------------------
| rollout/                |              |
|    ep_len_mean          | 1e+03        |
|    ep_rew_mean          | 49           |
| time/                   |              |
|    fps                  | 660          |
|    iterations           | 118          |
|    time_elapsed         | 11           |
|    total_timesteps      | 7552         |
| train/                  |              |
|    approx_kl            | 0.0124635445 |
|    clip_fraction        | 0.158        |
|    clip_range           | 0.2          |
|    entropy_loss         | -2.47        |
|    explained_variance   | -0.0542      |
|    learning_rate        | 0.0003       |
|    loss                 | -0.124       |
|    n_updates            | 1170         |
|    policy_gradient_loss | -0.0243      |
|    value_loss           | 0.000778     |
------------------------------------------
-----------------------------------------
| rollout/                |             |
|    ep_len_mean          | 1e+03       |
|    ep_rew_mean          | 49          |
| time/                   |             |
|    fps                  | 660         |
|    iterations           | 119         |
|    time_elapsed         | 11          |
|    total_timesteps      | 7616        |
| train/                  |             |
|    approx_kl            | 0.022988167 |
|    clip_fraction        | 0.227       |
|    clip_range           | 0.2         |
|    entropy_loss         | -2.47       |
|    explained_variance   | -1.59       |
|    learning_rate        | 0.0003      |
|    loss                 | -0.0719     |
|    n_updates            | 1180        |
|    policy_gradient_loss | -0.0382     |
|    value_loss           | 0.000862    |
-----------------------------------------
-----------------------------------------
| rollout/                |             |
|    ep_len_mean          | 1e+03       |
|    ep_rew_mean          | 49          |
| time/                   |             |
|    fps                  | 660         |
|    iterations           | 120         |
|    time_elapsed         | 11          |
|    total_timesteps      | 7680        |
| train/                  |             |
|    approx_kl            | 0.017202072 |
|    clip_fraction        | 0.212       |
|    clip_range           | 0.2         |
|    entropy_loss         | -2.46       |
|    explained_variance   | 0.00204     |
|    learning_rate        | 0.0003      |
|    loss                 | -0.102      |
|    n_updates            | 1190        |
|    policy_gradient_loss | -0.0345     |
|    value_loss           | 0.000448    |
-----------------------------------------
-----------------------------------------
| rollout/                |             |
|    ep_len_mean          | 1e+03       |
|    ep_rew_mean          | 49          |
| time/                   |             |
|    fps                  | 660         |
|    iterations           | 121         |
|    time_elapsed         | 11          |
|    total_timesteps      | 7744        |
| train/                  |             |
|    approx_kl            | 0.018355373 |
|    clip_fraction        | 0.203       |
|    clip_range           | 0.2         |
|    entropy_loss         | -2.49       |
|    explained_variance   | -0.244      |
|    learning_rate        | 0.0003      |
|    loss                 | -0.107      |
|    n_updates            | 1200        |
|    policy_gradient_loss | -0.028      |
|    value_loss           | 0.000339    |
-----------------------------------------
-----------------------------------------
| rollout/                |             |
|    ep_len_mean          | 1e+03       |
|    ep_rew_mean          | 49          |
| time/                   |             |
|    fps                  | 660         |
|    iterations           | 122         |
|    time_elapsed         | 11          |
|    total_timesteps      | 7808        |
| train/                  |             |
|    approx_kl            | 0.019895853 |
|    clip_fraction        | 0.256       |
|    clip_range           | 0.2         |
|    entropy_loss         | -2.53       |
|    explained_variance   | -0.302      |
|    learning_rate        | 0.0003      |
|    loss                 | -0.0608     |
|    n_updates            | 1210        |
|    policy_gradient_loss | -0.0376     |
|    value_loss           | 0.000265    |
-----------------------------------------
----------------------------------------
| rollout/                |            |
|    ep_len_mean          | 1e+03      |
|    ep_rew_mean          | 49         |
| time/                   |            |
|    fps                  | 660        |
|    iterations           | 123        |
|    time_elapsed         | 11         |
|    total_timesteps      | 7872       |
| train/                  |            |
|    approx_kl            | 0.02334945 |
|    clip_fraction        | 0.242      |
|    clip_range           | 0.2        |
|    entropy_loss         | -2.58      |
|    explained_variance   | -4.53e-06  |
|    learning_rate        | 0.0003     |
|    loss                 | -0.0897    |
|    n_updates            | 1220       |
|    policy_gradient_loss | -0.0424    |
|    value_loss           | 0.000172   |
----------------------------------------
-----------------------------------------
| rollout/                |             |
|    ep_len_mean          | 1e+03       |
|    ep_rew_mean          | 49          |
| time/                   |             |
|    fps                  | 659         |
|    iterations           | 124         |
|    time_elapsed         | 12          |
|    total_timesteps      | 7936        |
| train/                  |             |
|    approx_kl            | 0.029225755 |
|    clip_fraction        | 0.273       |
|    clip_range           | 0.2         |
|    entropy_loss         | -2.68       |
|    explained_variance   | -0.0155     |
|    learning_rate        | 0.0003      |
|    loss                 | -0.075      |
|    n_updates            | 1230        |
|    policy_gradient_loss | -0.0411     |
|    value_loss           | 0.000133    |
-----------------------------------------
-----------------------------------------
| rollout/                |             |
|    ep_len_mean          | 1e+03       |
|    ep_rew_mean          | 49          |
| time/                   |             |
|    fps                  | 659         |
|    iterations           | 125         |
|    time_elapsed         | 12          |
|    total_timesteps      | 8000        |
| train/                  |             |
|    approx_kl            | 0.022229662 |
|    clip_fraction        | 0.173       |
|    clip_range           | 0.2         |
|    entropy_loss         | -2.7        |
|    explained_variance   | -0.0211     |
|    learning_rate        | 0.0003      |
|    loss                 | -0.0905     |
|    n_updates            | 1240        |
|    policy_gradient_loss | -0.0323     |
|    value_loss           | 0.000106    |
-----------------------------------------
------------------------------------------
| rollout/                |              |
|    ep_len_mean          | 1e+03        |
|    ep_rew_mean          | 49           |
| time/                   |              |
|    fps                  | 659          |
|    iterations           | 126          |
|    time_elapsed         | 12           |
|    total_timesteps      | 8064         |
| train/                  |              |
|    approx_kl            | 0.0139710605 |
|    clip_fraction        | 0.0797       |
|    clip_range           | 0.2          |
|    entropy_loss         | -2.72        |
|    explained_variance   | 0.0537       |
|    learning_rate        | 0.0003       |
|    loss                 | 0.157        |
|    n_updates            | 1250         |
|    policy_gradient_loss | -0.0299      |
|    value_loss           | 1.71         |
------------------------------------------
-----------------------------------------
| rollout/                |             |
|    ep_len_mean          | 1e+03       |
|    ep_rew_mean          | 49          |
| time/                   |             |
|    fps                  | 659         |
|    iterations           | 127         |
|    time_elapsed         | 12          |
|    total_timesteps      | 8128        |
| train/                  |             |
|    approx_kl            | 0.020561125 |
|    clip_fraction        | 0.125       |
|    clip_range           | 0.2         |
|    entropy_loss         | -2.78       |
|    explained_variance   | -13.6       |
|    learning_rate        | 0.0003      |
|    loss                 | -0.118      |
|    n_updates            | 1260        |
|    policy_gradient_loss | -0.0472     |
|    value_loss           | 0.0266      |
-----------------------------------------
-----------------------------------------
| rollout/                |             |
|    ep_len_mean          | 1e+03       |
|    ep_rew_mean          | 49          |
| time/                   |             |
|    fps                  | 659         |
|    iterations           | 128         |
|    time_elapsed         | 12          |
|    total_timesteps      | 8192        |
| train/                  |             |
|    approx_kl            | 0.022814745 |
|    clip_fraction        | 0.166       |
|    clip_range           | 0.2         |
|    entropy_loss         | -2.72       |
|    explained_variance   | -6.37       |
|    learning_rate        | 0.0003      |
|    loss                 | -0.146      |
|    n_updates            | 1270        |
|    policy_gradient_loss | -0.0512     |
|    value_loss           | 0.0188      |
-----------------------------------------
-----------------------------------------
| rollout/                |             |
|    ep_len_mean          | 1e+03       |
|    ep_rew_mean          | 49          |
| time/                   |             |
|    fps                  | 659         |
|    iterations           | 129         |
|    time_elapsed         | 12          |
|    total_timesteps      | 8256        |
| train/                  |             |
|    approx_kl            | 0.020459661 |
|    clip_fraction        | 0.237       |
|    clip_range           | 0.2         |
|    entropy_loss         | -2.64       |
|    explained_variance   | -0.0464     |
|    learning_rate        | 0.0003      |
|    loss                 | -0.0898     |
|    n_updates            | 1280        |
|    policy_gradient_loss | -0.0436     |
|    value_loss           | 0.00394     |
-----------------------------------------
----------------------------------------
| rollout/                |            |
|    ep_len_mean          | 1e+03      |
|    ep_rew_mean          | 49         |
| time/                   |            |
|    fps                  | 659        |
|    iterations           | 130        |
|    time_elapsed         | 12         |
|    total_timesteps      | 8320       |
| train/                  |            |
|    approx_kl            | 0.02397349 |
|    clip_fraction        | 0.273      |
|    clip_range           | 0.2        |
|    entropy_loss         | -2.61      |
|    explained_variance   | -0.36      |
|    learning_rate        | 0.0003     |
|    loss                 | -0.0948    |
|    n_updates            | 1290       |
|    policy_gradient_loss | -0.048     |
|    value_loss           | 0.00327    |
----------------------------------------
-----------------------------------------
| rollout/                |             |
|    ep_len_mean          | 1e+03       |
|    ep_rew_mean          | 49          |
| time/                   |             |
|    fps                  | 659         |
|    iterations           | 131         |
|    time_elapsed         | 12          |
|    total_timesteps      | 8384        |
| train/                  |             |
|    approx_kl            | 0.019322876 |
|    clip_fraction        | 0.202       |
|    clip_range           | 0.2         |
|    entropy_loss         | -2.6        |
|    explained_variance   | 0.0145      |
|    learning_rate        | 0.0003      |
|    loss                 | -0.107      |
|    n_updates            | 1300        |
|    policy_gradient_loss | -0.0358     |
|    value_loss           | 0.00198     |
-----------------------------------------
----------------------------------------
| rollout/                |            |
|    ep_len_mean          | 1e+03      |
|    ep_rew_mean          | 49         |
| time/                   |            |
|    fps                  | 659        |
|    iterations           | 132        |
|    time_elapsed         | 12         |
|    total_timesteps      | 8448       |
| train/                  |            |
|    approx_kl            | 0.03224547 |
|    clip_fraction        | 0.261      |
|    clip_range           | 0.2        |
|    entropy_loss         | -2.66      |
|    explained_variance   | 0.00485    |
|    learning_rate        | 0.0003     |
|    loss                 | -0.101     |
|    n_updates            | 1310       |
|    policy_gradient_loss | -0.0454    |
|    value_loss           | 0.00142    |
----------------------------------------
-----------------------------------------
| rollout/                |             |
|    ep_len_mean          | 1e+03       |
|    ep_rew_mean          | 49          |
| time/                   |             |
|    fps                  | 659         |
|    iterations           | 133         |
|    time_elapsed         | 12          |
|    total_timesteps      | 8512        |
| train/                  |             |
|    approx_kl            | 0.022281166 |
|    clip_fraction        | 0.322       |
|    clip_range           | 0.2         |
|    entropy_loss         | -2.65       |
|    explained_variance   | -0.725      |
|    learning_rate        | 0.0003      |
|    loss                 | -0.112      |
|    n_updates            | 1320        |
|    policy_gradient_loss | -0.0502     |
|    value_loss           | 0.00167     |
-----------------------------------------
-----------------------------------------
| rollout/                |             |
|    ep_len_mean          | 1e+03       |
|    ep_rew_mean          | 49          |
| time/                   |             |
|    fps                  | 659         |
|    iterations           | 134         |
|    time_elapsed         | 12          |
|    total_timesteps      | 8576        |
| train/                  |             |
|    approx_kl            | 0.027630426 |
|    clip_fraction        | 0.234       |
|    clip_range           | 0.2         |
|    entropy_loss         | -2.71       |
|    explained_variance   | -0.659      |
|    learning_rate        | 0.0003      |
|    loss                 | -0.0583     |
|    n_updates            | 1330        |
|    policy_gradient_loss | -0.0485     |
|    value_loss           | 0.00363     |
-----------------------------------------
-----------------------------------------
| rollout/                |             |
|    ep_len_mean          | 1e+03       |
|    ep_rew_mean          | 49          |
| time/                   |             |
|    fps                  | 660         |
|    iterations           | 135         |
|    time_elapsed         | 13          |
|    total_timesteps      | 8640        |
| train/                  |             |
|    approx_kl            | 0.024097804 |
|    clip_fraction        | 0.247       |
|    clip_range           | 0.2         |
|    entropy_loss         | -2.76       |
|    explained_variance   | -18.3       |
|    learning_rate        | 0.0003      |
|    loss                 | -0.0997     |
|    n_updates            | 1340        |
|    policy_gradient_loss | -0.0423     |
|    value_loss           | 0.00302     |
-----------------------------------------
----------------------------------------
| rollout/                |            |
|    ep_len_mean          | 1e+03      |
|    ep_rew_mean          | 49         |
| time/                   |            |
|    fps                  | 660        |
|    iterations           | 136        |
|    time_elapsed         | 13         |
|    total_timesteps      | 8704       |
| train/                  |            |
|    approx_kl            | 0.02445465 |
|    clip_fraction        | 0.212      |
|    clip_range           | 0.2        |
|    entropy_loss         | -2.76      |
|    explained_variance   | -3.88      |
|    learning_rate        | 0.0003     |
|    loss                 | -0.107     |
|    n_updates            | 1350       |
|    policy_gradient_loss | -0.0412    |
|    value_loss           | 0.000959   |
----------------------------------------
-----------------------------------------
| rollout/                |             |
|    ep_len_mean          | 1e+03       |
|    ep_rew_mean          | 49          |
| time/                   |             |
|    fps                  | 660         |
|    iterations           | 137         |
|    time_elapsed         | 13          |
|    total_timesteps      | 8768        |
| train/                  |             |
|    approx_kl            | 0.018793538 |
|    clip_fraction        | 0.219       |
|    clip_range           | 0.2         |
|    entropy_loss         | -2.78       |
|    explained_variance   | -9.14       |
|    learning_rate        | 0.0003      |
|    loss                 | -0.0738     |
|    n_updates            | 1360        |
|    policy_gradient_loss | -0.0304     |
|    value_loss           | 0.00125     |
-----------------------------------------
-----------------------------------------
| rollout/                |             |
|    ep_len_mean          | 1e+03       |
|    ep_rew_mean          | 49          |
| time/                   |             |
|    fps                  | 659         |
|    iterations           | 138         |
|    time_elapsed         | 13          |
|    total_timesteps      | 8832        |
| train/                  |             |
|    approx_kl            | 0.016198734 |
|    clip_fraction        | 0.0969      |
|    clip_range           | 0.2         |
|    entropy_loss         | -2.75       |
|    explained_variance   | -1.33       |
|    learning_rate        | 0.0003      |
|    loss                 | -0.0434     |
|    n_updates            | 1370        |
|    policy_gradient_loss | -0.021      |
|    value_loss           | 0.000397    |
-----------------------------------------
-----------------------------------------
| rollout/                |             |
|    ep_len_mean          | 1e+03       |
|    ep_rew_mean          | 49          |
| time/                   |             |
|    fps                  | 659         |
|    iterations           | 139         |
|    time_elapsed         | 13          |
|    total_timesteps      | 8896        |
| train/                  |             |
|    approx_kl            | 0.027138192 |
|    clip_fraction        | 0.237       |
|    clip_range           | 0.2         |
|    entropy_loss         | -2.71       |
|    explained_variance   | -9.95       |
|    learning_rate        | 0.0003      |
|    loss                 | -0.126      |
|    n_updates            | 1380        |
|    policy_gradient_loss | -0.0494     |
|    value_loss           | 0.000749    |
-----------------------------------------
-----------------------------------------
| rollout/                |             |
|    ep_len_mean          | 1e+03       |
|    ep_rew_mean          | 49          |
| time/                   |             |
|    fps                  | 659         |
|    iterations           | 140         |
|    time_elapsed         | 13          |
|    total_timesteps      | 8960        |
| train/                  |             |
|    approx_kl            | 0.026869856 |
|    clip_fraction        | 0.305       |
|    clip_range           | 0.2         |
|    entropy_loss         | -2.81       |
|    explained_variance   | -11.9       |
|    learning_rate        | 0.0003      |
|    loss                 | -0.0927     |
|    n_updates            | 1390        |
|    policy_gradient_loss | -0.0488     |
|    value_loss           | 0.00117     |
-----------------------------------------
-----------------------------------------
| rollout/                |             |
|    ep_len_mean          | 1e+03       |
|    ep_rew_mean          | 49          |
| time/                   |             |
|    fps                  | 659         |
|    iterations           | 141         |
|    time_elapsed         | 13          |
|    total_timesteps      | 9024        |
| train/                  |             |
|    approx_kl            | 0.016507642 |
|    clip_fraction        | 0.114       |
|    clip_range           | 0.2         |
|    entropy_loss         | -2.75       |
|    explained_variance   | -17.8       |
|    learning_rate        | 0.0003      |
|    loss                 | -0.0665     |
|    n_updates            | 1400        |
|    policy_gradient_loss | -0.0238     |
|    value_loss           | 0.000476    |
-----------------------------------------
-----------------------------------------
| rollout/                |             |
|    ep_len_mean          | 1e+03       |
|    ep_rew_mean          | 49          |
| time/                   |             |
|    fps                  | 658         |
|    iterations           | 142         |
|    time_elapsed         | 13          |
|    total_timesteps      | 9088        |
| train/                  |             |
|    approx_kl            | 0.011428283 |
|    clip_fraction        | 0.05        |
|    clip_range           | 0.2         |
|    entropy_loss         | -2.7        |
|    explained_variance   | 0.00234     |
|    learning_rate        | 0.0003      |
|    loss                 | 1.42        |
|    n_updates            | 1410        |
|    policy_gradient_loss | -0.0261     |
|    value_loss           | 2.03        |
-----------------------------------------
----------------------------------------
| rollout/                |            |
|    ep_len_mean          | 1e+03      |
|    ep_rew_mean          | 49         |
| time/                   |            |
|    fps                  | 658        |
|    iterations           | 143        |
|    time_elapsed         | 13         |
|    total_timesteps      | 9152       |
| train/                  |            |
|    approx_kl            | 0.02698004 |
|    clip_fraction        | 0.23       |
|    clip_range           | 0.2        |
|    entropy_loss         | -2.67      |
|    explained_variance   | 0.00736    |
|    learning_rate        | 0.0003     |
|    loss                 | 0.0145     |
|    n_updates            | 1420       |
|    policy_gradient_loss | -0.0334    |
|    value_loss           | 0.00619    |
----------------------------------------
-----------------------------------------
| rollout/                |             |
|    ep_len_mean          | 1e+03       |
|    ep_rew_mean          | 49          |
| time/                   |             |
|    fps                  | 658         |
|    iterations           | 144         |
|    time_elapsed         | 13          |
|    total_timesteps      | 9216        |
| train/                  |             |
|    approx_kl            | 0.020780899 |
|    clip_fraction        | 0.214       |
|    clip_range           | 0.2         |
|    entropy_loss         | -2.67       |
|    explained_variance   | 0.0318      |
|    learning_rate        | 0.0003      |
|    loss                 | -0.0689     |
|    n_updates            | 1430        |
|    policy_gradient_loss | -0.0335     |
|    value_loss           | 0.00513     |
-----------------------------------------
-----------------------------------------
| rollout/                |             |
|    ep_len_mean          | 1e+03       |
|    ep_rew_mean          | 49          |
| time/                   |             |
|    fps                  | 658         |
|    iterations           | 145         |
|    time_elapsed         | 14          |
|    total_timesteps      | 9280        |
| train/                  |             |
|    approx_kl            | 0.022538215 |
|    clip_fraction        | 0.183       |
|    clip_range           | 0.2         |
|    entropy_loss         | -2.68       |
|    explained_variance   | 0.154       |
|    learning_rate        | 0.0003      |
|    loss                 | -0.113      |
|    n_updates            | 1440        |
|    policy_gradient_loss | -0.0414     |
|    value_loss           | 0.00341     |
-----------------------------------------
-----------------------------------------
| rollout/                |             |
|    ep_len_mean          | 1e+03       |
|    ep_rew_mean          | 49          |
| time/                   |             |
|    fps                  | 658         |
|    iterations           | 146         |
|    time_elapsed         | 14          |
|    total_timesteps      | 9344        |
| train/                  |             |
|    approx_kl            | 0.027792744 |
|    clip_fraction        | 0.292       |
|    clip_range           | 0.2         |
|    entropy_loss         | -2.67       |
|    explained_variance   | 0.0132      |
|    learning_rate        | 0.0003      |
|    loss                 | -0.0634     |
|    n_updates            | 1450        |
|    policy_gradient_loss | -0.0479     |
|    value_loss           | 0.003       |
-----------------------------------------
-----------------------------------------
| rollout/                |             |
|    ep_len_mean          | 1e+03       |
|    ep_rew_mean          | 49          |
| time/                   |             |
|    fps                  | 659         |
|    iterations           | 147         |
|    time_elapsed         | 14          |
|    total_timesteps      | 9408        |
| train/                  |             |
|    approx_kl            | 0.016325504 |
|    clip_fraction        | 0.15        |
|    clip_range           | 0.2         |
|    entropy_loss         | -2.68       |
|    explained_variance   | -0.262      |
|    learning_rate        | 0.0003      |
|    loss                 | -0.0835     |
|    n_updates            | 1460        |
|    policy_gradient_loss | -0.0307     |
|    value_loss           | 0.00253     |
-----------------------------------------
-----------------------------------------
| rollout/                |             |
|    ep_len_mean          | 1e+03       |
|    ep_rew_mean          | 49          |
| time/                   |             |
|    fps                  | 659         |
|    iterations           | 148         |
|    time_elapsed         | 14          |
|    total_timesteps      | 9472        |
| train/                  |             |
|    approx_kl            | 0.017421046 |
|    clip_fraction        | 0.131       |
|    clip_range           | 0.2         |
|    entropy_loss         | -2.65       |
|    explained_variance   | -2.11       |
|    learning_rate        | 0.0003      |
|    loss                 | -0.135      |
|    n_updates            | 1470        |
|    policy_gradient_loss | -0.0352     |
|    value_loss           | 0.00312     |
-----------------------------------------
----------------------------------------
| rollout/                |            |
|    ep_len_mean          | 1e+03      |
|    ep_rew_mean          | 49         |
| time/                   |            |
|    fps                  | 659        |
|    iterations           | 149        |
|    time_elapsed         | 14         |
|    total_timesteps      | 9536       |
| train/                  |            |
|    approx_kl            | 0.03649027 |
|    clip_fraction        | 0.292      |
|    clip_range           | 0.2        |
|    entropy_loss         | -2.7       |
|    explained_variance   | -13.1      |
|    learning_rate        | 0.0003     |
|    loss                 | -0.112     |
|    n_updates            | 1480       |
|    policy_gradient_loss | -0.0448    |
|    value_loss           | 0.00215    |
----------------------------------------
----------------------------------------
| rollout/                |            |
|    ep_len_mean          | 1e+03      |
|    ep_rew_mean          | 49         |
| time/                   |            |
|    fps                  | 659        |
|    iterations           | 150        |
|    time_elapsed         | 14         |
|    total_timesteps      | 9600       |
| train/                  |            |
|    approx_kl            | 0.02107177 |
|    clip_fraction        | 0.169      |
|    clip_range           | 0.2        |
|    entropy_loss         | -2.67      |
|    explained_variance   | -0.502     |
|    learning_rate        | 0.0003     |
|    loss                 | -0.112     |
|    n_updates            | 1490       |
|    policy_gradient_loss | -0.0395    |
|    value_loss           | 0.00096    |
----------------------------------------
-----------------------------------------
| rollout/                |             |
|    ep_len_mean          | 1e+03       |
|    ep_rew_mean          | 49          |
| time/                   |             |
|    fps                  | 659         |
|    iterations           | 151         |
|    time_elapsed         | 14          |
|    total_timesteps      | 9664        |
| train/                  |             |
|    approx_kl            | 0.027335305 |
|    clip_fraction        | 0.212       |
|    clip_range           | 0.2         |
|    entropy_loss         | -2.67       |
|    explained_variance   | 0.26        |
|    learning_rate        | 0.0003      |
|    loss                 | -0.156      |
|    n_updates            | 1500        |
|    policy_gradient_loss | -0.0534     |
|    value_loss           | 0.000783    |
-----------------------------------------
----------------------------------------
| rollout/                |            |
|    ep_len_mean          | 1e+03      |
|    ep_rew_mean          | 49         |
| time/                   |            |
|    fps                  | 659        |
|    iterations           | 152        |
|    time_elapsed         | 14         |
|    total_timesteps      | 9728       |
| train/                  |            |
|    approx_kl            | 0.02058133 |
|    clip_fraction        | 0.197      |
|    clip_range           | 0.2        |
|    entropy_loss         | -2.66      |
|    explained_variance   | -0.686     |
|    learning_rate        | 0.0003     |
|    loss                 | -0.0932    |
|    n_updates            | 1510       |
|    policy_gradient_loss | -0.0426    |
|    value_loss           | 0.0006     |
----------------------------------------
-----------------------------------------
| rollout/                |             |
|    ep_len_mean          | 1e+03       |
|    ep_rew_mean          | 49          |
| time/                   |             |
|    fps                  | 659         |
|    iterations           | 153         |
|    time_elapsed         | 14          |
|    total_timesteps      | 9792        |
| train/                  |             |
|    approx_kl            | 0.020642785 |
|    clip_fraction        | 0.267       |
|    clip_range           | 0.2         |
|    entropy_loss         | -2.6        |
|    explained_variance   | -0.113      |
|    learning_rate        | 0.0003      |
|    loss                 | -0.125      |
|    n_updates            | 1520        |
|    policy_gradient_loss | -0.0414     |
|    value_loss           | 0.000396    |
-----------------------------------------
----------------------------------------
| rollout/                |            |
|    ep_len_mean          | 1e+03      |
|    ep_rew_mean          | 49         |
| time/                   |            |
|    fps                  | 659        |
|    iterations           | 154        |
|    time_elapsed         | 14         |
|    total_timesteps      | 9856       |
| train/                  |            |
|    approx_kl            | 0.03040336 |
|    clip_fraction        | 0.412      |
|    clip_range           | 0.2        |
|    entropy_loss         | -2.68      |
|    explained_variance   | -0.368     |
|    learning_rate        | 0.0003     |
|    loss                 | -0.162     |
|    n_updates            | 1530       |
|    policy_gradient_loss | -0.0521    |
|    value_loss           | 0.00031    |
----------------------------------------
-----------------------------------------
| rollout/                |             |
|    ep_len_mean          | 1e+03       |
|    ep_rew_mean          | 49          |
| time/                   |             |
|    fps                  | 659         |
|    iterations           | 155         |
|    time_elapsed         | 15          |
|    total_timesteps      | 9920        |
| train/                  |             |
|    approx_kl            | 0.027871825 |
|    clip_fraction        | 0.347       |
|    clip_range           | 0.2         |
|    entropy_loss         | -2.74       |
|    explained_variance   | -6.23       |
|    learning_rate        | 0.0003      |
|    loss                 | -0.128      |
|    n_updates            | 1540        |
|    policy_gradient_loss | -0.0523     |
|    value_loss           | 0.000557    |
-----------------------------------------
-----------------------------------------
| rollout/                |             |
|    ep_len_mean          | 1e+03       |
|    ep_rew_mean          | 49          |
| time/                   |             |
|    fps                  | 659         |
|    iterations           | 156         |
|    time_elapsed         | 15          |
|    total_timesteps      | 9984        |
| train/                  |             |
|    approx_kl            | 0.014966849 |
|    clip_fraction        | 0.12        |
|    clip_range           | 0.2         |
|    entropy_loss         | -2.73       |
|    explained_variance   | -3.02       |
|    learning_rate        | 0.0003      |
|    loss                 | -0.0289     |
|    n_updates            | 1550        |
|    policy_gradient_loss | -0.0291     |
|    value_loss           | 0.000358    |
-----------------------------------------
-----------------------------------------
| rollout/                |             |
|    ep_len_mean          | 1e+03       |
|    ep_rew_mean          | 49          |
| time/                   |             |
|    fps                  | 659         |
|    iterations           | 157         |
|    time_elapsed         | 15          |
|    total_timesteps      | 10048       |
| train/                  |             |
|    approx_kl            | 0.018202716 |
|    clip_fraction        | 0.15        |
|    clip_range           | 0.2         |
|    entropy_loss         | -2.74       |
|    explained_variance   | -6.8        |
|    learning_rate        | 0.0003      |
|    loss                 | -0.12       |
|    n_updates            | 1560        |
|    policy_gradient_loss | -0.0358     |
|    value_loss           | 0.00179     |
-----------------------------------------
-----------------------------------------
| rollout/                |             |
|    ep_len_mean          | 1e+03       |
|    ep_rew_mean          | 49          |
| time/                   |             |
|    fps                  | 659         |
|    iterations           | 158         |
|    time_elapsed         | 15          |
|    total_timesteps      | 10112       |
| train/                  |             |
|    approx_kl            | 0.008972921 |
|    clip_fraction        | 0.0297      |
|    clip_range           | 0.2         |
|    entropy_loss         | -2.72       |
|    explained_variance   | -0.00222    |
|    learning_rate        | 0.0003      |
|    loss                 | 0.57        |
|    n_updates            | 1570        |
|    policy_gradient_loss | -0.0114     |
|    value_loss           | 2.14        |
-----------------------------------------
-----------------------------------------
| rollout/                |             |
|    ep_len_mean          | 1e+03       |
|    ep_rew_mean          | 49          |
| time/                   |             |
|    fps                  | 659         |
|    iterations           | 159         |
|    time_elapsed         | 15          |
|    total_timesteps      | 10176       |
| train/                  |             |
|    approx_kl            | 0.018250441 |
|    clip_fraction        | 0.27        |
|    clip_range           | 0.2         |
|    entropy_loss         | -2.76       |
|    explained_variance   | -0.00108    |
|    learning_rate        | 0.0003      |
|    loss                 | -0.0339     |
|    n_updates            | 1580        |
|    policy_gradient_loss | -0.0457     |
|    value_loss           | 0.00408     |
-----------------------------------------
---------------------------------------
| rollout/                |           |
|    ep_len_mean          | 1e+03     |
|    ep_rew_mean          | 49        |
| time/                   |           |
|    fps                  | 659       |
|    iterations           | 160       |
|    time_elapsed         | 15        |
|    total_timesteps      | 10240     |
| train/                  |           |
|    approx_kl            | 0.0163325 |
|    clip_fraction        | 0.186     |
|    clip_range           | 0.2       |
|    entropy_loss         | -2.72     |
|    explained_variance   | -0.0321   |
|    learning_rate        | 0.0003    |
|    loss                 | -0.102    |
|    n_updates            | 1590      |
|    policy_gradient_loss | -0.0332   |
|    value_loss           | 0.00305   |
---------------------------------------
-----------------------------------------
| rollout/                |             |
|    ep_len_mean          | 1e+03       |
|    ep_rew_mean          | 49          |
| time/                   |             |
|    fps                  | 659         |
|    iterations           | 161         |
|    time_elapsed         | 15          |
|    total_timesteps      | 10304       |
| train/                  |             |
|    approx_kl            | 0.015783973 |
|    clip_fraction        | 0.102       |
|    clip_range           | 0.2         |
|    entropy_loss         | -2.69       |
|    explained_variance   | -0.0959     |
|    learning_rate        | 0.0003      |
|    loss                 | -0.0967     |
|    n_updates            | 1600        |
|    policy_gradient_loss | -0.0298     |
|    value_loss           | 0.00259     |
-----------------------------------------
-----------------------------------------
| rollout/                |             |
|    ep_len_mean          | 1e+03       |
|    ep_rew_mean          | 49          |
| time/                   |             |
|    fps                  | 659         |
|    iterations           | 162         |
|    time_elapsed         | 15          |
|    total_timesteps      | 10368       |
| train/                  |             |
|    approx_kl            | 0.013085964 |
|    clip_fraction        | 0.0984      |
|    clip_range           | 0.2         |
|    entropy_loss         | -2.71       |
|    explained_variance   | 0.0652      |
|    learning_rate        | 0.0003      |
|    loss                 | -0.0501     |
|    n_updates            | 1610        |
|    policy_gradient_loss | -0.0279     |
|    value_loss           | 0.0016      |
-----------------------------------------
----------------------------------------
| rollout/                |            |
|    ep_len_mean          | 1e+03      |
|    ep_rew_mean          | 49         |
| time/                   |            |
|    fps                  | 659        |
|    iterations           | 163        |
|    time_elapsed         | 15         |
|    total_timesteps      | 10432      |
| train/                  |            |
|    approx_kl            | 0.03807607 |
|    clip_fraction        | 0.338      |
|    clip_range           | 0.2        |
|    entropy_loss         | -2.79      |
|    explained_variance   | 0.0808     |
|    learning_rate        | 0.0003     |
|    loss                 | -0.142     |
|    n_updates            | 1620       |
|    policy_gradient_loss | -0.0621    |
|    value_loss           | 0.0013     |
----------------------------------------
----------------------------------------
| rollout/                |            |
|    ep_len_mean          | 1e+03      |
|    ep_rew_mean          | 49         |
| time/                   |            |
|    fps                  | 659        |
|    iterations           | 164        |
|    time_elapsed         | 15         |
|    total_timesteps      | 10496      |
| train/                  |            |
|    approx_kl            | 0.03472311 |
|    clip_fraction        | 0.266      |
|    clip_range           | 0.2        |
|    entropy_loss         | -2.87      |
|    explained_variance   | -0.0418    |
|    learning_rate        | 0.0003     |
|    loss                 | -0.108     |
|    n_updates            | 1630       |
|    policy_gradient_loss | -0.0393    |
|    value_loss           | 0.00103    |
----------------------------------------
-----------------------------------------
| rollout/                |             |
|    ep_len_mean          | 1e+03       |
|    ep_rew_mean          | 49          |
| time/                   |             |
|    fps                  | 659         |
|    iterations           | 165         |
|    time_elapsed         | 16          |
|    total_timesteps      | 10560       |
| train/                  |             |
|    approx_kl            | 0.021739744 |
|    clip_fraction        | 0.173       |
|    clip_range           | 0.2         |
|    entropy_loss         | -2.85       |
|    explained_variance   | -0.338      |
|    learning_rate        | 0.0003      |
|    loss                 | -0.0782     |
|    n_updates            | 1640        |
|    policy_gradient_loss | -0.039      |
|    value_loss           | 0.000683    |
-----------------------------------------
----------------------------------------
| rollout/                |            |
|    ep_len_mean          | 1e+03      |
|    ep_rew_mean          | 49         |
| time/                   |            |
|    fps                  | 659        |
|    iterations           | 166        |
|    time_elapsed         | 16         |
|    total_timesteps      | 10624      |
| train/                  |            |
|    approx_kl            | 0.02146355 |
|    clip_fraction        | 0.139      |
|    clip_range           | 0.2        |
|    entropy_loss         | -2.88      |
|    explained_variance   | -1.07      |
|    learning_rate        | 0.0003     |
|    loss                 | -0.111     |
|    n_updates            | 1650       |
|    policy_gradient_loss | -0.0291    |
|    value_loss           | 0.000573   |
----------------------------------------
-----------------------------------------
| rollout/                |             |
|    ep_len_mean          | 1e+03       |
|    ep_rew_mean          | 49          |
| time/                   |             |
|    fps                  | 659         |
|    iterations           | 167         |
|    time_elapsed         | 16          |
|    total_timesteps      | 10688       |
| train/                  |             |
|    approx_kl            | 0.025622908 |
|    clip_fraction        | 0.273       |
|    clip_range           | 0.2         |
|    entropy_loss         | -2.92       |
|    explained_variance   | -0.387      |
|    learning_rate        | 0.0003      |
|    loss                 | -0.144      |
|    n_updates            | 1660        |
|    policy_gradient_loss | -0.0547     |
|    value_loss           | 0.000496    |
-----------------------------------------
-----------------------------------------
| rollout/                |             |
|    ep_len_mean          | 1e+03       |
|    ep_rew_mean          | 49          |
| time/                   |             |
|    fps                  | 659         |
|    iterations           | 168         |
|    time_elapsed         | 16          |
|    total_timesteps      | 10752       |
| train/                  |             |
|    approx_kl            | 0.015826952 |
|    clip_fraction        | 0.141       |
|    clip_range           | 0.2         |
|    entropy_loss         | -2.91       |
|    explained_variance   | 0.0659      |
|    learning_rate        | 0.0003      |
|    loss                 | -0.0212     |
|    n_updates            | 1670        |
|    policy_gradient_loss | -0.0239     |
|    value_loss           | 0.000557    |
-----------------------------------------
----------------------------------------
| rollout/                |            |
|    ep_len_mean          | 1e+03      |
|    ep_rew_mean          | 49         |
| time/                   |            |
|    fps                  | 659        |
|    iterations           | 169        |
|    time_elapsed         | 16         |
|    total_timesteps      | 10816      |
| train/                  |            |
|    approx_kl            | 0.03419785 |
|    clip_fraction        | 0.3        |
|    clip_range           | 0.2        |
|    entropy_loss         | -2.92      |
|    explained_variance   | -1.13      |
|    learning_rate        | 0.0003     |
|    loss                 | -0.139     |
|    n_updates            | 1680       |
|    policy_gradient_loss | -0.0573    |
|    value_loss           | 0.000513   |
----------------------------------------
-----------------------------------------
| rollout/                |             |
|    ep_len_mean          | 1e+03       |
|    ep_rew_mean          | 49          |
| time/                   |             |
|    fps                  | 659         |
|    iterations           | 170         |
|    time_elapsed         | 16          |
|    total_timesteps      | 10880       |
| train/                  |             |
|    approx_kl            | 0.016163867 |
|    clip_fraction        | 0.109       |
|    clip_range           | 0.2         |
|    entropy_loss         | -2.93       |
|    explained_variance   | -23.4       |
|    learning_rate        | 0.0003      |
|    loss                 | -0.0931     |
|    n_updates            | 1690        |
|    policy_gradient_loss | -0.0259     |
|    value_loss           | 0.000437    |
-----------------------------------------
-----------------------------------------
| rollout/                |             |
|    ep_len_mean          | 1e+03       |
|    ep_rew_mean          | 49          |
| time/                   |             |
|    fps                  | 660         |
|    iterations           | 171         |
|    time_elapsed         | 16          |
|    total_timesteps      | 10944       |
| train/                  |             |
|    approx_kl            | 0.023061138 |
|    clip_fraction        | 0.152       |
|    clip_range           | 0.2         |
|    entropy_loss         | -2.93       |
|    explained_variance   | -0.173      |
|    learning_rate        | 0.0003      |
|    loss                 | -0.0672     |
|    n_updates            | 1700        |
|    policy_gradient_loss | -0.0317     |
|    value_loss           | 0.000137    |
-----------------------------------------
-----------------------------------------
| rollout/                |             |
|    ep_len_mean          | 1e+03       |
|    ep_rew_mean          | 49          |
| time/                   |             |
|    fps                  | 660         |
|    iterations           | 172         |
|    time_elapsed         | 16          |
|    total_timesteps      | 11008       |
| train/                  |             |
|    approx_kl            | 0.028505884 |
|    clip_fraction        | 0.197       |
|    clip_range           | 0.2         |
|    entropy_loss         | -2.96       |
|    explained_variance   | -0.0973     |
|    learning_rate        | 0.0003      |
|    loss                 | -0.0822     |
|    n_updates            | 1710        |
|    policy_gradient_loss | -0.047      |
|    value_loss           | 8.52e-05    |
-----------------------------------------
-----------------------------------------
| rollout/                |             |
|    ep_len_mean          | 1e+03       |
|    ep_rew_mean          | 49          |
| time/                   |             |
|    fps                  | 659         |
|    iterations           | 173         |
|    time_elapsed         | 16          |
|    total_timesteps      | 11072       |
| train/                  |             |
|    approx_kl            | 0.009530233 |
|    clip_fraction        | 0.0437      |
|    clip_range           | 0.2         |
|    entropy_loss         | -2.99       |
|    explained_variance   | -4.29e-05   |
|    learning_rate        | 0.0003      |
|    loss                 | 0.754       |
|    n_updates            | 1720        |
|    policy_gradient_loss | -0.0198     |
|    value_loss           | 1.96        |
-----------------------------------------
-----------------------------------------
| rollout/                |             |
|    ep_len_mean          | 1e+03       |
|    ep_rew_mean          | 49          |
| time/                   |             |
|    fps                  | 660         |
|    iterations           | 174         |
|    time_elapsed         | 16          |
|    total_timesteps      | 11136       |
| train/                  |             |
|    approx_kl            | 0.024342872 |
|    clip_fraction        | 0.133       |
|    clip_range           | 0.2         |
|    entropy_loss         | -2.99       |
|    explained_variance   | -0.3        |
|    learning_rate        | 0.0003      |
|    loss                 | -0.0343     |
|    n_updates            | 1730        |
|    policy_gradient_loss | -0.032      |
|    value_loss           | 0.0109      |
-----------------------------------------
-----------------------------------------
| rollout/                |             |
|    ep_len_mean          | 1e+03       |
|    ep_rew_mean          | 49          |
| time/                   |             |
|    fps                  | 660         |
|    iterations           | 175         |
|    time_elapsed         | 16          |
|    total_timesteps      | 11200       |
| train/                  |             |
|    approx_kl            | 0.019775376 |
|    clip_fraction        | 0.18        |
|    clip_range           | 0.2         |
|    entropy_loss         | -2.98       |
|    explained_variance   | -0.117      |
|    learning_rate        | 0.0003      |
|    loss                 | -0.0562     |
|    n_updates            | 1740        |
|    policy_gradient_loss | -0.0372     |
|    value_loss           | 0.00787     |
-----------------------------------------
-----------------------------------------
| rollout/                |             |
|    ep_len_mean          | 1e+03       |
|    ep_rew_mean          | 49          |
| time/                   |             |
|    fps                  | 660         |
|    iterations           | 176         |
|    time_elapsed         | 17          |
|    total_timesteps      | 11264       |
| train/                  |             |
|    approx_kl            | 0.018247526 |
|    clip_fraction        | 0.0953      |
|    clip_range           | 0.2         |
|    entropy_loss         | -2.94       |
|    explained_variance   | -0.363      |
|    learning_rate        | 0.0003      |
|    loss                 | -0.0865     |
|    n_updates            | 1750        |
|    policy_gradient_loss | -0.0277     |
|    value_loss           | 0.00538     |
-----------------------------------------
----------------------------------------
| rollout/                |            |
|    ep_len_mean          | 1e+03      |
|    ep_rew_mean          | 49         |
| time/                   |            |
|    fps                  | 660        |
|    iterations           | 177        |
|    time_elapsed         | 17         |
|    total_timesteps      | 11328      |
| train/                  |            |
|    approx_kl            | 0.01878659 |
|    clip_fraction        | 0.225      |
|    clip_range           | 0.2        |
|    entropy_loss         | -2.91      |
|    explained_variance   | 0.0341     |
|    learning_rate        | 0.0003     |
|    loss                 | -0.123     |
|    n_updates            | 1760       |
|    policy_gradient_loss | -0.0477    |
|    value_loss           | 0.00369    |
----------------------------------------
-----------------------------------------
| rollout/                |             |
|    ep_len_mean          | 1e+03       |
|    ep_rew_mean          | 49          |
| time/                   |             |
|    fps                  | 660         |
|    iterations           | 178         |
|    time_elapsed         | 17          |
|    total_timesteps      | 11392       |
| train/                  |             |
|    approx_kl            | 0.023562014 |
|    clip_fraction        | 0.17        |
|    clip_range           | 0.2         |
|    entropy_loss         | -2.92       |
|    explained_variance   | -0.0351     |
|    learning_rate        | 0.0003      |
|    loss                 | -0.136      |
|    n_updates            | 1770        |
|    policy_gradient_loss | -0.0394     |
|    value_loss           | 0.00285     |
-----------------------------------------
-----------------------------------------
| rollout/                |             |
|    ep_len_mean          | 1e+03       |
|    ep_rew_mean          | 49          |
| time/                   |             |
|    fps                  | 660         |
|    iterations           | 179         |
|    time_elapsed         | 17          |
|    total_timesteps      | 11456       |
| train/                  |             |
|    approx_kl            | 0.023840617 |
|    clip_fraction        | 0.188       |
|    clip_range           | 0.2         |
|    entropy_loss         | -2.94       |
|    explained_variance   | -0.0228     |
|    learning_rate        | 0.0003      |
|    loss                 | -0.0615     |
|    n_updates            | 1780        |
|    policy_gradient_loss | -0.0345     |
|    value_loss           | 0.00207     |
-----------------------------------------
---------------------------------------
| rollout/                |           |
|    ep_len_mean          | 1e+03     |
|    ep_rew_mean          | 49        |
| time/                   |           |
|    fps                  | 659       |
|    iterations           | 180       |
|    time_elapsed         | 17        |
|    total_timesteps      | 11520     |
| train/                  |           |
|    approx_kl            | 0.0248507 |
|    clip_fraction        | 0.331     |
|    clip_range           | 0.2       |
|    entropy_loss         | -2.91     |
|    explained_variance   | 0.011     |
|    learning_rate        | 0.0003    |
|    loss                 | -0.116    |
|    n_updates            | 1790      |
|    policy_gradient_loss | -0.0528   |
|    value_loss           | 0.0015    |
---------------------------------------
-----------------------------------------
| rollout/                |             |
|    ep_len_mean          | 1e+03       |
|    ep_rew_mean          | 49          |
| time/                   |             |
|    fps                  | 659         |
|    iterations           | 181         |
|    time_elapsed         | 17          |
|    total_timesteps      | 11584       |
| train/                  |             |
|    approx_kl            | 0.018417798 |
|    clip_fraction        | 0.156       |
|    clip_range           | 0.2         |
|    entropy_loss         | -2.9        |
|    explained_variance   | -0.183      |
|    learning_rate        | 0.0003      |
|    loss                 | -0.0632     |
|    n_updates            | 1800        |
|    policy_gradient_loss | -0.0339     |
|    value_loss           | 0.00148     |
-----------------------------------------
----------------------------------------
| rollout/                |            |
|    ep_len_mean          | 1e+03      |
|    ep_rew_mean          | 49         |
| time/                   |            |
|    fps                  | 659        |
|    iterations           | 182        |
|    time_elapsed         | 17         |
|    total_timesteps      | 11648      |
| train/                  |            |
|    approx_kl            | 0.01733742 |
|    clip_fraction        | 0.167      |
|    clip_range           | 0.2        |
|    entropy_loss         | -2.86      |
|    explained_variance   | -10.2      |
|    learning_rate        | 0.0003     |
|    loss                 | -0.107     |
|    n_updates            | 1810       |
|    policy_gradient_loss | -0.0441    |
|    value_loss           | 0.00188    |
----------------------------------------
-----------------------------------------
| rollout/                |             |
|    ep_len_mean          | 1e+03       |
|    ep_rew_mean          | 49          |
| time/                   |             |
|    fps                  | 659         |
|    iterations           | 183         |
|    time_elapsed         | 17          |
|    total_timesteps      | 11712       |
| train/                  |             |
|    approx_kl            | 0.022725832 |
|    clip_fraction        | 0.211       |
|    clip_range           | 0.2         |
|    entropy_loss         | -2.85       |
|    explained_variance   | -3.94       |
|    learning_rate        | 0.0003      |
|    loss                 | -0.0903     |
|    n_updates            | 1820        |
|    policy_gradient_loss | -0.0447     |
|    value_loss           | 0.00117     |
-----------------------------------------
-----------------------------------------
| rollout/                |             |
|    ep_len_mean          | 1e+03       |
|    ep_rew_mean          | 49          |
| time/                   |             |
|    fps                  | 660         |
|    iterations           | 184         |
|    time_elapsed         | 17          |
|    total_timesteps      | 11776       |
| train/                  |             |
|    approx_kl            | 0.023278387 |
|    clip_fraction        | 0.252       |
|    clip_range           | 0.2         |
|    entropy_loss         | -2.81       |
|    explained_variance   | -0.139      |
|    learning_rate        | 0.0003      |
|    loss                 | -0.0886     |
|    n_updates            | 1830        |
|    policy_gradient_loss | -0.0394     |
|    value_loss           | 0.0005      |
-----------------------------------------
-----------------------------------------
| rollout/                |             |
|    ep_len_mean          | 1e+03       |
|    ep_rew_mean          | 49          |
| time/                   |             |
|    fps                  | 660         |
|    iterations           | 185         |
|    time_elapsed         | 17          |
|    total_timesteps      | 11840       |
| train/                  |             |
|    approx_kl            | 0.027793776 |
|    clip_fraction        | 0.2         |
|    clip_range           | 0.2         |
|    entropy_loss         | -2.84       |
|    explained_variance   | -0.133      |
|    learning_rate        | 0.0003      |
|    loss                 | -0.0816     |
|    n_updates            | 1840        |
|    policy_gradient_loss | -0.0357     |
|    value_loss           | 0.0004      |
-----------------------------------------
-----------------------------------------
| rollout/                |             |
|    ep_len_mean          | 1e+03       |
|    ep_rew_mean          | 49          |
| time/                   |             |
|    fps                  | 660         |
|    iterations           | 186         |
|    time_elapsed         | 18          |
|    total_timesteps      | 11904       |
| train/                  |             |
|    approx_kl            | 0.020942312 |
|    clip_fraction        | 0.25        |
|    clip_range           | 0.2         |
|    entropy_loss         | -2.81       |
|    explained_variance   | -0.00818    |
|    learning_rate        | 0.0003      |
|    loss                 | -0.0753     |
|    n_updates            | 1850        |
|    policy_gradient_loss | -0.0356     |
|    value_loss           | 0.000261    |
-----------------------------------------
---------------------------------------
| rollout/                |           |
|    ep_len_mean          | 1e+03     |
|    ep_rew_mean          | 49        |
| time/                   |           |
|    fps                  | 660       |
|    iterations           | 187       |
|    time_elapsed         | 18        |
|    total_timesteps      | 11968     |
| train/                  |           |
|    approx_kl            | 0.0232709 |
|    clip_fraction        | 0.208     |
|    clip_range           | 0.2       |
|    entropy_loss         | -2.8      |
|    explained_variance   | -0.0591   |
|    learning_rate        | 0.0003    |
|    loss                 | -0.0862   |
|    n_updates            | 1860      |
|    policy_gradient_loss | -0.0326   |
|    value_loss           | 0.000206  |
---------------------------------------
-----------------------------------------
| rollout/                |             |
|    ep_len_mean          | 1e+03       |
|    ep_rew_mean          | 49          |
| time/                   |             |
|    fps                  | 660         |
|    iterations           | 188         |
|    time_elapsed         | 18          |
|    total_timesteps      | 12032       |
| train/                  |             |
|    approx_kl            | 0.020893417 |
|    clip_fraction        | 0.181       |
|    clip_range           | 0.2         |
|    entropy_loss         | -2.81       |
|    explained_variance   | -0.513      |
|    learning_rate        | 0.0003      |
|    loss                 | -0.0397     |
|    n_updates            | 1870        |
|    policy_gradient_loss | -0.0406     |
|    value_loss           | 0.000186    |
-----------------------------------------
-----------------------------------------
| rollout/                |             |
|    ep_len_mean          | 1e+03       |
|    ep_rew_mean          | 49          |
| time/                   |             |
|    fps                  | 660         |
|    iterations           | 189         |
|    time_elapsed         | 18          |
|    total_timesteps      | 12096       |
| train/                  |             |
|    approx_kl            | 0.010027495 |
|    clip_fraction        | 0.0172      |
|    clip_range           | 0.2         |
|    entropy_loss         | -2.81       |
|    explained_variance   | -0.00244    |
|    learning_rate        | 0.0003      |
|    loss                 | 0.724       |
|    n_updates            | 1880        |
|    policy_gradient_loss | -0.017      |
|    value_loss           | 2.08        |
-----------------------------------------
-----------------------------------------
| rollout/                |             |
|    ep_len_mean          | 1e+03       |
|    ep_rew_mean          | 49          |
| time/                   |             |
|    fps                  | 660         |
|    iterations           | 190         |
|    time_elapsed         | 18          |
|    total_timesteps      | 12160       |
| train/                  |             |
|    approx_kl            | 0.017374836 |
|    clip_fraction        | 0.186       |
|    clip_range           | 0.2         |
|    entropy_loss         | -2.8        |
|    explained_variance   | 0.129       |
|    learning_rate        | 0.0003      |
|    loss                 | -0.128      |
|    n_updates            | 1890        |
|    policy_gradient_loss | -0.0446     |
|    value_loss           | 0.00716     |
-----------------------------------------
-----------------------------------------
| rollout/                |             |
|    ep_len_mean          | 1e+03       |
|    ep_rew_mean          | 49          |
| time/                   |             |
|    fps                  | 660         |
|    iterations           | 191         |
|    time_elapsed         | 18          |
|    total_timesteps      | 12224       |
| train/                  |             |
|    approx_kl            | 0.009887365 |
|    clip_fraction        | 0.075       |
|    clip_range           | 0.2         |
|    entropy_loss         | -2.79       |
|    explained_variance   | -1.45       |
|    learning_rate        | 0.0003      |
|    loss                 | -0.064      |
|    n_updates            | 1900        |
|    policy_gradient_loss | -0.0186     |
|    value_loss           | 0.00512     |
-----------------------------------------
-----------------------------------------
| rollout/                |             |
|    ep_len_mean          | 1e+03       |
|    ep_rew_mean          | 49          |
| time/                   |             |
|    fps                  | 659         |
|    iterations           | 192         |
|    time_elapsed         | 18          |
|    total_timesteps      | 12288       |
| train/                  |             |
|    approx_kl            | 0.030011341 |
|    clip_fraction        | 0.333       |
|    clip_range           | 0.2         |
|    entropy_loss         | -2.72       |
|    explained_variance   | -0.505      |
|    learning_rate        | 0.0003      |
|    loss                 | -0.115      |
|    n_updates            | 1910        |
|    policy_gradient_loss | -0.0605     |
|    value_loss           | 0.00392     |
-----------------------------------------
-----------------------------------------
| rollout/                |             |
|    ep_len_mean          | 1e+03       |
|    ep_rew_mean          | 49          |
| time/                   |             |
|    fps                  | 660         |
|    iterations           | 193         |
|    time_elapsed         | 18          |
|    total_timesteps      | 12352       |
| train/                  |             |
|    approx_kl            | 0.028231818 |
|    clip_fraction        | 0.161       |
|    clip_range           | 0.2         |
|    entropy_loss         | -2.72       |
|    explained_variance   | -0.139      |
|    learning_rate        | 0.0003      |
|    loss                 | -0.102      |
|    n_updates            | 1920        |
|    policy_gradient_loss | -0.0229     |
|    value_loss           | 0.00291     |
-----------------------------------------
-----------------------------------------
| rollout/                |             |
|    ep_len_mean          | 1e+03       |
|    ep_rew_mean          | 49          |
| time/                   |             |
|    fps                  | 660         |
|    iterations           | 194         |
|    time_elapsed         | 18          |
|    total_timesteps      | 12416       |
| train/                  |             |
|    approx_kl            | 0.023383614 |
|    clip_fraction        | 0.2         |
|    clip_range           | 0.2         |
|    entropy_loss         | -2.73       |
|    explained_variance   | 0.0164      |
|    learning_rate        | 0.0003      |
|    loss                 | -0.0839     |
|    n_updates            | 1930        |
|    policy_gradient_loss | -0.0483     |
|    value_loss           | 0.00221     |
-----------------------------------------
-----------------------------------------
| rollout/                |             |
|    ep_len_mean          | 1e+03       |
|    ep_rew_mean          | 49          |
| time/                   |             |
|    fps                  | 660         |
|    iterations           | 195         |
|    time_elapsed         | 18          |
|    total_timesteps      | 12480       |
| train/                  |             |
|    approx_kl            | 0.012460962 |
|    clip_fraction        | 0.173       |
|    clip_range           | 0.2         |
|    entropy_loss         | -2.74       |
|    explained_variance   | -0.0646     |
|    learning_rate        | 0.0003      |
|    loss                 | -0.0506     |
|    n_updates            | 1940        |
|    policy_gradient_loss | -0.0252     |
|    value_loss           | 0.00161     |
-----------------------------------------
-----------------------------------------
| rollout/                |             |
|    ep_len_mean          | 1e+03       |
|    ep_rew_mean          | 49          |
| time/                   |             |
|    fps                  | 660         |
|    iterations           | 196         |
|    time_elapsed         | 19          |
|    total_timesteps      | 12544       |
| train/                  |             |
|    approx_kl            | 0.022067346 |
|    clip_fraction        | 0.273       |
|    clip_range           | 0.2         |
|    entropy_loss         | -2.76       |
|    explained_variance   | -0.00963    |
|    learning_rate        | 0.0003      |
|    loss                 | -0.0618     |
|    n_updates            | 1950        |
|    policy_gradient_loss | -0.04       |
|    value_loss           | 0.00116     |
-----------------------------------------
-----------------------------------------
| rollout/                |             |
|    ep_len_mean          | 1e+03       |
|    ep_rew_mean          | 49          |
| time/                   |             |
|    fps                  | 660         |
|    iterations           | 197         |
|    time_elapsed         | 19          |
|    total_timesteps      | 12608       |
| train/                  |             |
|    approx_kl            | 0.026191624 |
|    clip_fraction        | 0.212       |
|    clip_range           | 0.2         |
|    entropy_loss         | -2.82       |
|    explained_variance   | -0.0046     |
|    learning_rate        | 0.0003      |
|    loss                 | -0.0884     |
|    n_updates            | 1960        |
|    policy_gradient_loss | -0.044      |
|    value_loss           | 0.000949    |
-----------------------------------------
-----------------------------------------
| rollout/                |             |
|    ep_len_mean          | 1e+03       |
|    ep_rew_mean          | 49          |
| time/                   |             |
|    fps                  | 660         |
|    iterations           | 198         |
|    time_elapsed         | 19          |
|    total_timesteps      | 12672       |
| train/                  |             |
|    approx_kl            | 0.018944733 |
|    clip_fraction        | 0.259       |
|    clip_range           | 0.2         |
|    entropy_loss         | -2.86       |
|    explained_variance   | -0.0561     |
|    learning_rate        | 0.0003      |
|    loss                 | -0.107      |
|    n_updates            | 1970        |
|    policy_gradient_loss | -0.0378     |
|    value_loss           | 0.000653    |
-----------------------------------------
-----------------------------------------
| rollout/                |             |
|    ep_len_mean          | 1e+03       |
|    ep_rew_mean          | 49          |
| time/                   |             |
|    fps                  | 660         |
|    iterations           | 199         |
|    time_elapsed         | 19          |
|    total_timesteps      | 12736       |
| train/                  |             |
|    approx_kl            | 0.015669473 |
|    clip_fraction        | 0.0703      |
|    clip_range           | 0.2         |
|    entropy_loss         | -2.83       |
|    explained_variance   | -0.000531   |
|    learning_rate        | 0.0003      |
|    loss                 | -0.0236     |
|    n_updates            | 1980        |
|    policy_gradient_loss | -0.0191     |
|    value_loss           | 0.000536    |
-----------------------------------------
----------------------------------------
| rollout/                |            |
|    ep_len_mean          | 1e+03      |
|    ep_rew_mean          | 49         |
| time/                   |            |
|    fps                  | 660        |
|    iterations           | 200        |
|    time_elapsed         | 19         |
|    total_timesteps      | 12800      |
| train/                  |            |
|    approx_kl            | 0.02715426 |
|    clip_fraction        | 0.259      |
|    clip_range           | 0.2        |
|    entropy_loss         | -2.83      |
|    explained_variance   | -0.000286  |
|    learning_rate        | 0.0003     |
|    loss                 | -0.14      |
|    n_updates            | 1990       |
|    policy_gradient_loss | -0.0495    |
|    value_loss           | 0.00037    |
----------------------------------------
-----------------------------------------
| rollout/                |             |
|    ep_len_mean          | 1e+03       |
|    ep_rew_mean          | 49          |
| time/                   |             |
|    fps                  | 660         |
|    iterations           | 201         |
|    time_elapsed         | 19          |
|    total_timesteps      | 12864       |
| train/                  |             |
|    approx_kl            | 0.021348525 |
|    clip_fraction        | 0.263       |
|    clip_range           | 0.2         |
|    entropy_loss         | -2.84       |
|    explained_variance   | 0.0172      |
|    learning_rate        | 0.0003      |
|    loss                 | -0.113      |
|    n_updates            | 2000        |
|    policy_gradient_loss | -0.0442     |
|    value_loss           | 0.000277    |
-----------------------------------------
-----------------------------------------
| rollout/                |             |
|    ep_len_mean          | 1e+03       |
|    ep_rew_mean          | 49          |
| time/                   |             |
|    fps                  | 660         |
|    iterations           | 202         |
|    time_elapsed         | 19          |
|    total_timesteps      | 12928       |
| train/                  |             |
|    approx_kl            | 0.016667504 |
|    clip_fraction        | 0.183       |
|    clip_range           | 0.2         |
|    entropy_loss         | -2.86       |
|    explained_variance   | -0.0824     |
|    learning_rate        | 0.0003      |
|    loss                 | -0.109      |
|    n_updates            | 2010        |
|    policy_gradient_loss | -0.0286     |
|    value_loss           | 0.000211    |
-----------------------------------------
-----------------------------------------
| rollout/                |             |
|    ep_len_mean          | 1e+03       |
|    ep_rew_mean          | 49          |
| time/                   |             |
|    fps                  | 660         |
|    iterations           | 203         |
|    time_elapsed         | 19          |
|    total_timesteps      | 12992       |
| train/                  |             |
|    approx_kl            | 0.022428764 |
|    clip_fraction        | 0.228       |
|    clip_range           | 0.2         |
|    entropy_loss         | -2.86       |
|    explained_variance   | -0.0776     |
|    learning_rate        | 0.0003      |
|    loss                 | -0.0433     |
|    n_updates            | 2020        |
|    policy_gradient_loss | -0.0377     |
|    value_loss           | 0.000158    |
-----------------------------------------
----------------------------------------
| rollout/                |            |
|    ep_len_mean          | 1e+03      |
|    ep_rew_mean          | 49         |
| time/                   |            |
|    fps                  | 660        |
|    iterations           | 204        |
|    time_elapsed         | 19         |
|    total_timesteps      | 13056      |
| train/                  |            |
|    approx_kl            | 0.02933068 |
|    clip_fraction        | 0.302      |
|    clip_range           | 0.2        |
|    entropy_loss         | -2.9       |
|    explained_variance   | -0.00931   |
|    learning_rate        | 0.0003     |
|    loss                 | -0.171     |
|    n_updates            | 2030       |
|    policy_gradient_loss | -0.0585    |
|    value_loss           | 0.000115   |
----------------------------------------
-----------------------------------------
| rollout/                |             |
|    ep_len_mean          | 1e+03       |
|    ep_rew_mean          | 49          |
| time/                   |             |
|    fps                  | 660         |
|    iterations           | 205         |
|    time_elapsed         | 19          |
|    total_timesteps      | 13120       |
| train/                  |             |
|    approx_kl            | 0.013875229 |
|    clip_fraction        | 0.119       |
|    clip_range           | 0.2         |
|    entropy_loss         | -2.9        |
|    explained_variance   | -0.000452   |
|    learning_rate        | 0.0003      |
|    loss                 | 0.978       |
|    n_updates            | 2040        |
|    policy_gradient_loss | -0.0253     |
|    value_loss           | 1.7         |
-----------------------------------------
-----------------------------------------
| rollout/                |             |
|    ep_len_mean          | 1e+03       |
|    ep_rew_mean          | 49          |
| time/                   |             |
|    fps                  | 660         |
|    iterations           | 206         |
|    time_elapsed         | 19          |
|    total_timesteps      | 13184       |
| train/                  |             |
|    approx_kl            | 0.018480772 |
|    clip_fraction        | 0.148       |
|    clip_range           | 0.2         |
|    entropy_loss         | -2.85       |
|    explained_variance   | -0.745      |
|    learning_rate        | 0.0003      |
|    loss                 | -0.127      |
|    n_updates            | 2050        |
|    policy_gradient_loss | -0.0309     |
|    value_loss           | 0.0017      |
-----------------------------------------
-----------------------------------------
| rollout/                |             |
|    ep_len_mean          | 1e+03       |
|    ep_rew_mean          | 49          |
| time/                   |             |
|    fps                  | 660         |
|    iterations           | 207         |
|    time_elapsed         | 20          |
|    total_timesteps      | 13248       |
| train/                  |             |
|    approx_kl            | 0.021601371 |
|    clip_fraction        | 0.227       |
|    clip_range           | 0.2         |
|    entropy_loss         | -2.83       |
|    explained_variance   | -0.793      |
|    learning_rate        | 0.0003      |
|    loss                 | -0.0734     |
|    n_updates            | 2060        |
|    policy_gradient_loss | -0.0419     |
|    value_loss           | 0.000897    |
-----------------------------------------
-----------------------------------------
| rollout/                |             |
|    ep_len_mean          | 1e+03       |
|    ep_rew_mean          | 49          |
| time/                   |             |
|    fps                  | 660         |
|    iterations           | 208         |
|    time_elapsed         | 20          |
|    total_timesteps      | 13312       |
| train/                  |             |
|    approx_kl            | 0.018526226 |
|    clip_fraction        | 0.148       |
|    clip_range           | 0.2         |
|    entropy_loss         | -2.87       |
|    explained_variance   | 0.0161      |
|    learning_rate        | 0.0003      |
|    loss                 | -0.09       |
|    n_updates            | 2070        |
|    policy_gradient_loss | -0.032      |
|    value_loss           | 0.000697    |
-----------------------------------------
----------------------------------------
| rollout/                |            |
|    ep_len_mean          | 1e+03      |
|    ep_rew_mean          | 49         |
| time/                   |            |
|    fps                  | 660        |
|    iterations           | 209        |
|    time_elapsed         | 20         |
|    total_timesteps      | 13376      |
| train/                  |            |
|    approx_kl            | 0.01895737 |
|    clip_fraction        | 0.134      |
|    clip_range           | 0.2        |
|    entropy_loss         | -2.85      |
|    explained_variance   | 0          |
|    learning_rate        | 0.0003     |
|    loss                 | -0.0495    |
|    n_updates            | 2080       |
|    policy_gradient_loss | -0.0289    |
|    value_loss           | 0.00052    |
----------------------------------------
-----------------------------------------
| rollout/                |             |
|    ep_len_mean          | 1e+03       |
|    ep_rew_mean          | 49          |
| time/                   |             |
|    fps                  | 660         |
|    iterations           | 210         |
|    time_elapsed         | 20          |
|    total_timesteps      | 13440       |
| train/                  |             |
|    approx_kl            | 0.021146905 |
|    clip_fraction        | 0.244       |
|    clip_range           | 0.2         |
|    entropy_loss         | -2.84       |
|    explained_variance   | -0.222      |
|    learning_rate        | 0.0003      |
|    loss                 | -0.0949     |
|    n_updates            | 2090        |
|    policy_gradient_loss | -0.0384     |
|    value_loss           | 0.000452    |
-----------------------------------------
-----------------------------------------
| rollout/                |             |
|    ep_len_mean          | 1e+03       |
|    ep_rew_mean          | 49          |
| time/                   |             |
|    fps                  | 660         |
|    iterations           | 211         |
|    time_elapsed         | 20          |
|    total_timesteps      | 13504       |
| train/                  |             |
|    approx_kl            | 0.019762173 |
|    clip_fraction        | 0.103       |
|    clip_range           | 0.2         |
|    entropy_loss         | -2.83       |
|    explained_variance   | -0.305      |
|    learning_rate        | 0.0003      |
|    loss                 | -0.0862     |
|    n_updates            | 2100        |
|    policy_gradient_loss | -0.0293     |
|    value_loss           | 0.000318    |
-----------------------------------------
-----------------------------------------
| rollout/                |             |
|    ep_len_mean          | 1e+03       |
|    ep_rew_mean          | 49          |
| time/                   |             |
|    fps                  | 660         |
|    iterations           | 212         |
|    time_elapsed         | 20          |
|    total_timesteps      | 13568       |
| train/                  |             |
|    approx_kl            | 0.015853092 |
|    clip_fraction        | 0.147       |
|    clip_range           | 0.2         |
|    entropy_loss         | -2.79       |
|    explained_variance   | -0.0515     |
|    learning_rate        | 0.0003      |
|    loss                 | -0.109      |
|    n_updates            | 2110        |
|    policy_gradient_loss | -0.0264     |
|    value_loss           | 0.000217    |
-----------------------------------------
-----------------------------------------
| rollout/                |             |
|    ep_len_mean          | 1e+03       |
|    ep_rew_mean          | 49          |
| time/                   |             |
|    fps                  | 660         |
|    iterations           | 213         |
|    time_elapsed         | 20          |
|    total_timesteps      | 13632       |
| train/                  |             |
|    approx_kl            | 0.025786068 |
|    clip_fraction        | 0.242       |
|    clip_range           | 0.2         |
|    entropy_loss         | -2.82       |
|    explained_variance   | -0.0908     |
|    learning_rate        | 0.0003      |
|    loss                 | -0.15       |
|    n_updates            | 2120        |
|    policy_gradient_loss | -0.0474     |
|    value_loss           | 0.000145    |
-----------------------------------------
-----------------------------------------
| rollout/                |             |
|    ep_len_mean          | 1e+03       |
|    ep_rew_mean          | 49          |
| time/                   |             |
|    fps                  | 660         |
|    iterations           | 214         |
|    time_elapsed         | 20          |
|    total_timesteps      | 13696       |
| train/                  |             |
|    approx_kl            | 0.024131548 |
|    clip_fraction        | 0.175       |
|    clip_range           | 0.2         |
|    entropy_loss         | -2.76       |
|    explained_variance   | -2.07       |
|    learning_rate        | 0.0003      |
|    loss                 | -0.113      |
|    n_updates            | 2130        |
|    policy_gradient_loss | -0.0448     |
|    value_loss           | 0.000146    |
-----------------------------------------
-----------------------------------------
| rollout/                |             |
|    ep_len_mean          | 1e+03       |
|    ep_rew_mean          | 49          |
| time/                   |             |
|    fps                  | 660         |
|    iterations           | 215         |
|    time_elapsed         | 20          |
|    total_timesteps      | 13760       |
| train/                  |             |
|    approx_kl            | 0.026065862 |
|    clip_fraction        | 0.292       |
|    clip_range           | 0.2         |
|    entropy_loss         | -2.73       |
|    explained_variance   | -0.501      |
|    learning_rate        | 0.0003      |
|    loss                 | -0.0353     |
|    n_updates            | 2140        |
|    policy_gradient_loss | -0.0378     |
|    value_loss           | 8.38e-05    |
-----------------------------------------
-----------------------------------------
| rollout/                |             |
|    ep_len_mean          | 1e+03       |
|    ep_rew_mean          | 49          |
| time/                   |             |
|    fps                  | 660         |
|    iterations           | 216         |
|    time_elapsed         | 20          |
|    total_timesteps      | 13824       |
| train/                  |             |
|    approx_kl            | 0.026779354 |
|    clip_fraction        | 0.202       |
|    clip_range           | 0.2         |
|    entropy_loss         | -2.77       |
|    explained_variance   | -0.377      |
|    learning_rate        | 0.0003      |
|    loss                 | -0.133      |
|    n_updates            | 2150        |
|    policy_gradient_loss | -0.041      |
|    value_loss           | 7.79e-05    |
-----------------------------------------
-----------------------------------------
| rollout/                |             |
|    ep_len_mean          | 1e+03       |
|    ep_rew_mean          | 49          |
| time/                   |             |
|    fps                  | 660         |
|    iterations           | 217         |
|    time_elapsed         | 21          |
|    total_timesteps      | 13888       |
| train/                  |             |
|    approx_kl            | 0.030720409 |
|    clip_fraction        | 0.216       |
|    clip_range           | 0.2         |
|    entropy_loss         | -2.81       |
|    explained_variance   | -0.238      |
|    learning_rate        | 0.0003      |
|    loss                 | -0.156      |
|    n_updates            | 2160        |
|    policy_gradient_loss | -0.0429     |
|    value_loss           | 5.72e-05    |
-----------------------------------------
-----------------------------------------
| rollout/                |             |
|    ep_len_mean          | 1e+03       |
|    ep_rew_mean          | 49          |
| time/                   |             |
|    fps                  | 660         |
|    iterations           | 218         |
|    time_elapsed         | 21          |
|    total_timesteps      | 13952       |
| train/                  |             |
|    approx_kl            | 0.016601987 |
|    clip_fraction        | 0.155       |
|    clip_range           | 0.2         |
|    entropy_loss         | -2.91       |
|    explained_variance   | -0.441      |
|    learning_rate        | 0.0003      |
|    loss                 | -0.0798     |
|    n_updates            | 2170        |
|    policy_gradient_loss | -0.0291     |
|    value_loss           | 3.92e-05    |
-----------------------------------------
-----------------------------------------
| rollout/                |             |
|    ep_len_mean          | 1e+03       |
|    ep_rew_mean          | 49          |
| time/                   |             |
|    fps                  | 660         |
|    iterations           | 219         |
|    time_elapsed         | 21          |
|    total_timesteps      | 14016       |
| train/                  |             |
|    approx_kl            | 0.022904444 |
|    clip_fraction        | 0.164       |
|    clip_range           | 0.2         |
|    entropy_loss         | -2.92       |
|    explained_variance   | -10.6       |
|    learning_rate        | 0.0003      |
|    loss                 | -0.026      |
|    n_updates            | 2180        |
|    policy_gradient_loss | -0.0431     |
|    value_loss           | 0.000518    |
-----------------------------------------
----------------------------------------
| rollout/                |            |
|    ep_len_mean          | 1e+03      |
|    ep_rew_mean          | 49         |
| time/                   |            |
|    fps                  | 660        |
|    iterations           | 220        |
|    time_elapsed         | 21         |
|    total_timesteps      | 14080      |
| train/                  |            |
|    approx_kl            | 0.00933543 |
|    clip_fraction        | 0.0531     |
|    clip_range           | 0.2        |
|    entropy_loss         | -2.98      |
|    explained_variance   | 0.00959    |
|    learning_rate        | 0.0003     |
|    loss                 | 0.396      |
|    n_updates            | 2190       |
|    policy_gradient_loss | -0.0275    |
|    value_loss           | 1.9        |
----------------------------------------
-----------------------------------------
| rollout/                |             |
|    ep_len_mean          | 1e+03       |
|    ep_rew_mean          | 49          |
| time/                   |             |
|    fps                  | 659         |
|    iterations           | 221         |
|    time_elapsed         | 21          |
|    total_timesteps      | 14144       |
| train/                  |             |
|    approx_kl            | 0.022168921 |
|    clip_fraction        | 0.225       |
|    clip_range           | 0.2         |
|    entropy_loss         | -2.97       |
|    explained_variance   | -0.607      |
|    learning_rate        | 0.0003      |
|    loss                 | -0.062      |
|    n_updates            | 2200        |
|    policy_gradient_loss | -0.0356     |
|    value_loss           | 0.00746     |
-----------------------------------------
----------------------------------------
| rollout/                |            |
|    ep_len_mean          | 1e+03      |
|    ep_rew_mean          | 49         |
| time/                   |            |
|    fps                  | 659        |
|    iterations           | 222        |
|    time_elapsed         | 21         |
|    total_timesteps      | 14208      |
| train/                  |            |
|    approx_kl            | 0.02851389 |
|    clip_fraction        | 0.227      |
|    clip_range           | 0.2        |
|    entropy_loss         | -2.93      |
|    explained_variance   | 0.113      |
|    learning_rate        | 0.0003     |
|    loss                 | -0.0896    |
|    n_updates            | 2210       |
|    policy_gradient_loss | -0.0432    |
|    value_loss           | 0.00644    |
----------------------------------------
---------------------------------------
| rollout/                |           |
|    ep_len_mean          | 1e+03     |
|    ep_rew_mean          | 49        |
| time/                   |           |
|    fps                  | 660       |
|    iterations           | 223       |
|    time_elapsed         | 21        |
|    total_timesteps      | 14272     |
| train/                  |           |
|    approx_kl            | 0.0184909 |
|    clip_fraction        | 0.189     |
|    clip_range           | 0.2       |
|    entropy_loss         | -2.91     |
|    explained_variance   | -0.192    |
|    learning_rate        | 0.0003    |
|    loss                 | -0.104    |
|    n_updates            | 2220      |
|    policy_gradient_loss | -0.0322   |
|    value_loss           | 0.00436   |
---------------------------------------
-----------------------------------------
| rollout/                |             |
|    ep_len_mean          | 1e+03       |
|    ep_rew_mean          | 49          |
| time/                   |             |
|    fps                  | 660         |
|    iterations           | 224         |
|    time_elapsed         | 21          |
|    total_timesteps      | 14336       |
| train/                  |             |
|    approx_kl            | 0.021981064 |
|    clip_fraction        | 0.195       |
|    clip_range           | 0.2         |
|    entropy_loss         | -2.92       |
|    explained_variance   | -0.161      |
|    learning_rate        | 0.0003      |
|    loss                 | -0.131      |
|    n_updates            | 2230        |
|    policy_gradient_loss | -0.0401     |
|    value_loss           | 0.00344     |
-----------------------------------------
-----------------------------------------
| rollout/                |             |
|    ep_len_mean          | 1e+03       |
|    ep_rew_mean          | 49          |
| time/                   |             |
|    fps                  | 660         |
|    iterations           | 225         |
|    time_elapsed         | 21          |
|    total_timesteps      | 14400       |
| train/                  |             |
|    approx_kl            | 0.019017339 |
|    clip_fraction        | 0.192       |
|    clip_range           | 0.2         |
|    entropy_loss         | -2.89       |
|    explained_variance   | 0.0178      |
|    learning_rate        | 0.0003      |
|    loss                 | -0.0857     |
|    n_updates            | 2240        |
|    policy_gradient_loss | -0.0295     |
|    value_loss           | 0.00237     |
-----------------------------------------
----------------------------------------
| rollout/                |            |
|    ep_len_mean          | 1e+03      |
|    ep_rew_mean          | 49         |
| time/                   |            |
|    fps                  | 659        |
|    iterations           | 226        |
|    time_elapsed         | 21         |
|    total_timesteps      | 14464      |
| train/                  |            |
|    approx_kl            | 0.02384086 |
|    clip_fraction        | 0.264      |
|    clip_range           | 0.2        |
|    entropy_loss         | -2.89      |
|    explained_variance   | -0.311     |
|    learning_rate        | 0.0003     |
|    loss                 | -0.078     |
|    n_updates            | 2250       |
|    policy_gradient_loss | -0.0356    |
|    value_loss           | 0.00204    |
----------------------------------------
----------------------------------------
| rollout/                |            |
|    ep_len_mean          | 1e+03      |
|    ep_rew_mean          | 49         |
| time/                   |            |
|    fps                  | 660        |
|    iterations           | 227        |
|    time_elapsed         | 22         |
|    total_timesteps      | 14528      |
| train/                  |            |
|    approx_kl            | 0.03126853 |
|    clip_fraction        | 0.261      |
|    clip_range           | 0.2        |
|    entropy_loss         | -2.87      |
|    explained_variance   | -0.18      |
|    learning_rate        | 0.0003     |
|    loss                 | -0.181     |
|    n_updates            | 2260       |
|    policy_gradient_loss | -0.0625    |
|    value_loss           | 0.00141    |
----------------------------------------
-----------------------------------------
| rollout/                |             |
|    ep_len_mean          | 1e+03       |
|    ep_rew_mean          | 49          |
| time/                   |             |
|    fps                  | 660         |
|    iterations           | 228         |
|    time_elapsed         | 22          |
|    total_timesteps      | 14592       |
| train/                  |             |
|    approx_kl            | 0.017841015 |
|    clip_fraction        | 0.156       |
|    clip_range           | 0.2         |
|    entropy_loss         | -2.87       |
|    explained_variance   | -16.1       |
|    learning_rate        | 0.0003      |
|    loss                 | -0.117      |
|    n_updates            | 2270        |
|    policy_gradient_loss | -0.0464     |
|    value_loss           | 0.00343     |
-----------------------------------------
----------------------------------------
| rollout/                |            |
|    ep_len_mean          | 1e+03      |
|    ep_rew_mean          | 49         |
| time/                   |            |
|    fps                  | 659        |
|    iterations           | 229        |
|    time_elapsed         | 22         |
|    total_timesteps      | 14656      |
| train/                  |            |
|    approx_kl            | 0.02039298 |
|    clip_fraction        | 0.198      |
|    clip_range           | 0.2        |
|    entropy_loss         | -2.93      |
|    explained_variance   | -8.52      |
|    learning_rate        | 0.0003     |
|    loss                 | -0.0665    |
|    n_updates            | 2280       |
|    policy_gradient_loss | -0.0583    |
|    value_loss           | 0.00257    |
----------------------------------------
----------------------------------------
| rollout/                |            |
|    ep_len_mean          | 1e+03      |
|    ep_rew_mean          | 49         |
| time/                   |            |
|    fps                  | 659        |
|    iterations           | 230        |
|    time_elapsed         | 22         |
|    total_timesteps      | 14720      |
| train/                  |            |
|    approx_kl            | 0.01905943 |
|    clip_fraction        | 0.194      |
|    clip_range           | 0.2        |
|    entropy_loss         | -2.87      |
|    explained_variance   | -0.266     |
|    learning_rate        | 0.0003     |
|    loss                 | -0.0916    |
|    n_updates            | 2290       |
|    policy_gradient_loss | -0.0366    |
|    value_loss           | 0.000649   |
----------------------------------------
-----------------------------------------
| rollout/                |             |
|    ep_len_mean          | 1e+03       |
|    ep_rew_mean          | 49          |
| time/                   |             |
|    fps                  | 659         |
|    iterations           | 231         |
|    time_elapsed         | 22          |
|    total_timesteps      | 14784       |
| train/                  |             |
|    approx_kl            | 0.022849116 |
|    clip_fraction        | 0.286       |
|    clip_range           | 0.2         |
|    entropy_loss         | -2.87       |
|    explained_variance   | -0.395      |
|    learning_rate        | 0.0003      |
|    loss                 | -0.0924     |
|    n_updates            | 2300        |
|    policy_gradient_loss | -0.0428     |
|    value_loss           | 0.000509    |
-----------------------------------------
-----------------------------------------
| rollout/                |             |
|    ep_len_mean          | 1e+03       |
|    ep_rew_mean          | 49          |
| time/                   |             |
|    fps                  | 659         |
|    iterations           | 232         |
|    time_elapsed         | 22          |
|    total_timesteps      | 14848       |
| train/                  |             |
|    approx_kl            | 0.026719224 |
|    clip_fraction        | 0.259       |
|    clip_range           | 0.2         |
|    entropy_loss         | -2.84       |
|    explained_variance   | -0.375      |
|    learning_rate        | 0.0003      |
|    loss                 | -0.0788     |
|    n_updates            | 2310        |
|    policy_gradient_loss | -0.049      |
|    value_loss           | 0.000402    |
-----------------------------------------
----------------------------------------
| rollout/                |            |
|    ep_len_mean          | 1e+03      |
|    ep_rew_mean          | 49         |
| time/                   |            |
|    fps                  | 660        |
|    iterations           | 233        |
|    time_elapsed         | 22         |
|    total_timesteps      | 14912      |
| train/                  |            |
|    approx_kl            | 0.01772857 |
|    clip_fraction        | 0.189      |
|    clip_range           | 0.2        |
|    entropy_loss         | -2.8       |
|    explained_variance   | -0.702     |
|    learning_rate        | 0.0003     |
|    loss                 | -0.0984    |
|    n_updates            | 2320       |
|    policy_gradient_loss | -0.0458    |
|    value_loss           | 0.000328   |
----------------------------------------
-----------------------------------------
| rollout/                |             |
|    ep_len_mean          | 1e+03       |
|    ep_rew_mean          | 49          |
| time/                   |             |
|    fps                  | 660         |
|    iterations           | 234         |
|    time_elapsed         | 22          |
|    total_timesteps      | 14976       |
| train/                  |             |
|    approx_kl            | 0.020652805 |
|    clip_fraction        | 0.183       |
|    clip_range           | 0.2         |
|    entropy_loss         | -2.76       |
|    explained_variance   | 1.19e-07    |
|    learning_rate        | 0.0003      |
|    loss                 | -0.109      |
|    n_updates            | 2330        |
|    policy_gradient_loss | -0.0361     |
|    value_loss           | 0.000163    |
-----------------------------------------
-----------------------------------------
| rollout/                |             |
|    ep_len_mean          | 1e+03       |
|    ep_rew_mean          | 49          |
| time/                   |             |
|    fps                  | 660         |
|    iterations           | 235         |
|    time_elapsed         | 22          |
|    total_timesteps      | 15040       |
| train/                  |             |
|    approx_kl            | 0.023787163 |
|    clip_fraction        | 0.214       |
|    clip_range           | 0.2         |
|    entropy_loss         | -2.71       |
|    explained_variance   | 0.0324      |
|    learning_rate        | 0.0003      |
|    loss                 | -0.0884     |
|    n_updates            | 2340        |
|    policy_gradient_loss | -0.042      |
|    value_loss           | 0.00013     |
-----------------------------------------
-----------------------------------------
| rollout/                |             |
|    ep_len_mean          | 1e+03       |
|    ep_rew_mean          | 49          |
| time/                   |             |
|    fps                  | 660         |
|    iterations           | 236         |
|    time_elapsed         | 22          |
|    total_timesteps      | 15104       |
| train/                  |             |
|    approx_kl            | 0.013197255 |
|    clip_fraction        | 0.0531      |
|    clip_range           | 0.2         |
|    entropy_loss         | -2.75       |
|    explained_variance   | 7.48e-05    |
|    learning_rate        | 0.0003      |
|    loss                 | 0.876       |
|    n_updates            | 2350        |
|    policy_gradient_loss | -0.0189     |
|    value_loss           | 2.14        |
-----------------------------------------
-----------------------------------------
| rollout/                |             |
|    ep_len_mean          | 1e+03       |
|    ep_rew_mean          | 49          |
| time/                   |             |
|    fps                  | 660         |
|    iterations           | 237         |
|    time_elapsed         | 22          |
|    total_timesteps      | 15168       |
| train/                  |             |
|    approx_kl            | 0.020911414 |
|    clip_fraction        | 0.169       |
|    clip_range           | 0.2         |
|    entropy_loss         | -2.8        |
|    explained_variance   | 0           |
|    learning_rate        | 0.0003      |
|    loss                 | -0.121      |
|    n_updates            | 2360        |
|    policy_gradient_loss | -0.0415     |
|    value_loss           | 0.00558     |
-----------------------------------------
----------------------------------------
| rollout/                |            |
|    ep_len_mean          | 1e+03      |
|    ep_rew_mean          | 49         |
| time/                   |            |
|    fps                  | 659        |
|    iterations           | 238        |
|    time_elapsed         | 23         |
|    total_timesteps      | 15232      |
| train/                  |            |
|    approx_kl            | 0.02407303 |
|    clip_fraction        | 0.214      |
|    clip_range           | 0.2        |
|    entropy_loss         | -2.88      |
|    explained_variance   | 0          |
|    learning_rate        | 0.0003     |
|    loss                 | -0.0921    |
|    n_updates            | 2370       |
|    policy_gradient_loss | -0.027     |
|    value_loss           | 0.00431    |
----------------------------------------
-----------------------------------------
| rollout/                |             |
|    ep_len_mean          | 1e+03       |
|    ep_rew_mean          | 49          |
| time/                   |             |
|    fps                  | 659         |
|    iterations           | 239         |
|    time_elapsed         | 23          |
|    total_timesteps      | 15296       |
| train/                  |             |
|    approx_kl            | 0.026169825 |
|    clip_fraction        | 0.353       |
|    clip_range           | 0.2         |
|    entropy_loss         | -2.97       |
|    explained_variance   | -1.19e-07   |
|    learning_rate        | 0.0003      |
|    loss                 | -0.1        |
|    n_updates            | 2380        |
|    policy_gradient_loss | -0.0442     |
|    value_loss           | 0.00325     |
-----------------------------------------
-----------------------------------------
| rollout/                |             |
|    ep_len_mean          | 1e+03       |
|    ep_rew_mean          | 49          |
| time/                   |             |
|    fps                  | 659         |
|    iterations           | 240         |
|    time_elapsed         | 23          |
|    total_timesteps      | 15360       |
| train/                  |             |
|    approx_kl            | 0.023774602 |
|    clip_fraction        | 0.255       |
|    clip_range           | 0.2         |
|    entropy_loss         | -2.98       |
|    explained_variance   | 0           |
|    learning_rate        | 0.0003      |
|    loss                 | -0.149      |
|    n_updates            | 2390        |
|    policy_gradient_loss | -0.0409     |
|    value_loss           | 0.00237     |
-----------------------------------------
-----------------------------------------
| rollout/                |             |
|    ep_len_mean          | 1e+03       |
|    ep_rew_mean          | 49          |
| time/                   |             |
|    fps                  | 659         |
|    iterations           | 241         |
|    time_elapsed         | 23          |
|    total_timesteps      | 15424       |
| train/                  |             |
|    approx_kl            | 0.027188621 |
|    clip_fraction        | 0.253       |
|    clip_range           | 0.2         |
|    entropy_loss         | -3          |
|    explained_variance   | -0.0448     |
|    learning_rate        | 0.0003      |
|    loss                 | -0.0699     |
|    n_updates            | 2400        |
|    policy_gradient_loss | -0.0485     |
|    value_loss           | 0.00191     |
-----------------------------------------
-----------------------------------------
| rollout/                |             |
|    ep_len_mean          | 1e+03       |
|    ep_rew_mean          | 49          |
| time/                   |             |
|    fps                  | 659         |
|    iterations           | 242         |
|    time_elapsed         | 23          |
|    total_timesteps      | 15488       |
| train/                  |             |
|    approx_kl            | 0.021821048 |
|    clip_fraction        | 0.222       |
|    clip_range           | 0.2         |
|    entropy_loss         | -2.98       |
|    explained_variance   | -0.143      |
|    learning_rate        | 0.0003      |
|    loss                 | -0.108      |
|    n_updates            | 2410        |
|    policy_gradient_loss | -0.0381     |
|    value_loss           | 0.00145     |
-----------------------------------------
-----------------------------------------
| rollout/                |             |
|    ep_len_mean          | 1e+03       |
|    ep_rew_mean          | 49          |
| time/                   |             |
|    fps                  | 659         |
|    iterations           | 243         |
|    time_elapsed         | 23          |
|    total_timesteps      | 15552       |
| train/                  |             |
|    approx_kl            | 0.024171213 |
|    clip_fraction        | 0.255       |
|    clip_range           | 0.2         |
|    entropy_loss         | -3.02       |
|    explained_variance   | -0.127      |
|    learning_rate        | 0.0003      |
|    loss                 | -0.107      |
|    n_updates            | 2420        |
|    policy_gradient_loss | -0.0507     |
|    value_loss           | 0.000999    |
-----------------------------------------
-----------------------------------------
| rollout/                |             |
|    ep_len_mean          | 1e+03       |
|    ep_rew_mean          | 49          |
| time/                   |             |
|    fps                  | 659         |
|    iterations           | 244         |
|    time_elapsed         | 23          |
|    total_timesteps      | 15616       |
| train/                  |             |
|    approx_kl            | 0.030611478 |
|    clip_fraction        | 0.273       |
|    clip_range           | 0.2         |
|    entropy_loss         | -3.06       |
|    explained_variance   | -1.05       |
|    learning_rate        | 0.0003      |
|    loss                 | -0.0179     |
|    n_updates            | 2430        |
|    policy_gradient_loss | -0.0496     |
|    value_loss           | 0.000846    |
-----------------------------------------
----------------------------------------
| rollout/                |            |
|    ep_len_mean          | 1e+03      |
|    ep_rew_mean          | 49         |
| time/                   |            |
|    fps                  | 659        |
|    iterations           | 245        |
|    time_elapsed         | 23         |
|    total_timesteps      | 15680      |
| train/                  |            |
|    approx_kl            | 0.02144612 |
|    clip_fraction        | 0.158      |
|    clip_range           | 0.2        |
|    entropy_loss         | -3.05      |
|    explained_variance   | -0.117     |
|    learning_rate        | 0.0003     |
|    loss                 | -0.148     |
|    n_updates            | 2440       |
|    policy_gradient_loss | -0.0342    |
|    value_loss           | 0.00063    |
----------------------------------------
----------------------------------------
| rollout/                |            |
|    ep_len_mean          | 1e+03      |
|    ep_rew_mean          | 49         |
| time/                   |            |
|    fps                  | 659        |
|    iterations           | 246        |
|    time_elapsed         | 23         |
|    total_timesteps      | 15744      |
| train/                  |            |
|    approx_kl            | 0.02448994 |
|    clip_fraction        | 0.222      |
|    clip_range           | 0.2        |
|    entropy_loss         | -2.96      |
|    explained_variance   | 0.0988     |
|    learning_rate        | 0.0003     |
|    loss                 | -0.119     |
|    n_updates            | 2450       |
|    policy_gradient_loss | -0.0459    |
|    value_loss           | 0.000397   |
----------------------------------------
-----------------------------------------
| rollout/                |             |
|    ep_len_mean          | 1e+03       |
|    ep_rew_mean          | 49          |
| time/                   |             |
|    fps                  | 659         |
|    iterations           | 247         |
|    time_elapsed         | 23          |
|    total_timesteps      | 15808       |
| train/                  |             |
|    approx_kl            | 0.031799488 |
|    clip_fraction        | 0.256       |
|    clip_range           | 0.2         |
|    entropy_loss         | -2.97       |
|    explained_variance   | -0.0318     |
|    learning_rate        | 0.0003      |
|    loss                 | -0.113      |
|    n_updates            | 2460        |
|    policy_gradient_loss | -0.046      |
|    value_loss           | 0.000319    |
-----------------------------------------
-----------------------------------------
| rollout/                |             |
|    ep_len_mean          | 1e+03       |
|    ep_rew_mean          | 49          |
| time/                   |             |
|    fps                  | 659         |
|    iterations           | 248         |
|    time_elapsed         | 24          |
|    total_timesteps      | 15872       |
| train/                  |             |
|    approx_kl            | 0.021659631 |
|    clip_fraction        | 0.198       |
|    clip_range           | 0.2         |
|    entropy_loss         | -3          |
|    explained_variance   | -0.429      |
|    learning_rate        | 0.0003      |
|    loss                 | -0.101      |
|    n_updates            | 2470        |
|    policy_gradient_loss | -0.0338     |
|    value_loss           | 0.000251    |
-----------------------------------------
-----------------------------------------
| rollout/                |             |
|    ep_len_mean          | 1e+03       |
|    ep_rew_mean          | 49          |
| time/                   |             |
|    fps                  | 659         |
|    iterations           | 249         |
|    time_elapsed         | 24          |
|    total_timesteps      | 15936       |
| train/                  |             |
|    approx_kl            | 0.019055028 |
|    clip_fraction        | 0.18        |
|    clip_range           | 0.2         |
|    entropy_loss         | -2.96       |
|    explained_variance   | -0.209      |
|    learning_rate        | 0.0003      |
|    loss                 | -0.0204     |
|    n_updates            | 2480        |
|    policy_gradient_loss | -0.0423     |
|    value_loss           | 0.000181    |
-----------------------------------------
-----------------------------------------
| rollout/                |             |
|    ep_len_mean          | 1e+03       |
|    ep_rew_mean          | 49          |
| time/                   |             |
|    fps                  | 659         |
|    iterations           | 250         |
|    time_elapsed         | 24          |
|    total_timesteps      | 16000       |
| train/                  |             |
|    approx_kl            | 0.027455918 |
|    clip_fraction        | 0.236       |
|    clip_range           | 0.2         |
|    entropy_loss         | -2.94       |
|    explained_variance   | -0.0457     |
|    learning_rate        | 0.0003      |
|    loss                 | -0.0948     |
|    n_updates            | 2490        |
|    policy_gradient_loss | -0.0472     |
|    value_loss           | 0.000126    |
-----------------------------------------
-----------------------------------------
| rollout/                |             |
|    ep_len_mean          | 1e+03       |
|    ep_rew_mean          | 49          |
| time/                   |             |
|    fps                  | 659         |
|    iterations           | 251         |
|    time_elapsed         | 24          |
|    total_timesteps      | 16064       |
| train/                  |             |
|    approx_kl            | 0.010377725 |
|    clip_fraction        | 0.0422      |
|    clip_range           | 0.2         |
|    entropy_loss         | -2.96       |
|    explained_variance   | -0.000225   |
|    learning_rate        | 0.0003      |
|    loss                 | 0.622       |
|    n_updates            | 2500        |
|    policy_gradient_loss | -0.0204     |
|    value_loss           | 1.94        |
-----------------------------------------
----------------------------------------
| rollout/                |            |
|    ep_len_mean          | 1e+03      |
|    ep_rew_mean          | 49         |
| time/                   |            |
|    fps                  | 659        |
|    iterations           | 252        |
|    time_elapsed         | 24         |
|    total_timesteps      | 16128      |
| train/                  |            |
|    approx_kl            | 0.02126833 |
|    clip_fraction        | 0.164      |
|    clip_range           | 0.2        |
|    entropy_loss         | -3         |
|    explained_variance   | -0.00837   |
|    learning_rate        | 0.0003     |
|    loss                 | -0.0813    |
|    n_updates            | 2510       |
|    policy_gradient_loss | -0.0334    |
|    value_loss           | 0.00954    |
----------------------------------------
-----------------------------------------
| rollout/                |             |
|    ep_len_mean          | 1e+03       |
|    ep_rew_mean          | 49          |
| time/                   |             |
|    fps                  | 659         |
|    iterations           | 253         |
|    time_elapsed         | 24          |
|    total_timesteps      | 16192       |
| train/                  |             |
|    approx_kl            | 0.029530678 |
|    clip_fraction        | 0.22        |
|    clip_range           | 0.2         |
|    entropy_loss         | -2.96       |
|    explained_variance   | -0.0315     |
|    learning_rate        | 0.0003      |
|    loss                 | -0.0914     |
|    n_updates            | 2520        |
|    policy_gradient_loss | -0.0422     |
|    value_loss           | 0.00734     |
-----------------------------------------
----------------------------------------
| rollout/                |            |
|    ep_len_mean          | 1e+03      |
|    ep_rew_mean          | 49         |
| time/                   |            |
|    fps                  | 658        |
|    iterations           | 254        |
|    time_elapsed         | 24         |
|    total_timesteps      | 16256      |
| train/                  |            |
|    approx_kl            | 0.01971185 |
|    clip_fraction        | 0.227      |
|    clip_range           | 0.2        |
|    entropy_loss         | -2.91      |
|    explained_variance   | -0.0931    |
|    learning_rate        | 0.0003     |
|    loss                 | -0.0847    |
|    n_updates            | 2530       |
|    policy_gradient_loss | -0.0401    |
|    value_loss           | 0.00542    |
----------------------------------------
-----------------------------------------
| rollout/                |             |
|    ep_len_mean          | 1e+03       |
|    ep_rew_mean          | 49          |
| time/                   |             |
|    fps                  | 658         |
|    iterations           | 255         |
|    time_elapsed         | 24          |
|    total_timesteps      | 16320       |
| train/                  |             |
|    approx_kl            | 0.027192008 |
|    clip_fraction        | 0.247       |
|    clip_range           | 0.2         |
|    entropy_loss         | -2.89       |
|    explained_variance   | -0.0472     |
|    learning_rate        | 0.0003      |
|    loss                 | -0.122      |
|    n_updates            | 2540        |
|    policy_gradient_loss | -0.0484     |
|    value_loss           | 0.00501     |
-----------------------------------------
-----------------------------------------
| rollout/                |             |
|    ep_len_mean          | 1e+03       |
|    ep_rew_mean          | 49          |
| time/                   |             |
|    fps                  | 658         |
|    iterations           | 256         |
|    time_elapsed         | 24          |
|    total_timesteps      | 16384       |
| train/                  |             |
|    approx_kl            | 0.025463022 |
|    clip_fraction        | 0.264       |
|    clip_range           | 0.2         |
|    entropy_loss         | -2.87       |
|    explained_variance   | -0.167      |
|    learning_rate        | 0.0003      |
|    loss                 | -0.077      |
|    n_updates            | 2550        |
|    policy_gradient_loss | -0.0475     |
|    value_loss           | 0.00347     |
-----------------------------------------
----------------------------------------
| rollout/                |            |
|    ep_len_mean          | 1e+03      |
|    ep_rew_mean          | 49         |
| time/                   |            |
|    fps                  | 658        |
|    iterations           | 257        |
|    time_elapsed         | 24         |
|    total_timesteps      | 16448      |
| train/                  |            |
|    approx_kl            | 0.02328448 |
|    clip_fraction        | 0.181      |
|    clip_range           | 0.2        |
|    entropy_loss         | -2.95      |
|    explained_variance   | -0.0941    |
|    learning_rate        | 0.0003     |
|    loss                 | -0.0912    |
|    n_updates            | 2560       |
|    policy_gradient_loss | -0.042     |
|    value_loss           | 0.00244    |
----------------------------------------
-----------------------------------------
| rollout/                |             |
|    ep_len_mean          | 1e+03       |
|    ep_rew_mean          | 49          |
| time/                   |             |
|    fps                  | 658         |
|    iterations           | 258         |
|    time_elapsed         | 25          |
|    total_timesteps      | 16512       |
| train/                  |             |
|    approx_kl            | 0.025170429 |
|    clip_fraction        | 0.194       |
|    clip_range           | 0.2         |
|    entropy_loss         | -2.96       |
|    explained_variance   | 0.168       |
|    learning_rate        | 0.0003      |
|    loss                 | -0.126      |
|    n_updates            | 2570        |
|    policy_gradient_loss | -0.0436     |
|    value_loss           | 0.00192     |
-----------------------------------------
-----------------------------------------
| rollout/                |             |
|    ep_len_mean          | 1e+03       |
|    ep_rew_mean          | 49          |
| time/                   |             |
|    fps                  | 658         |
|    iterations           | 259         |
|    time_elapsed         | 25          |
|    total_timesteps      | 16576       |
| train/                  |             |
|    approx_kl            | 0.020976651 |
|    clip_fraction        | 0.216       |
|    clip_range           | 0.2         |
|    entropy_loss         | -2.93       |
|    explained_variance   | -0.247      |
|    learning_rate        | 0.0003      |
|    loss                 | -0.135      |
|    n_updates            | 2580        |
|    policy_gradient_loss | -0.0523     |
|    value_loss           | 0.00176     |
-----------------------------------------
-----------------------------------------
| rollout/                |             |
|    ep_len_mean          | 1e+03       |
|    ep_rew_mean          | 49          |
| time/                   |             |
|    fps                  | 658         |
|    iterations           | 260         |
|    time_elapsed         | 25          |
|    total_timesteps      | 16640       |
| train/                  |             |
|    approx_kl            | 0.027093597 |
|    clip_fraction        | 0.223       |
|    clip_range           | 0.2         |
|    entropy_loss         | -2.96       |
|    explained_variance   | -0.196      |
|    learning_rate        | 0.0003      |
|    loss                 | -0.104      |
|    n_updates            | 2590        |
|    policy_gradient_loss | -0.0395     |
|    value_loss           | 0.00118     |
-----------------------------------------
-----------------------------------------
| rollout/                |             |
|    ep_len_mean          | 1e+03       |
|    ep_rew_mean          | 49          |
| time/                   |             |
|    fps                  | 658         |
|    iterations           | 261         |
|    time_elapsed         | 25          |
|    total_timesteps      | 16704       |
| train/                  |             |
|    approx_kl            | 0.023348872 |
|    clip_fraction        | 0.22        |
|    clip_range           | 0.2         |
|    entropy_loss         | -2.99       |
|    explained_variance   | -0.235      |
|    learning_rate        | 0.0003      |
|    loss                 | -0.0931     |
|    n_updates            | 2600        |
|    policy_gradient_loss | -0.0478     |
|    value_loss           | 0.000789    |
-----------------------------------------
-----------------------------------------
| rollout/                |             |
|    ep_len_mean          | 1e+03       |
|    ep_rew_mean          | 49          |
| time/                   |             |
|    fps                  | 658         |
|    iterations           | 262         |
|    time_elapsed         | 25          |
|    total_timesteps      | 16768       |
| train/                  |             |
|    approx_kl            | 0.025167141 |
|    clip_fraction        | 0.184       |
|    clip_range           | 0.2         |
|    entropy_loss         | -3.03       |
|    explained_variance   | -1.01       |
|    learning_rate        | 0.0003      |
|    loss                 | -0.138      |
|    n_updates            | 2610        |
|    policy_gradient_loss | -0.0524     |
|    value_loss           | 0.000897    |
-----------------------------------------
-----------------------------------------
| rollout/                |             |
|    ep_len_mean          | 1e+03       |
|    ep_rew_mean          | 49          |
| time/                   |             |
|    fps                  | 658         |
|    iterations           | 263         |
|    time_elapsed         | 25          |
|    total_timesteps      | 16832       |
| train/                  |             |
|    approx_kl            | 0.029098466 |
|    clip_fraction        | 0.345       |
|    clip_range           | 0.2         |
|    entropy_loss         | -3.02       |
|    explained_variance   | -0.209      |
|    learning_rate        | 0.0003      |
|    loss                 | -0.127      |
|    n_updates            | 2620        |
|    policy_gradient_loss | -0.0606     |
|    value_loss           | 0.000574    |
-----------------------------------------
-----------------------------------------
| rollout/                |             |
|    ep_len_mean          | 1e+03       |
|    ep_rew_mean          | 49          |
| time/                   |             |
|    fps                  | 658         |
|    iterations           | 264         |
|    time_elapsed         | 25          |
|    total_timesteps      | 16896       |
| train/                  |             |
|    approx_kl            | 0.026805256 |
|    clip_fraction        | 0.273       |
|    clip_range           | 0.2         |
|    entropy_loss         | -3.01       |
|    explained_variance   | -0.0611     |
|    learning_rate        | 0.0003      |
|    loss                 | -0.0509     |
|    n_updates            | 2630        |
|    policy_gradient_loss | -0.0437     |
|    value_loss           | 0.000451    |
-----------------------------------------
-----------------------------------------
| rollout/                |             |
|    ep_len_mean          | 1e+03       |
|    ep_rew_mean          | 49          |
| time/                   |             |
|    fps                  | 658         |
|    iterations           | 265         |
|    time_elapsed         | 25          |
|    total_timesteps      | 16960       |
| train/                  |             |
|    approx_kl            | 0.021532943 |
|    clip_fraction        | 0.189       |
|    clip_range           | 0.2         |
|    entropy_loss         | -2.98       |
|    explained_variance   | -0.768      |
|    learning_rate        | 0.0003      |
|    loss                 | -0.0825     |
|    n_updates            | 2640        |
|    policy_gradient_loss | -0.0421     |
|    value_loss           | 0.00036     |
-----------------------------------------
-----------------------------------------
| rollout/                |             |
|    ep_len_mean          | 1e+03       |
|    ep_rew_mean          | 49          |
| time/                   |             |
|    fps                  | 658         |
|    iterations           | 266         |
|    time_elapsed         | 25          |
|    total_timesteps      | 17024       |
| train/                  |             |
|    approx_kl            | 0.021588655 |
|    clip_fraction        | 0.197       |
|    clip_range           | 0.2         |
|    entropy_loss         | -2.99       |
|    explained_variance   | -0.215      |
|    learning_rate        | 0.0003      |
|    loss                 | -0.106      |
|    n_updates            | 2650        |
|    policy_gradient_loss | -0.0355     |
|    value_loss           | 0.000194    |
-----------------------------------------
-----------------------------------------
| rollout/                |             |
|    ep_len_mean          | 1e+03       |
|    ep_rew_mean          | 49          |
| time/                   |             |
|    fps                  | 658         |
|    iterations           | 267         |
|    time_elapsed         | 25          |
|    total_timesteps      | 17088       |
| train/                  |             |
|    approx_kl            | 0.005889181 |
|    clip_fraction        | 0.0187      |
|    clip_range           | 0.2         |
|    entropy_loss         | -3.02       |
|    explained_variance   | -0.00262    |
|    learning_rate        | 0.0003      |
|    loss                 | 0.445       |
|    n_updates            | 2660        |
|    policy_gradient_loss | -0.0167     |
|    value_loss           | 2.02        |
-----------------------------------------
-----------------------------------------
| rollout/                |             |
|    ep_len_mean          | 1e+03       |
|    ep_rew_mean          | 49          |
| time/                   |             |
|    fps                  | 658         |
|    iterations           | 268         |
|    time_elapsed         | 26          |
|    total_timesteps      | 17152       |
| train/                  |             |
|    approx_kl            | 0.027313646 |
|    clip_fraction        | 0.219       |
|    clip_range           | 0.2         |
|    entropy_loss         | -3.06       |
|    explained_variance   | 0.0217      |
|    learning_rate        | 0.0003      |
|    loss                 | -0.125      |
|    n_updates            | 2670        |
|    policy_gradient_loss | -0.0576     |
|    value_loss           | 0.00733     |
-----------------------------------------
-----------------------------------------
| rollout/                |             |
|    ep_len_mean          | 1e+03       |
|    ep_rew_mean          | 49          |
| time/                   |             |
|    fps                  | 658         |
|    iterations           | 269         |
|    time_elapsed         | 26          |
|    total_timesteps      | 17216       |
| train/                  |             |
|    approx_kl            | 0.016072309 |
|    clip_fraction        | 0.134       |
|    clip_range           | 0.2         |
|    entropy_loss         | -3.05       |
|    explained_variance   | -0.226      |
|    learning_rate        | 0.0003      |
|    loss                 | -0.152      |
|    n_updates            | 2680        |
|    policy_gradient_loss | -0.0395     |
|    value_loss           | 0.00608     |
-----------------------------------------
-----------------------------------------
| rollout/                |             |
|    ep_len_mean          | 1e+03       |
|    ep_rew_mean          | 49          |
| time/                   |             |
|    fps                  | 658         |
|    iterations           | 270         |
|    time_elapsed         | 26          |
|    total_timesteps      | 17280       |
| train/                  |             |
|    approx_kl            | 0.020541493 |
|    clip_fraction        | 0.191       |
|    clip_range           | 0.2         |
|    entropy_loss         | -3.04       |
|    explained_variance   | -0.0836     |
|    learning_rate        | 0.0003      |
|    loss                 | -0.0803     |
|    n_updates            | 2690        |
|    policy_gradient_loss | -0.0552     |
|    value_loss           | 0.00443     |
-----------------------------------------
----------------------------------------
| rollout/                |            |
|    ep_len_mean          | 1e+03      |
|    ep_rew_mean          | 49         |
| time/                   |            |
|    fps                  | 658        |
|    iterations           | 271        |
|    time_elapsed         | 26         |
|    total_timesteps      | 17344      |
| train/                  |            |
|    approx_kl            | 0.02012807 |
|    clip_fraction        | 0.181      |
|    clip_range           | 0.2        |
|    entropy_loss         | -2.99      |
|    explained_variance   | -0.0275    |
|    learning_rate        | 0.0003     |
|    loss                 | -0.08      |
|    n_updates            | 2700       |
|    policy_gradient_loss | -0.0438    |
|    value_loss           | 0.00351    |
----------------------------------------
-----------------------------------------
| rollout/                |             |
|    ep_len_mean          | 1e+03       |
|    ep_rew_mean          | 49          |
| time/                   |             |
|    fps                  | 658         |
|    iterations           | 272         |
|    time_elapsed         | 26          |
|    total_timesteps      | 17408       |
| train/                  |             |
|    approx_kl            | 0.025157228 |
|    clip_fraction        | 0.228       |
|    clip_range           | 0.2         |
|    entropy_loss         | -3.07       |
|    explained_variance   | -0.15       |
|    learning_rate        | 0.0003      |
|    loss                 | -0.113      |
|    n_updates            | 2710        |
|    policy_gradient_loss | -0.0457     |
|    value_loss           | 0.0027      |
-----------------------------------------
----------------------------------------
| rollout/                |            |
|    ep_len_mean          | 1e+03      |
|    ep_rew_mean          | 49         |
| time/                   |            |
|    fps                  | 658        |
|    iterations           | 273        |
|    time_elapsed         | 26         |
|    total_timesteps      | 17472      |
| train/                  |            |
|    approx_kl            | 0.02559818 |
|    clip_fraction        | 0.17       |
|    clip_range           | 0.2        |
|    entropy_loss         | -3.12      |
|    explained_variance   | -0.441     |
|    learning_rate        | 0.0003     |
|    loss                 | -0.0484    |
|    n_updates            | 2720       |
|    policy_gradient_loss | -0.0392    |
|    value_loss           | 0.00205    |
----------------------------------------
----------------------------------------
| rollout/                |            |
|    ep_len_mean          | 1e+03      |
|    ep_rew_mean          | 49         |
| time/                   |            |
|    fps                  | 658        |
|    iterations           | 274        |
|    time_elapsed         | 26         |
|    total_timesteps      | 17536      |
| train/                  |            |
|    approx_kl            | 0.02313547 |
|    clip_fraction        | 0.159      |
|    clip_range           | 0.2        |
|    entropy_loss         | -3.12      |
|    explained_variance   | -0.16      |
|    learning_rate        | 0.0003     |
|    loss                 | -0.114     |
|    n_updates            | 2730       |
|    policy_gradient_loss | -0.0475    |
|    value_loss           | 0.00146    |
----------------------------------------
-----------------------------------------
| rollout/                |             |
|    ep_len_mean          | 1e+03       |
|    ep_rew_mean          | 49          |
| time/                   |             |
|    fps                  | 658         |
|    iterations           | 275         |
|    time_elapsed         | 26          |
|    total_timesteps      | 17600       |
| train/                  |             |
|    approx_kl            | 0.015849648 |
|    clip_fraction        | 0.163       |
|    clip_range           | 0.2         |
|    entropy_loss         | -3.08       |
|    explained_variance   | 0.0914      |
|    learning_rate        | 0.0003      |
|    loss                 | -0.13       |
|    n_updates            | 2740        |
|    policy_gradient_loss | -0.0344     |
|    value_loss           | 0.00108     |
-----------------------------------------
----------------------------------------
| rollout/                |            |
|    ep_len_mean          | 1e+03      |
|    ep_rew_mean          | 49         |
| time/                   |            |
|    fps                  | 658        |
|    iterations           | 276        |
|    time_elapsed         | 26         |
|    total_timesteps      | 17664      |
| train/                  |            |
|    approx_kl            | 0.02640406 |
|    clip_fraction        | 0.233      |
|    clip_range           | 0.2        |
|    entropy_loss         | -3.02      |
|    explained_variance   | -0.335     |
|    learning_rate        | 0.0003     |
|    loss                 | -0.0939    |
|    n_updates            | 2750       |
|    policy_gradient_loss | -0.0513    |
|    value_loss           | 0.00092    |
----------------------------------------
-----------------------------------------
| rollout/                |             |
|    ep_len_mean          | 1e+03       |
|    ep_rew_mean          | 49          |
| time/                   |             |
|    fps                  | 658         |
|    iterations           | 277         |
|    time_elapsed         | 26          |
|    total_timesteps      | 17728       |
| train/                  |             |
|    approx_kl            | 0.024585368 |
|    clip_fraction        | 0.267       |
|    clip_range           | 0.2         |
|    entropy_loss         | -2.92       |
|    explained_variance   | -0.641      |
|    learning_rate        | 0.0003      |
|    loss                 | -0.124      |
|    n_updates            | 2760        |
|    policy_gradient_loss | -0.0476     |
|    value_loss           | 0.000692    |
-----------------------------------------
-----------------------------------------
| rollout/                |             |
|    ep_len_mean          | 1e+03       |
|    ep_rew_mean          | 49          |
| time/                   |             |
|    fps                  | 658         |
|    iterations           | 278         |
|    time_elapsed         | 27          |
|    total_timesteps      | 17792       |
| train/                  |             |
|    approx_kl            | 0.013217999 |
|    clip_fraction        | 0.13        |
|    clip_range           | 0.2         |
|    entropy_loss         | -2.93       |
|    explained_variance   | -0.938      |
|    learning_rate        | 0.0003      |
|    loss                 | -0.0858     |
|    n_updates            | 2770        |
|    policy_gradient_loss | -0.0341     |
|    value_loss           | 0.000624    |
-----------------------------------------
----------------------------------------
| rollout/                |            |
|    ep_len_mean          | 1e+03      |
|    ep_rew_mean          | 49         |
| time/                   |            |
|    fps                  | 658        |
|    iterations           | 279        |
|    time_elapsed         | 27         |
|    total_timesteps      | 17856      |
| train/                  |            |
|    approx_kl            | 0.02204238 |
|    clip_fraction        | 0.156      |
|    clip_range           | 0.2        |
|    entropy_loss         | -2.95      |
|    explained_variance   | -0.108     |
|    learning_rate        | 0.0003     |
|    loss                 | -0.104     |
|    n_updates            | 2780       |
|    policy_gradient_loss | -0.0319    |
|    value_loss           | 0.000319   |
----------------------------------------
-----------------------------------------
| rollout/                |             |
|    ep_len_mean          | 1e+03       |
|    ep_rew_mean          | 49          |
| time/                   |             |
|    fps                  | 658         |
|    iterations           | 280         |
|    time_elapsed         | 27          |
|    total_timesteps      | 17920       |
| train/                  |             |
|    approx_kl            | 0.025562823 |
|    clip_fraction        | 0.273       |
|    clip_range           | 0.2         |
|    entropy_loss         | -2.99       |
|    explained_variance   | -0.0384     |
|    learning_rate        | 0.0003      |
|    loss                 | -0.0937     |
|    n_updates            | 2790        |
|    policy_gradient_loss | -0.0557     |
|    value_loss           | 0.000246    |
-----------------------------------------
-----------------------------------------
| rollout/                |             |
|    ep_len_mean          | 1e+03       |
|    ep_rew_mean          | 49          |
| time/                   |             |
|    fps                  | 658         |
|    iterations           | 281         |
|    time_elapsed         | 27          |
|    total_timesteps      | 17984       |
| train/                  |             |
|    approx_kl            | 0.020300865 |
|    clip_fraction        | 0.169       |
|    clip_range           | 0.2         |
|    entropy_loss         | -2.94       |
|    explained_variance   | -0.392      |
|    learning_rate        | 0.0003      |
|    loss                 | -0.118      |
|    n_updates            | 2800        |
|    policy_gradient_loss | -0.0396     |
|    value_loss           | 0.000226    |
-----------------------------------------
-----------------------------------------
| rollout/                |             |
|    ep_len_mean          | 1e+03       |
|    ep_rew_mean          | 49          |
| time/                   |             |
|    fps                  | 658         |
|    iterations           | 282         |
|    time_elapsed         | 27          |
|    total_timesteps      | 18048       |
| train/                  |             |
|    approx_kl            | 0.020439234 |
|    clip_fraction        | 0.133       |
|    clip_range           | 0.2         |
|    entropy_loss         | -2.9        |
|    explained_variance   | -3.3        |
|    learning_rate        | 0.0003      |
|    loss                 | -0.119      |
|    n_updates            | 2810        |
|    policy_gradient_loss | -0.0308     |
|    value_loss           | 0.000306    |
-----------------------------------------
----------------------------------------
| rollout/                |            |
|    ep_len_mean          | 1e+03      |
|    ep_rew_mean          | 49         |
| time/                   |            |
|    fps                  | 658        |
|    iterations           | 283        |
|    time_elapsed         | 27         |
|    total_timesteps      | 18112      |
| train/                  |            |
|    approx_kl            | 0.01170908 |
|    clip_fraction        | 0.0625     |
|    clip_range           | 0.2        |
|    entropy_loss         | -2.9       |
|    explained_variance   | 0.00114    |
|    learning_rate        | 0.0003     |
|    loss                 | 0.639      |
|    n_updates            | 2820       |
|    policy_gradient_loss | -0.0193    |
|    value_loss           | 2.09       |
----------------------------------------
------------------------------------------
| rollout/                |              |
|    ep_len_mean          | 1e+03        |
|    ep_rew_mean          | 49           |
| time/                   |              |
|    fps                  | 658          |
|    iterations           | 284          |
|    time_elapsed         | 27           |
|    total_timesteps      | 18176        |
| train/                  |              |
|    approx_kl            | 0.0149924075 |
|    clip_fraction        | 0.156        |
|    clip_range           | 0.2          |
|    entropy_loss         | -2.87        |
|    explained_variance   | -0.37        |
|    learning_rate        | 0.0003       |
|    loss                 | -0.0317      |
|    n_updates            | 2830         |
|    policy_gradient_loss | -0.0282      |
|    value_loss           | 0.0048       |
------------------------------------------
-----------------------------------------
| rollout/                |             |
|    ep_len_mean          | 1e+03       |
|    ep_rew_mean          | 49          |
| time/                   |             |
|    fps                  | 658         |
|    iterations           | 285         |
|    time_elapsed         | 27          |
|    total_timesteps      | 18240       |
| train/                  |             |
|    approx_kl            | 0.018771803 |
|    clip_fraction        | 0.0984      |
|    clip_range           | 0.2         |
|    entropy_loss         | -2.89       |
|    explained_variance   | -0.971      |
|    learning_rate        | 0.0003      |
|    loss                 | -0.0687     |
|    n_updates            | 2840        |
|    policy_gradient_loss | -0.0304     |
|    value_loss           | 0.00307     |
-----------------------------------------
-----------------------------------------
| rollout/                |             |
|    ep_len_mean          | 1e+03       |
|    ep_rew_mean          | 49          |
| time/                   |             |
|    fps                  | 658         |
|    iterations           | 286         |
|    time_elapsed         | 27          |
|    total_timesteps      | 18304       |
| train/                  |             |
|    approx_kl            | 0.013181288 |
|    clip_fraction        | 0.127       |
|    clip_range           | 0.2         |
|    entropy_loss         | -2.91       |
|    explained_variance   | 0.179       |
|    learning_rate        | 0.0003      |
|    loss                 | -0.0654     |
|    n_updates            | 2850        |
|    policy_gradient_loss | -0.024      |
|    value_loss           | 0.00201     |
-----------------------------------------
----------------------------------------
| rollout/                |            |
|    ep_len_mean          | 1e+03      |
|    ep_rew_mean          | 49         |
| time/                   |            |
|    fps                  | 658        |
|    iterations           | 287        |
|    time_elapsed         | 27         |
|    total_timesteps      | 18368      |
| train/                  |            |
|    approx_kl            | 0.01632462 |
|    clip_fraction        | 0.142      |
|    clip_range           | 0.2        |
|    entropy_loss         | -2.92      |
|    explained_variance   | -0.105     |
|    learning_rate        | 0.0003     |
|    loss                 | -0.0937    |
|    n_updates            | 2860       |
|    policy_gradient_loss | -0.0246    |
|    value_loss           | 0.00198    |
----------------------------------------
-----------------------------------------
| rollout/                |             |
|    ep_len_mean          | 1e+03       |
|    ep_rew_mean          | 49          |
| time/                   |             |
|    fps                  | 658         |
|    iterations           | 288         |
|    time_elapsed         | 27          |
|    total_timesteps      | 18432       |
| train/                  |             |
|    approx_kl            | 0.017131865 |
|    clip_fraction        | 0.169       |
|    clip_range           | 0.2         |
|    entropy_loss         | -2.95       |
|    explained_variance   | 0.123       |
|    learning_rate        | 0.0003      |
|    loss                 | -0.094      |
|    n_updates            | 2870        |
|    policy_gradient_loss | -0.0367     |
|    value_loss           | 0.0012      |
-----------------------------------------
-----------------------------------------
| rollout/                |             |
|    ep_len_mean          | 1e+03       |
|    ep_rew_mean          | 49          |
| time/                   |             |
|    fps                  | 658         |
|    iterations           | 289         |
|    time_elapsed         | 28          |
|    total_timesteps      | 18496       |
| train/                  |             |
|    approx_kl            | 0.023799118 |
|    clip_fraction        | 0.222       |
|    clip_range           | 0.2         |
|    entropy_loss         | -2.9        |
|    explained_variance   | -0.202      |
|    learning_rate        | 0.0003      |
|    loss                 | -0.0972     |
|    n_updates            | 2880        |
|    policy_gradient_loss | -0.0456     |
|    value_loss           | 0.00093     |
-----------------------------------------
-----------------------------------------
| rollout/                |             |
|    ep_len_mean          | 1e+03       |
|    ep_rew_mean          | 49          |
| time/                   |             |
|    fps                  | 658         |
|    iterations           | 290         |
|    time_elapsed         | 28          |
|    total_timesteps      | 18560       |
| train/                  |             |
|    approx_kl            | 0.028183613 |
|    clip_fraction        | 0.264       |
|    clip_range           | 0.2         |
|    entropy_loss         | -2.91       |
|    explained_variance   | -0.964      |
|    learning_rate        | 0.0003      |
|    loss                 | -0.0877     |
|    n_updates            | 2890        |
|    policy_gradient_loss | -0.056      |
|    value_loss           | 0.000862    |
-----------------------------------------
-----------------------------------------
| rollout/                |             |
|    ep_len_mean          | 1e+03       |
|    ep_rew_mean          | 49          |
| time/                   |             |
|    fps                  | 658         |
|    iterations           | 291         |
|    time_elapsed         | 28          |
|    total_timesteps      | 18624       |
| train/                  |             |
|    approx_kl            | 0.024819218 |
|    clip_fraction        | 0.172       |
|    clip_range           | 0.2         |
|    entropy_loss         | -2.92       |
|    explained_variance   | 0.192       |
|    learning_rate        | 0.0003      |
|    loss                 | -0.113      |
|    n_updates            | 2900        |
|    policy_gradient_loss | -0.041      |
|    value_loss           | 0.000563    |
-----------------------------------------
-----------------------------------------
| rollout/                |             |
|    ep_len_mean          | 1e+03       |
|    ep_rew_mean          | 49          |
| time/                   |             |
|    fps                  | 658         |
|    iterations           | 292         |
|    time_elapsed         | 28          |
|    total_timesteps      | 18688       |
| train/                  |             |
|    approx_kl            | 0.026088834 |
|    clip_fraction        | 0.23        |
|    clip_range           | 0.2         |
|    entropy_loss         | -2.94       |
|    explained_variance   | -0.152      |
|    learning_rate        | 0.0003      |
|    loss                 | -0.109      |
|    n_updates            | 2910        |
|    policy_gradient_loss | -0.054      |
|    value_loss           | 0.000465    |
-----------------------------------------
----------------------------------------
| rollout/                |            |
|    ep_len_mean          | 1e+03      |
|    ep_rew_mean          | 49         |
| time/                   |            |
|    fps                  | 658        |
|    iterations           | 293        |
|    time_elapsed         | 28         |
|    total_timesteps      | 18752      |
| train/                  |            |
|    approx_kl            | 0.02141093 |
|    clip_fraction        | 0.245      |
|    clip_range           | 0.2        |
|    entropy_loss         | -2.94      |
|    explained_variance   | -1.88      |
|    learning_rate        | 0.0003     |
|    loss                 | -0.108     |
|    n_updates            | 2920       |
|    policy_gradient_loss | -0.0411    |
|    value_loss           | 0.000419   |
----------------------------------------
----------------------------------------
| rollout/                |            |
|    ep_len_mean          | 1e+03      |
|    ep_rew_mean          | 49         |
| time/                   |            |
|    fps                  | 658        |
|    iterations           | 294        |
|    time_elapsed         | 28         |
|    total_timesteps      | 18816      |
| train/                  |            |
|    approx_kl            | 0.01551235 |
|    clip_fraction        | 0.225      |
|    clip_range           | 0.2        |
|    entropy_loss         | -2.97      |
|    explained_variance   | -0.245     |
|    learning_rate        | 0.0003     |
|    loss                 | -0.0941    |
|    n_updates            | 2930       |
|    policy_gradient_loss | -0.0431    |
|    value_loss           | 0.000299   |
----------------------------------------
-----------------------------------------
| rollout/                |             |
|    ep_len_mean          | 1e+03       |
|    ep_rew_mean          | 49          |
| time/                   |             |
|    fps                  | 658         |
|    iterations           | 295         |
|    time_elapsed         | 28          |
|    total_timesteps      | 18880       |
| train/                  |             |
|    approx_kl            | 0.019700833 |
|    clip_fraction        | 0.189       |
|    clip_range           | 0.2         |
|    entropy_loss         | -2.97       |
|    explained_variance   | -1.21       |
|    learning_rate        | 0.0003      |
|    loss                 | -0.0766     |
|    n_updates            | 2940        |
|    policy_gradient_loss | -0.0391     |
|    value_loss           | 0.00018     |
-----------------------------------------
-----------------------------------------
| rollout/                |             |
|    ep_len_mean          | 1e+03       |
|    ep_rew_mean          | 49          |
| time/                   |             |
|    fps                  | 658         |
|    iterations           | 296         |
|    time_elapsed         | 28          |
|    total_timesteps      | 18944       |
| train/                  |             |
|    approx_kl            | 0.030453313 |
|    clip_fraction        | 0.362       |
|    clip_range           | 0.2         |
|    entropy_loss         | -2.94       |
|    explained_variance   | -1.99       |
|    learning_rate        | 0.0003      |
|    loss                 | -0.135      |
|    n_updates            | 2950        |
|    policy_gradient_loss | -0.063      |
|    value_loss           | 0.000133    |
-----------------------------------------
-----------------------------------------
| rollout/                |             |
|    ep_len_mean          | 1e+03       |
|    ep_rew_mean          | 49          |
| time/                   |             |
|    fps                  | 658         |
|    iterations           | 297         |
|    time_elapsed         | 28          |
|    total_timesteps      | 19008       |
| train/                  |             |
|    approx_kl            | 0.019188743 |
|    clip_fraction        | 0.164       |
|    clip_range           | 0.2         |
|    entropy_loss         | -2.91       |
|    explained_variance   | -3.28       |
|    learning_rate        | 0.0003      |
|    loss                 | -0.0982     |
|    n_updates            | 2960        |
|    policy_gradient_loss | -0.0341     |
|    value_loss           | 0.000123    |
-----------------------------------------
-----------------------------------------
| rollout/                |             |
|    ep_len_mean          | 1e+03       |
|    ep_rew_mean          | 49          |
| time/                   |             |
|    fps                  | 658         |
|    iterations           | 298         |
|    time_elapsed         | 28          |
|    total_timesteps      | 19072       |
| train/                  |             |
|    approx_kl            | 0.013137775 |
|    clip_fraction        | 0.0656      |
|    clip_range           | 0.2         |
|    entropy_loss         | -2.88       |
|    explained_variance   | 0.000379    |
|    learning_rate        | 0.0003      |
|    loss                 | 0.353       |
|    n_updates            | 2970        |
|    policy_gradient_loss | -0.0293     |
|    value_loss           | 1.97        |
-----------------------------------------
-----------------------------------------
| rollout/                |             |
|    ep_len_mean          | 1e+03       |
|    ep_rew_mean          | 49          |
| time/                   |             |
|    fps                  | 658         |
|    iterations           | 299         |
|    time_elapsed         | 29          |
|    total_timesteps      | 19136       |
| train/                  |             |
|    approx_kl            | 0.016330196 |
|    clip_fraction        | 0.152       |
|    clip_range           | 0.2         |
|    entropy_loss         | -2.9        |
|    explained_variance   | -0.0742     |
|    learning_rate        | 0.0003      |
|    loss                 | -0.0774     |
|    n_updates            | 2980        |
|    policy_gradient_loss | -0.0357     |
|    value_loss           | 0.00778     |
-----------------------------------------
-----------------------------------------
| rollout/                |             |
|    ep_len_mean          | 1e+03       |
|    ep_rew_mean          | 49          |
| time/                   |             |
|    fps                  | 658         |
|    iterations           | 300         |
|    time_elapsed         | 29          |
|    total_timesteps      | 19200       |
| train/                  |             |
|    approx_kl            | 0.012501481 |
|    clip_fraction        | 0.0891      |
|    clip_range           | 0.2         |
|    entropy_loss         | -2.89       |
|    explained_variance   | 0.0178      |
|    learning_rate        | 0.0003      |
|    loss                 | -0.0551     |
|    n_updates            | 2990        |
|    policy_gradient_loss | -0.0271     |
|    value_loss           | 0.00575     |
-----------------------------------------
-----------------------------------------
| rollout/                |             |
|    ep_len_mean          | 1e+03       |
|    ep_rew_mean          | 49          |
| time/                   |             |
|    fps                  | 658         |
|    iterations           | 301         |
|    time_elapsed         | 29          |
|    total_timesteps      | 19264       |
| train/                  |             |
|    approx_kl            | 0.021830387 |
|    clip_fraction        | 0.209       |
|    clip_range           | 0.2         |
|    entropy_loss         | -2.88       |
|    explained_variance   | 0.00614     |
|    learning_rate        | 0.0003      |
|    loss                 | -0.0338     |
|    n_updates            | 3000        |
|    policy_gradient_loss | -0.0356     |
|    value_loss           | 0.00393     |
-----------------------------------------
-----------------------------------------
| rollout/                |             |
|    ep_len_mean          | 1e+03       |
|    ep_rew_mean          | 49          |
| time/                   |             |
|    fps                  | 658         |
|    iterations           | 302         |
|    time_elapsed         | 29          |
|    total_timesteps      | 19328       |
| train/                  |             |
|    approx_kl            | 0.027443437 |
|    clip_fraction        | 0.219       |
|    clip_range           | 0.2         |
|    entropy_loss         | -2.89       |
|    explained_variance   | 0.0111      |
|    learning_rate        | 0.0003      |
|    loss                 | -0.0982     |
|    n_updates            | 3010        |
|    policy_gradient_loss | -0.0485     |
|    value_loss           | 0.00346     |
-----------------------------------------
-----------------------------------------
| rollout/                |             |
|    ep_len_mean          | 1e+03       |
|    ep_rew_mean          | 49          |
| time/                   |             |
|    fps                  | 658         |
|    iterations           | 303         |
|    time_elapsed         | 29          |
|    total_timesteps      | 19392       |
| train/                  |             |
|    approx_kl            | 0.030599266 |
|    clip_fraction        | 0.253       |
|    clip_range           | 0.2         |
|    entropy_loss         | -2.89       |
|    explained_variance   | -0.436      |
|    learning_rate        | 0.0003      |
|    loss                 | -0.131      |
|    n_updates            | 3020        |
|    policy_gradient_loss | -0.0473     |
|    value_loss           | 0.0028      |
-----------------------------------------
-----------------------------------------
| rollout/                |             |
|    ep_len_mean          | 1e+03       |
|    ep_rew_mean          | 49          |
| time/                   |             |
|    fps                  | 658         |
|    iterations           | 304         |
|    time_elapsed         | 29          |
|    total_timesteps      | 19456       |
| train/                  |             |
|    approx_kl            | 0.016325686 |
|    clip_fraction        | 0.172       |
|    clip_range           | 0.2         |
|    entropy_loss         | -2.93       |
|    explained_variance   | 0.0858      |
|    learning_rate        | 0.0003      |
|    loss                 | -0.0538     |
|    n_updates            | 3030        |
|    policy_gradient_loss | -0.0319     |
|    value_loss           | 0.0018      |
-----------------------------------------
-----------------------------------------
| rollout/                |             |
|    ep_len_mean          | 1e+03       |
|    ep_rew_mean          | 49          |
| time/                   |             |
|    fps                  | 658         |
|    iterations           | 305         |
|    time_elapsed         | 29          |
|    total_timesteps      | 19520       |
| train/                  |             |
|    approx_kl            | 0.022117598 |
|    clip_fraction        | 0.205       |
|    clip_range           | 0.2         |
|    entropy_loss         | -2.94       |
|    explained_variance   | -0.106      |
|    learning_rate        | 0.0003      |
|    loss                 | -0.129      |
|    n_updates            | 3040        |
|    policy_gradient_loss | -0.0474     |
|    value_loss           | 0.00131     |
-----------------------------------------
-----------------------------------------
| rollout/                |             |
|    ep_len_mean          | 1e+03       |
|    ep_rew_mean          | 49          |
| time/                   |             |
|    fps                  | 658         |
|    iterations           | 306         |
|    time_elapsed         | 29          |
|    total_timesteps      | 19584       |
| train/                  |             |
|    approx_kl            | 0.016719267 |
|    clip_fraction        | 0.116       |
|    clip_range           | 0.2         |
|    entropy_loss         | -2.93       |
|    explained_variance   | -0.0586     |
|    learning_rate        | 0.0003      |
|    loss                 | -0.0666     |
|    n_updates            | 3050        |
|    policy_gradient_loss | -0.0311     |
|    value_loss           | 0.00106     |
-----------------------------------------
---------------------------------------
| rollout/                |           |
|    ep_len_mean          | 1e+03     |
|    ep_rew_mean          | 49        |
| time/                   |           |
|    fps                  | 658       |
|    iterations           | 307       |
|    time_elapsed         | 29        |
|    total_timesteps      | 19648     |
| train/                  |           |
|    approx_kl            | 0.0248457 |
|    clip_fraction        | 0.17      |
|    clip_range           | 0.2       |
|    entropy_loss         | -2.9      |
|    explained_variance   | -0.424    |
|    learning_rate        | 0.0003    |
|    loss                 | -0.0695   |
|    n_updates            | 3060      |
|    policy_gradient_loss | -0.0417   |
|    value_loss           | 0.000813  |
---------------------------------------
-----------------------------------------
| rollout/                |             |
|    ep_len_mean          | 1e+03       |
|    ep_rew_mean          | 49          |
| time/                   |             |
|    fps                  | 658         |
|    iterations           | 308         |
|    time_elapsed         | 29          |
|    total_timesteps      | 19712       |
| train/                  |             |
|    approx_kl            | 0.019596659 |
|    clip_fraction        | 0.147       |
|    clip_range           | 0.2         |
|    entropy_loss         | -2.84       |
|    explained_variance   | -0.586      |
|    learning_rate        | 0.0003      |
|    loss                 | -0.11       |
|    n_updates            | 3070        |
|    policy_gradient_loss | -0.0397     |
|    value_loss           | 0.00076     |
-----------------------------------------
-----------------------------------------
| rollout/                |             |
|    ep_len_mean          | 1e+03       |
|    ep_rew_mean          | 49          |
| time/                   |             |
|    fps                  | 658         |
|    iterations           | 309         |
|    time_elapsed         | 30          |
|    total_timesteps      | 19776       |
| train/                  |             |
|    approx_kl            | 0.027110111 |
|    clip_fraction        | 0.319       |
|    clip_range           | 0.2         |
|    entropy_loss         | -2.83       |
|    explained_variance   | -0.486      |
|    learning_rate        | 0.0003      |
|    loss                 | -0.0947     |
|    n_updates            | 3080        |
|    policy_gradient_loss | -0.0569     |
|    value_loss           | 0.000506    |
-----------------------------------------
-----------------------------------------
| rollout/                |             |
|    ep_len_mean          | 1e+03       |
|    ep_rew_mean          | 49          |
| time/                   |             |
|    fps                  | 658         |
|    iterations           | 310         |
|    time_elapsed         | 30          |
|    total_timesteps      | 19840       |
| train/                  |             |
|    approx_kl            | 0.026199706 |
|    clip_fraction        | 0.273       |
|    clip_range           | 0.2         |
|    entropy_loss         | -2.87       |
|    explained_variance   | -0.449      |
|    learning_rate        | 0.0003      |
|    loss                 | -0.0728     |
|    n_updates            | 3090        |
|    policy_gradient_loss | -0.0513     |
|    value_loss           | 0.000395    |
-----------------------------------------
-----------------------------------------
| rollout/                |             |
|    ep_len_mean          | 1e+03       |
|    ep_rew_mean          | 49          |
| time/                   |             |
|    fps                  | 658         |
|    iterations           | 311         |
|    time_elapsed         | 30          |
|    total_timesteps      | 19904       |
| train/                  |             |
|    approx_kl            | 0.016744811 |
|    clip_fraction        | 0.148       |
|    clip_range           | 0.2         |
|    entropy_loss         | -2.92       |
|    explained_variance   | -0.477      |
|    learning_rate        | 0.0003      |
|    loss                 | -0.0802     |
|    n_updates            | 3100        |
|    policy_gradient_loss | -0.036      |
|    value_loss           | 0.000366    |
-----------------------------------------
-----------------------------------------
| rollout/                |             |
|    ep_len_mean          | 1e+03       |
|    ep_rew_mean          | 49          |
| time/                   |             |
|    fps                  | 658         |
|    iterations           | 312         |
|    time_elapsed         | 30          |
|    total_timesteps      | 19968       |
| train/                  |             |
|    approx_kl            | 0.016232701 |
|    clip_fraction        | 0.161       |
|    clip_range           | 0.2         |
|    entropy_loss         | -2.94       |
|    explained_variance   | -0.755      |
|    learning_rate        | 0.0003      |
|    loss                 | -0.146      |
|    n_updates            | 3110        |
|    policy_gradient_loss | -0.0303     |
|    value_loss           | 0.000248    |
-----------------------------------------
-----------------------------------------
| rollout/                |             |
|    ep_len_mean          | 1e+03       |
|    ep_rew_mean          | 49          |
| time/                   |             |
|    fps                  | 657         |
|    iterations           | 313         |
|    time_elapsed         | 30          |
|    total_timesteps      | 20032       |
| train/                  |             |
|    approx_kl            | 0.023620695 |
|    clip_fraction        | 0.198       |
|    clip_range           | 0.2         |
|    entropy_loss         | -2.89       |
|    explained_variance   | -0.462      |
|    learning_rate        | 0.0003      |
|    loss                 | -0.0773     |
|    n_updates            | 3120        |
|    policy_gradient_loss | -0.0481     |
|    value_loss           | 0.000191    |
-----------------------------------------
-----------------------------------------
| rollout/                |             |
|    ep_len_mean          | 1e+03       |
|    ep_rew_mean          | 49          |
| time/                   |             |
|    fps                  | 658         |
|    iterations           | 314         |
|    time_elapsed         | 30          |
|    total_timesteps      | 20096       |
| train/                  |             |
|    approx_kl            | 0.017678078 |
|    clip_fraction        | 0.1         |
|    clip_range           | 0.2         |
|    entropy_loss         | -2.85       |
|    explained_variance   | 0.000939    |
|    learning_rate        | 0.0003      |
|    loss                 | 0.435       |
|    n_updates            | 3130        |
|    policy_gradient_loss | -0.0288     |
|    value_loss           | 2.12        |
-----------------------------------------
-----------------------------------------
| rollout/                |             |
|    ep_len_mean          | 1e+03       |
|    ep_rew_mean          | 49          |
| time/                   |             |
|    fps                  | 658         |
|    iterations           | 315         |
|    time_elapsed         | 30          |
|    total_timesteps      | 20160       |
| train/                  |             |
|    approx_kl            | 0.021652237 |
|    clip_fraction        | 0.252       |
|    clip_range           | 0.2         |
|    entropy_loss         | -2.84       |
|    explained_variance   | 0.0462      |
|    learning_rate        | 0.0003      |
|    loss                 | -0.125      |
|    n_updates            | 3140        |
|    policy_gradient_loss | -0.0488     |
|    value_loss           | 0.00705     |
-----------------------------------------
-----------------------------------------
| rollout/                |             |
|    ep_len_mean          | 1e+03       |
|    ep_rew_mean          | 49          |
| time/                   |             |
|    fps                  | 658         |
|    iterations           | 316         |
|    time_elapsed         | 30          |
|    total_timesteps      | 20224       |
| train/                  |             |
|    approx_kl            | 0.027188163 |
|    clip_fraction        | 0.283       |
|    clip_range           | 0.2         |
|    entropy_loss         | -2.77       |
|    explained_variance   | -0.146      |
|    learning_rate        | 0.0003      |
|    loss                 | -0.0944     |
|    n_updates            | 3150        |
|    policy_gradient_loss | -0.0555     |
|    value_loss           | 0.00634     |
-----------------------------------------
-----------------------------------------
| rollout/                |             |
|    ep_len_mean          | 1e+03       |
|    ep_rew_mean          | 49          |
| time/                   |             |
|    fps                  | 657         |
|    iterations           | 317         |
|    time_elapsed         | 30          |
|    total_timesteps      | 20288       |
| train/                  |             |
|    approx_kl            | 0.019941136 |
|    clip_fraction        | 0.223       |
|    clip_range           | 0.2         |
|    entropy_loss         | -2.79       |
|    explained_variance   | -0.173      |
|    learning_rate        | 0.0003      |
|    loss                 | -0.0822     |
|    n_updates            | 3160        |
|    policy_gradient_loss | -0.0427     |
|    value_loss           | 0.004       |
-----------------------------------------
-----------------------------------------
| rollout/                |             |
|    ep_len_mean          | 1e+03       |
|    ep_rew_mean          | 49          |
| time/                   |             |
|    fps                  | 657         |
|    iterations           | 318         |
|    time_elapsed         | 30          |
|    total_timesteps      | 20352       |
| train/                  |             |
|    approx_kl            | 0.021425694 |
|    clip_fraction        | 0.244       |
|    clip_range           | 0.2         |
|    entropy_loss         | -2.78       |
|    explained_variance   | -0.352      |
|    learning_rate        | 0.0003      |
|    loss                 | -0.0531     |
|    n_updates            | 3170        |
|    policy_gradient_loss | -0.0459     |
|    value_loss           | 0.00333     |
-----------------------------------------
-----------------------------------------
| rollout/                |             |
|    ep_len_mean          | 1e+03       |
|    ep_rew_mean          | 49          |
| time/                   |             |
|    fps                  | 657         |
|    iterations           | 319         |
|    time_elapsed         | 31          |
|    total_timesteps      | 20416       |
| train/                  |             |
|    approx_kl            | 0.019940611 |
|    clip_fraction        | 0.152       |
|    clip_range           | 0.2         |
|    entropy_loss         | -2.73       |
|    explained_variance   | -0.148      |
|    learning_rate        | 0.0003      |
|    loss                 | -0.0556     |
|    n_updates            | 3180        |
|    policy_gradient_loss | -0.0398     |
|    value_loss           | 0.00241     |
-----------------------------------------
-----------------------------------------
| rollout/                |             |
|    ep_len_mean          | 1e+03       |
|    ep_rew_mean          | 49          |
| time/                   |             |
|    fps                  | 657         |
|    iterations           | 320         |
|    time_elapsed         | 31          |
|    total_timesteps      | 20480       |
| train/                  |             |
|    approx_kl            | 0.021468233 |
|    clip_fraction        | 0.298       |
|    clip_range           | 0.2         |
|    entropy_loss         | -2.7        |
|    explained_variance   | -0.415      |
|    learning_rate        | 0.0003      |
|    loss                 | -0.152      |
|    n_updates            | 3190        |
|    policy_gradient_loss | -0.0495     |
|    value_loss           | 0.00156     |
-----------------------------------------
-----------------------------------------
| rollout/                |             |
|    ep_len_mean          | 1e+03       |
|    ep_rew_mean          | 49          |
| time/                   |             |
|    fps                  | 657         |
|    iterations           | 321         |
|    time_elapsed         | 31          |
|    total_timesteps      | 20544       |
| train/                  |             |
|    approx_kl            | 0.021440225 |
|    clip_fraction        | 0.212       |
|    clip_range           | 0.2         |
|    entropy_loss         | -2.71       |
|    explained_variance   | 0.139       |
|    learning_rate        | 0.0003      |
|    loss                 | -0.117      |
|    n_updates            | 3200        |
|    policy_gradient_loss | -0.0446     |
|    value_loss           | 0.00109     |
-----------------------------------------
-----------------------------------------
| rollout/                |             |
|    ep_len_mean          | 1e+03       |
|    ep_rew_mean          | 49          |
| time/                   |             |
|    fps                  | 657         |
|    iterations           | 322         |
|    time_elapsed         | 31          |
|    total_timesteps      | 20608       |
| train/                  |             |
|    approx_kl            | 0.023041178 |
|    clip_fraction        | 0.237       |
|    clip_range           | 0.2         |
|    entropy_loss         | -2.7        |
|    explained_variance   | -0.207      |
|    learning_rate        | 0.0003      |
|    loss                 | -0.0673     |
|    n_updates            | 3210        |
|    policy_gradient_loss | -0.041      |
|    value_loss           | 0.000929    |
-----------------------------------------
-----------------------------------------
| rollout/                |             |
|    ep_len_mean          | 1e+03       |
|    ep_rew_mean          | 49          |
| time/                   |             |
|    fps                  | 657         |
|    iterations           | 323         |
|    time_elapsed         | 31          |
|    total_timesteps      | 20672       |
| train/                  |             |
|    approx_kl            | 0.029537186 |
|    clip_fraction        | 0.236       |
|    clip_range           | 0.2         |
|    entropy_loss         | -2.66       |
|    explained_variance   | -0.408      |
|    learning_rate        | 0.0003      |
|    loss                 | -0.094      |
|    n_updates            | 3220        |
|    policy_gradient_loss | -0.0452     |
|    value_loss           | 0.000752    |
-----------------------------------------
-----------------------------------------
| rollout/                |             |
|    ep_len_mean          | 1e+03       |
|    ep_rew_mean          | 49          |
| time/                   |             |
|    fps                  | 657         |
|    iterations           | 324         |
|    time_elapsed         | 31          |
|    total_timesteps      | 20736       |
| train/                  |             |
|    approx_kl            | 0.017089646 |
|    clip_fraction        | 0.133       |
|    clip_range           | 0.2         |
|    entropy_loss         | -2.6        |
|    explained_variance   | -0.475      |
|    learning_rate        | 0.0003      |
|    loss                 | -0.0576     |
|    n_updates            | 3230        |
|    policy_gradient_loss | -0.024      |
|    value_loss           | 0.00054     |
-----------------------------------------
-----------------------------------------
| rollout/                |             |
|    ep_len_mean          | 1e+03       |
|    ep_rew_mean          | 49          |
| time/                   |             |
|    fps                  | 657         |
|    iterations           | 325         |
|    time_elapsed         | 31          |
|    total_timesteps      | 20800       |
| train/                  |             |
|    approx_kl            | 0.021205679 |
|    clip_fraction        | 0.167       |
|    clip_range           | 0.2         |
|    entropy_loss         | -2.62       |
|    explained_variance   | -0.824      |
|    learning_rate        | 0.0003      |
|    loss                 | -0.0187     |
|    n_updates            | 3240        |
|    policy_gradient_loss | -0.0323     |
|    value_loss           | 0.000458    |
-----------------------------------------
-----------------------------------------
| rollout/                |             |
|    ep_len_mean          | 1e+03       |
|    ep_rew_mean          | 49          |
| time/                   |             |
|    fps                  | 657         |
|    iterations           | 326         |
|    time_elapsed         | 31          |
|    total_timesteps      | 20864       |
| train/                  |             |
|    approx_kl            | 0.014850421 |
|    clip_fraction        | 0.103       |
|    clip_range           | 0.2         |
|    entropy_loss         | -2.7        |
|    explained_variance   | -0.275      |
|    learning_rate        | 0.0003      |
|    loss                 | -0.0906     |
|    n_updates            | 3250        |
|    policy_gradient_loss | -0.0322     |
|    value_loss           | 0.000306    |
-----------------------------------------
-----------------------------------------
| rollout/                |             |
|    ep_len_mean          | 1e+03       |
|    ep_rew_mean          | 49          |
| time/                   |             |
|    fps                  | 657         |
|    iterations           | 327         |
|    time_elapsed         | 31          |
|    total_timesteps      | 20928       |
| train/                  |             |
|    approx_kl            | 0.023575095 |
|    clip_fraction        | 0.164       |
|    clip_range           | 0.2         |
|    entropy_loss         | -2.74       |
|    explained_variance   | -2.13       |
|    learning_rate        | 0.0003      |
|    loss                 | -0.023      |
|    n_updates            | 3260        |
|    policy_gradient_loss | -0.0315     |
|    value_loss           | 0.000273    |
-----------------------------------------
-----------------------------------------
| rollout/                |             |
|    ep_len_mean          | 1e+03       |
|    ep_rew_mean          | 49          |
| time/                   |             |
|    fps                  | 657         |
|    iterations           | 328         |
|    time_elapsed         | 31          |
|    total_timesteps      | 20992       |
| train/                  |             |
|    approx_kl            | 0.035016462 |
|    clip_fraction        | 0.247       |
|    clip_range           | 0.2         |
|    entropy_loss         | -2.82       |
|    explained_variance   | -0.213      |
|    learning_rate        | 0.0003      |
|    loss                 | -0.124      |
|    n_updates            | 3270        |
|    policy_gradient_loss | -0.0469     |
|    value_loss           | 0.000166    |
-----------------------------------------
-----------------------------------------
| rollout/                |             |
|    ep_len_mean          | 1e+03       |
|    ep_rew_mean          | 49          |
| time/                   |             |
|    fps                  | 657         |
|    iterations           | 329         |
|    time_elapsed         | 32          |
|    total_timesteps      | 21056       |
| train/                  |             |
|    approx_kl            | 0.019376867 |
|    clip_fraction        | 0.161       |
|    clip_range           | 0.2         |
|    entropy_loss         | -2.86       |
|    explained_variance   | -1.25       |
|    learning_rate        | 0.0003      |
|    loss                 | -0.0903     |
|    n_updates            | 3280        |
|    policy_gradient_loss | -0.0352     |
|    value_loss           | 0.000147    |
-----------------------------------------
---------------------------------------
| rollout/                |           |
|    ep_len_mean          | 1e+03     |
|    ep_rew_mean          | 49        |
| time/                   |           |
|    fps                  | 657       |
|    iterations           | 330       |
|    time_elapsed         | 32        |
|    total_timesteps      | 21120     |
| train/                  |           |
|    approx_kl            | 0.0160724 |
|    clip_fraction        | 0.0922    |
|    clip_range           | 0.2       |
|    entropy_loss         | -2.83     |
|    explained_variance   | -0.00218  |
|    learning_rate        | 0.0003    |
|    loss                 | 0.389     |
|    n_updates            | 3290      |
|    policy_gradient_loss | -0.0179   |
|    value_loss           | 1.71      |
---------------------------------------
-----------------------------------------
| rollout/                |             |
|    ep_len_mean          | 1e+03       |
|    ep_rew_mean          | 49          |
| time/                   |             |
|    fps                  | 657         |
|    iterations           | 331         |
|    time_elapsed         | 32          |
|    total_timesteps      | 21184       |
| train/                  |             |
|    approx_kl            | 0.023415897 |
|    clip_fraction        | 0.22        |
|    clip_range           | 0.2         |
|    entropy_loss         | -2.85       |
|    explained_variance   | -0.315      |
|    learning_rate        | 0.0003      |
|    loss                 | -0.128      |
|    n_updates            | 3300        |
|    policy_gradient_loss | -0.0484     |
|    value_loss           | 0.00227     |
-----------------------------------------
-----------------------------------------
| rollout/                |             |
|    ep_len_mean          | 1e+03       |
|    ep_rew_mean          | 49          |
| time/                   |             |
|    fps                  | 657         |
|    iterations           | 332         |
|    time_elapsed         | 32          |
|    total_timesteps      | 21248       |
| train/                  |             |
|    approx_kl            | 0.020082133 |
|    clip_fraction        | 0.15        |
|    clip_range           | 0.2         |
|    entropy_loss         | -2.82       |
|    explained_variance   | -0.788      |
|    learning_rate        | 0.0003      |
|    loss                 | -0.11       |
|    n_updates            | 3310        |
|    policy_gradient_loss | -0.0438     |
|    value_loss           | 0.00179     |
-----------------------------------------
----------------------------------------
| rollout/                |            |
|    ep_len_mean          | 1e+03      |
|    ep_rew_mean          | 49         |
| time/                   |            |
|    fps                  | 657        |
|    iterations           | 333        |
|    time_elapsed         | 32         |
|    total_timesteps      | 21312      |
| train/                  |            |
|    approx_kl            | 0.03687297 |
|    clip_fraction        | 0.403      |
|    clip_range           | 0.2        |
|    entropy_loss         | -2.89      |
|    explained_variance   | -0.276     |
|    learning_rate        | 0.0003     |
|    loss                 | -0.153     |
|    n_updates            | 3320       |
|    policy_gradient_loss | -0.0722    |
|    value_loss           | 0.0012     |
----------------------------------------
----------------------------------------
| rollout/                |            |
|    ep_len_mean          | 1e+03      |
|    ep_rew_mean          | 49         |
| time/                   |            |
|    fps                  | 657        |
|    iterations           | 334        |
|    time_elapsed         | 32         |
|    total_timesteps      | 21376      |
| train/                  |            |
|    approx_kl            | 0.01965357 |
|    clip_fraction        | 0.148      |
|    clip_range           | 0.2        |
|    entropy_loss         | -2.9       |
|    explained_variance   | -0.108     |
|    learning_rate        | 0.0003     |
|    loss                 | -0.151     |
|    n_updates            | 3330       |
|    policy_gradient_loss | -0.0367    |
|    value_loss           | 0.00107    |
----------------------------------------
----------------------------------------
| rollout/                |            |
|    ep_len_mean          | 1e+03      |
|    ep_rew_mean          | 49         |
| time/                   |            |
|    fps                  | 657        |
|    iterations           | 335        |
|    time_elapsed         | 32         |
|    total_timesteps      | 21440      |
| train/                  |            |
|    approx_kl            | 0.03477246 |
|    clip_fraction        | 0.295      |
|    clip_range           | 0.2        |
|    entropy_loss         | -2.9       |
|    explained_variance   | -0.279     |
|    learning_rate        | 0.0003     |
|    loss                 | -0.169     |
|    n_updates            | 3340       |
|    policy_gradient_loss | -0.0623    |
|    value_loss           | 0.000741   |
----------------------------------------
----------------------------------------
| rollout/                |            |
|    ep_len_mean          | 1e+03      |
|    ep_rew_mean          | 49         |
| time/                   |            |
|    fps                  | 657        |
|    iterations           | 336        |
|    time_elapsed         | 32         |
|    total_timesteps      | 21504      |
| train/                  |            |
|    approx_kl            | 0.02403992 |
|    clip_fraction        | 0.195      |
|    clip_range           | 0.2        |
|    entropy_loss         | -2.93      |
|    explained_variance   | 0.0397     |
|    learning_rate        | 0.0003     |
|    loss                 | -0.0894    |
|    n_updates            | 3350       |
|    policy_gradient_loss | -0.0384    |
|    value_loss           | 0.000491   |
----------------------------------------
-----------------------------------------
| rollout/                |             |
|    ep_len_mean          | 1e+03       |
|    ep_rew_mean          | 49          |
| time/                   |             |
|    fps                  | 657         |
|    iterations           | 337         |
|    time_elapsed         | 32          |
|    total_timesteps      | 21568       |
| train/                  |             |
|    approx_kl            | 0.009995158 |
|    clip_fraction        | 0.0891      |
|    clip_range           | 0.2         |
|    entropy_loss         | -2.92       |
|    explained_variance   | -0.177      |
|    learning_rate        | 0.0003      |
|    loss                 | -0.0713     |
|    n_updates            | 3360        |
|    policy_gradient_loss | -0.0292     |
|    value_loss           | 0.000375    |
-----------------------------------------
----------------------------------------
| rollout/                |            |
|    ep_len_mean          | 1e+03      |
|    ep_rew_mean          | 49         |
| time/                   |            |
|    fps                  | 657        |
|    iterations           | 338        |
|    time_elapsed         | 32         |
|    total_timesteps      | 21632      |
| train/                  |            |
|    approx_kl            | 0.01941952 |
|    clip_fraction        | 0.164      |
|    clip_range           | 0.2        |
|    entropy_loss         | -2.89      |
|    explained_variance   | 0.0573     |
|    learning_rate        | 0.0003     |
|    loss                 | -0.1       |
|    n_updates            | 3370       |
|    policy_gradient_loss | -0.0478    |
|    value_loss           | 0.000299   |
----------------------------------------
-----------------------------------------
| rollout/                |             |
|    ep_len_mean          | 1e+03       |
|    ep_rew_mean          | 49          |
| time/                   |             |
|    fps                  | 657         |
|    iterations           | 339         |
|    time_elapsed         | 32          |
|    total_timesteps      | 21696       |
| train/                  |             |
|    approx_kl            | 0.023450162 |
|    clip_fraction        | 0.22        |
|    clip_range           | 0.2         |
|    entropy_loss         | -2.85       |
|    explained_variance   | -1.35       |
|    learning_rate        | 0.0003      |
|    loss                 | -0.15       |
|    n_updates            | 3380        |
|    policy_gradient_loss | -0.0435     |
|    value_loss           | 0.000221    |
-----------------------------------------
-----------------------------------------
| rollout/                |             |
|    ep_len_mean          | 1e+03       |
|    ep_rew_mean          | 49          |
| time/                   |             |
|    fps                  | 657         |
|    iterations           | 340         |
|    time_elapsed         | 33          |
|    total_timesteps      | 21760       |
| train/                  |             |
|    approx_kl            | 0.016148865 |
|    clip_fraction        | 0.142       |
|    clip_range           | 0.2         |
|    entropy_loss         | -2.78       |
|    explained_variance   | -0.973      |
|    learning_rate        | 0.0003      |
|    loss                 | -0.107      |
|    n_updates            | 3390        |
|    policy_gradient_loss | -0.0344     |
|    value_loss           | 0.000215    |
-----------------------------------------
-----------------------------------------
| rollout/                |             |
|    ep_len_mean          | 1e+03       |
|    ep_rew_mean          | 49          |
| time/                   |             |
|    fps                  | 657         |
|    iterations           | 341         |
|    time_elapsed         | 33          |
|    total_timesteps      | 21824       |
| train/                  |             |
|    approx_kl            | 0.025947599 |
|    clip_fraction        | 0.188       |
|    clip_range           | 0.2         |
|    entropy_loss         | -2.79       |
|    explained_variance   | -0.188      |
|    learning_rate        | 0.0003      |
|    loss                 | -0.103      |
|    n_updates            | 3400        |
|    policy_gradient_loss | -0.0495     |
|    value_loss           | 0.000142    |
-----------------------------------------
-----------------------------------------
| rollout/                |             |
|    ep_len_mean          | 1e+03       |
|    ep_rew_mean          | 49          |
| time/                   |             |
|    fps                  | 657         |
|    iterations           | 342         |
|    time_elapsed         | 33          |
|    total_timesteps      | 21888       |
| train/                  |             |
|    approx_kl            | 0.035760164 |
|    clip_fraction        | 0.225       |
|    clip_range           | 0.2         |
|    entropy_loss         | -2.72       |
|    explained_variance   | -0.253      |
|    learning_rate        | 0.0003      |
|    loss                 | -0.102      |
|    n_updates            | 3410        |
|    policy_gradient_loss | -0.0375     |
|    value_loss           | 0.000123    |
-----------------------------------------
-----------------------------------------
| rollout/                |             |
|    ep_len_mean          | 1e+03       |
|    ep_rew_mean          | 49          |
| time/                   |             |
|    fps                  | 657         |
|    iterations           | 343         |
|    time_elapsed         | 33          |
|    total_timesteps      | 21952       |
| train/                  |             |
|    approx_kl            | 0.020694535 |
|    clip_fraction        | 0.156       |
|    clip_range           | 0.2         |
|    entropy_loss         | -2.76       |
|    explained_variance   | -0.943      |
|    learning_rate        | 0.0003      |
|    loss                 | -0.0839     |
|    n_updates            | 3420        |
|    policy_gradient_loss | -0.0445     |
|    value_loss           | 9.98e-05    |
-----------------------------------------
-----------------------------------------
| rollout/                |             |
|    ep_len_mean          | 1e+03       |
|    ep_rew_mean          | 49          |
| time/                   |             |
|    fps                  | 657         |
|    iterations           | 344         |
|    time_elapsed         | 33          |
|    total_timesteps      | 22016       |
| train/                  |             |
|    approx_kl            | 0.024809517 |
|    clip_fraction        | 0.308       |
|    clip_range           | 0.2         |
|    entropy_loss         | -2.82       |
|    explained_variance   | -1.43       |
|    learning_rate        | 0.0003      |
|    loss                 | -0.136      |
|    n_updates            | 3430        |
|    policy_gradient_loss | -0.0411     |
|    value_loss           | 0.000255    |
-----------------------------------------
-----------------------------------------
| rollout/                |             |
|    ep_len_mean          | 1e+03       |
|    ep_rew_mean          | 49          |
| time/                   |             |
|    fps                  | 657         |
|    iterations           | 345         |
|    time_elapsed         | 33          |
|    total_timesteps      | 22080       |
| train/                  |             |
|    approx_kl            | 0.012501174 |
|    clip_fraction        | 0.0625      |
|    clip_range           | 0.2         |
|    entropy_loss         | -2.84       |
|    explained_variance   | 0.00049     |
|    learning_rate        | 0.0003      |
|    loss                 | 1.07        |
|    n_updates            | 3440        |
|    policy_gradient_loss | -0.0224     |
|    value_loss           | 2.03        |
-----------------------------------------
-----------------------------------------
| rollout/                |             |
|    ep_len_mean          | 1e+03       |
|    ep_rew_mean          | 49          |
| time/                   |             |
|    fps                  | 657         |
|    iterations           | 346         |
|    time_elapsed         | 33          |
|    total_timesteps      | 22144       |
| train/                  |             |
|    approx_kl            | 0.020743845 |
|    clip_fraction        | 0.156       |
|    clip_range           | 0.2         |
|    entropy_loss         | -2.87       |
|    explained_variance   | -0.24       |
|    learning_rate        | 0.0003      |
|    loss                 | -0.118      |
|    n_updates            | 3450        |
|    policy_gradient_loss | -0.0347     |
|    value_loss           | 0.00847     |
-----------------------------------------
----------------------------------------
| rollout/                |            |
|    ep_len_mean          | 1e+03      |
|    ep_rew_mean          | 49         |
| time/                   |            |
|    fps                  | 657        |
|    iterations           | 347        |
|    time_elapsed         | 33         |
|    total_timesteps      | 22208      |
| train/                  |            |
|    approx_kl            | 0.03244069 |
|    clip_fraction        | 0.266      |
|    clip_range           | 0.2        |
|    entropy_loss         | -2.83      |
|    explained_variance   | -0.261     |
|    learning_rate        | 0.0003     |
|    loss                 | -0.0828    |
|    n_updates            | 3460       |
|    policy_gradient_loss | -0.0584    |
|    value_loss           | 0.00515    |
----------------------------------------
-----------------------------------------
| rollout/                |             |
|    ep_len_mean          | 1e+03       |
|    ep_rew_mean          | 49          |
| time/                   |             |
|    fps                  | 657         |
|    iterations           | 348         |
|    time_elapsed         | 33          |
|    total_timesteps      | 22272       |
| train/                  |             |
|    approx_kl            | 0.007861428 |
|    clip_fraction        | 0.0234      |
|    clip_range           | 0.2         |
|    entropy_loss         | -2.79       |
|    explained_variance   | -0.416      |
|    learning_rate        | 0.0003      |
|    loss                 | -0.101      |
|    n_updates            | 3470        |
|    policy_gradient_loss | -0.0219     |
|    value_loss           | 0.00555     |
-----------------------------------------
-----------------------------------------
| rollout/                |             |
|    ep_len_mean          | 1e+03       |
|    ep_rew_mean          | 49          |
| time/                   |             |
|    fps                  | 657         |
|    iterations           | 349         |
|    time_elapsed         | 33          |
|    total_timesteps      | 22336       |
| train/                  |             |
|    approx_kl            | 0.013097025 |
|    clip_fraction        | 0.141       |
|    clip_range           | 0.2         |
|    entropy_loss         | -2.74       |
|    explained_variance   | -0.0115     |
|    learning_rate        | 0.0003      |
|    loss                 | -0.0764     |
|    n_updates            | 3480        |
|    policy_gradient_loss | -0.0357     |
|    value_loss           | 0.00363     |
-----------------------------------------
-----------------------------------------
| rollout/                |             |
|    ep_len_mean          | 1e+03       |
|    ep_rew_mean          | 49          |
| time/                   |             |
|    fps                  | 657         |
|    iterations           | 350         |
|    time_elapsed         | 34          |
|    total_timesteps      | 22400       |
| train/                  |             |
|    approx_kl            | 0.017971992 |
|    clip_fraction        | 0.139       |
|    clip_range           | 0.2         |
|    entropy_loss         | -2.76       |
|    explained_variance   | -0.123      |
|    learning_rate        | 0.0003      |
|    loss                 | -0.106      |
|    n_updates            | 3490        |
|    policy_gradient_loss | -0.0374     |
|    value_loss           | 0.0027      |
-----------------------------------------
----------------------------------------
| rollout/                |            |
|    ep_len_mean          | 1e+03      |
|    ep_rew_mean          | 49         |
| time/                   |            |
|    fps                  | 657        |
|    iterations           | 351        |
|    time_elapsed         | 34         |
|    total_timesteps      | 22464      |
| train/                  |            |
|    approx_kl            | 0.02435274 |
|    clip_fraction        | 0.192      |
|    clip_range           | 0.2        |
|    entropy_loss         | -2.64      |
|    explained_variance   | -0.0873    |
|    learning_rate        | 0.0003     |
|    loss                 | -0.0976    |
|    n_updates            | 3500       |
|    policy_gradient_loss | -0.0474    |
|    value_loss           | 0.00227    |
----------------------------------------
----------------------------------------
| rollout/                |            |
|    ep_len_mean          | 1e+03      |
|    ep_rew_mean          | 49         |
| time/                   |            |
|    fps                  | 657        |
|    iterations           | 352        |
|    time_elapsed         | 34         |
|    total_timesteps      | 22528      |
| train/                  |            |
|    approx_kl            | 0.03217392 |
|    clip_fraction        | 0.27       |
|    clip_range           | 0.2        |
|    entropy_loss         | -2.65      |
|    explained_variance   | 0.0058     |
|    learning_rate        | 0.0003     |
|    loss                 | -0.0885    |
|    n_updates            | 3510       |
|    policy_gradient_loss | -0.054     |
|    value_loss           | 0.00148    |
----------------------------------------
-----------------------------------------
| rollout/                |             |
|    ep_len_mean          | 1e+03       |
|    ep_rew_mean          | 49          |
| time/                   |             |
|    fps                  | 657         |
|    iterations           | 353         |
|    time_elapsed         | 34          |
|    total_timesteps      | 22592       |
| train/                  |             |
|    approx_kl            | 0.023499148 |
|    clip_fraction        | 0.236       |
|    clip_range           | 0.2         |
|    entropy_loss         | -2.77       |
|    explained_variance   | -0.00141    |
|    learning_rate        | 0.0003      |
|    loss                 | -0.083      |
|    n_updates            | 3520        |
|    policy_gradient_loss | -0.0489     |
|    value_loss           | 0.00122     |
-----------------------------------------
----------------------------------------
| rollout/                |            |
|    ep_len_mean          | 1e+03      |
|    ep_rew_mean          | 49         |
| time/                   |            |
|    fps                  | 657        |
|    iterations           | 354        |
|    time_elapsed         | 34         |
|    total_timesteps      | 22656      |
| train/                  |            |
|    approx_kl            | 0.02508281 |
|    clip_fraction        | 0.306      |
|    clip_range           | 0.2        |
|    entropy_loss         | -2.81      |
|    explained_variance   | 0.0345     |
|    learning_rate        | 0.0003     |
|    loss                 | -0.0478    |
|    n_updates            | 3530       |
|    policy_gradient_loss | -0.0481    |
|    value_loss           | 0.001      |
----------------------------------------
----------------------------------------
| rollout/                |            |
|    ep_len_mean          | 1e+03      |
|    ep_rew_mean          | 49         |
| time/                   |            |
|    fps                  | 657        |
|    iterations           | 355        |
|    time_elapsed         | 34         |
|    total_timesteps      | 22720      |
| train/                  |            |
|    approx_kl            | 0.02192314 |
|    clip_fraction        | 0.261      |
|    clip_range           | 0.2        |
|    entropy_loss         | -2.79      |
|    explained_variance   | -0.0787    |
|    learning_rate        | 0.0003     |
|    loss                 | -0.09      |
|    n_updates            | 3540       |
|    policy_gradient_loss | -0.0432    |
|    value_loss           | 0.000725   |
----------------------------------------
-----------------------------------------
| rollout/                |             |
|    ep_len_mean          | 1e+03       |
|    ep_rew_mean          | 49          |
| time/                   |             |
|    fps                  | 657         |
|    iterations           | 356         |
|    time_elapsed         | 34          |
|    total_timesteps      | 22784       |
| train/                  |             |
|    approx_kl            | 0.016848948 |
|    clip_fraction        | 0.242       |
|    clip_range           | 0.2         |
|    entropy_loss         | -2.76       |
|    explained_variance   | -0.219      |
|    learning_rate        | 0.0003      |
|    loss                 | -0.119      |
|    n_updates            | 3550        |
|    policy_gradient_loss | -0.0398     |
|    value_loss           | 0.000483    |
-----------------------------------------
-----------------------------------------
| rollout/                |             |
|    ep_len_mean          | 1e+03       |
|    ep_rew_mean          | 49          |
| time/                   |             |
|    fps                  | 657         |
|    iterations           | 357         |
|    time_elapsed         | 34          |
|    total_timesteps      | 22848       |
| train/                  |             |
|    approx_kl            | 0.023379672 |
|    clip_fraction        | 0.231       |
|    clip_range           | 0.2         |
|    entropy_loss         | -2.75       |
|    explained_variance   | -0.187      |
|    learning_rate        | 0.0003      |
|    loss                 | -0.142      |
|    n_updates            | 3560        |
|    policy_gradient_loss | -0.0432     |
|    value_loss           | 0.00033     |
-----------------------------------------
-----------------------------------------
| rollout/                |             |
|    ep_len_mean          | 1e+03       |
|    ep_rew_mean          | 49          |
| time/                   |             |
|    fps                  | 657         |
|    iterations           | 358         |
|    time_elapsed         | 34          |
|    total_timesteps      | 22912       |
| train/                  |             |
|    approx_kl            | 0.019365113 |
|    clip_fraction        | 0.102       |
|    clip_range           | 0.2         |
|    entropy_loss         | -2.76       |
|    explained_variance   | 0.0319      |
|    learning_rate        | 0.0003      |
|    loss                 | -0.0463     |
|    n_updates            | 3570        |
|    policy_gradient_loss | -0.0285     |
|    value_loss           | 0.000275    |
-----------------------------------------
-----------------------------------------
| rollout/                |             |
|    ep_len_mean          | 1e+03       |
|    ep_rew_mean          | 49          |
| time/                   |             |
|    fps                  | 657         |
|    iterations           | 359         |
|    time_elapsed         | 34          |
|    total_timesteps      | 22976       |
| train/                  |             |
|    approx_kl            | 0.026574776 |
|    clip_fraction        | 0.338       |
|    clip_range           | 0.2         |
|    entropy_loss         | -2.67       |
|    explained_variance   | -0.107      |
|    learning_rate        | 0.0003      |
|    loss                 | -0.105      |
|    n_updates            | 3580        |
|    policy_gradient_loss | -0.0542     |
|    value_loss           | 0.000191    |
-----------------------------------------
---------------------------------------
| rollout/                |           |
|    ep_len_mean          | 1e+03     |
|    ep_rew_mean          | 49        |
| time/                   |           |
|    fps                  | 657       |
|    iterations           | 360       |
|    time_elapsed         | 35        |
|    total_timesteps      | 23040     |
| train/                  |           |
|    approx_kl            | 0.0170542 |
|    clip_fraction        | 0.117     |
|    clip_range           | 0.2       |
|    entropy_loss         | -2.68     |
|    explained_variance   | -0.5      |
|    learning_rate        | 0.0003    |
|    loss                 | -0.0676   |
|    n_updates            | 3590      |
|    policy_gradient_loss | -0.0336   |
|    value_loss           | 0.000192  |
---------------------------------------
----------------------------------------
| rollout/                |            |
|    ep_len_mean          | 1e+03      |
|    ep_rew_mean          | 49         |
| time/                   |            |
|    fps                  | 657        |
|    iterations           | 361        |
|    time_elapsed         | 35         |
|    total_timesteps      | 23104      |
| train/                  |            |
|    approx_kl            | 0.00549908 |
|    clip_fraction        | 0.00781    |
|    clip_range           | 0.2        |
|    entropy_loss         | -2.63      |
|    explained_variance   | 0.00307    |
|    learning_rate        | 0.0003     |
|    loss                 | 0.658      |
|    n_updates            | 3600       |
|    policy_gradient_loss | -0.0144    |
|    value_loss           | 2.15       |
----------------------------------------
-----------------------------------------
| rollout/                |             |
|    ep_len_mean          | 1e+03       |
|    ep_rew_mean          | 49          |
| time/                   |             |
|    fps                  | 657         |
|    iterations           | 362         |
|    time_elapsed         | 35          |
|    total_timesteps      | 23168       |
| train/                  |             |
|    approx_kl            | 0.019573312 |
|    clip_fraction        | 0.131       |
|    clip_range           | 0.2         |
|    entropy_loss         | -2.54       |
|    explained_variance   | -0.12       |
|    learning_rate        | 0.0003      |
|    loss                 | -0.0311     |
|    n_updates            | 3610        |
|    policy_gradient_loss | -0.0446     |
|    value_loss           | 0.00579     |
-----------------------------------------
----------------------------------------
| rollout/                |            |
|    ep_len_mean          | 1e+03      |
|    ep_rew_mean          | 49         |
| time/                   |            |
|    fps                  | 657        |
|    iterations           | 363        |
|    time_elapsed         | 35         |
|    total_timesteps      | 23232      |
| train/                  |            |
|    approx_kl            | 0.02243796 |
|    clip_fraction        | 0.164      |
|    clip_range           | 0.2        |
|    entropy_loss         | -2.43      |
|    explained_variance   | -0.179     |
|    learning_rate        | 0.0003     |
|    loss                 | -0.0419    |
|    n_updates            | 3620       |
|    policy_gradient_loss | -0.041     |
|    value_loss           | 0.00467    |
----------------------------------------
-----------------------------------------
| rollout/                |             |
|    ep_len_mean          | 1e+03       |
|    ep_rew_mean          | 49          |
| time/                   |             |
|    fps                  | 657         |
|    iterations           | 364         |
|    time_elapsed         | 35          |
|    total_timesteps      | 23296       |
| train/                  |             |
|    approx_kl            | 0.021541346 |
|    clip_fraction        | 0.155       |
|    clip_range           | 0.2         |
|    entropy_loss         | -2.46       |
|    explained_variance   | 0.0105      |
|    learning_rate        | 0.0003      |
|    loss                 | -0.0788     |
|    n_updates            | 3630        |
|    policy_gradient_loss | -0.0294     |
|    value_loss           | 0.00336     |
-----------------------------------------
-----------------------------------------
| rollout/                |             |
|    ep_len_mean          | 1e+03       |
|    ep_rew_mean          | 49          |
| time/                   |             |
|    fps                  | 657         |
|    iterations           | 365         |
|    time_elapsed         | 35          |
|    total_timesteps      | 23360       |
| train/                  |             |
|    approx_kl            | 0.016126405 |
|    clip_fraction        | 0.194       |
|    clip_range           | 0.2         |
|    entropy_loss         | -2.43       |
|    explained_variance   | -0.0277     |
|    learning_rate        | 0.0003      |
|    loss                 | -0.0434     |
|    n_updates            | 3640        |
|    policy_gradient_loss | -0.0316     |
|    value_loss           | 0.00258     |
-----------------------------------------
-----------------------------------------
| rollout/                |             |
|    ep_len_mean          | 1e+03       |
|    ep_rew_mean          | 49          |
| time/                   |             |
|    fps                  | 657         |
|    iterations           | 366         |
|    time_elapsed         | 35          |
|    total_timesteps      | 23424       |
| train/                  |             |
|    approx_kl            | 0.017880557 |
|    clip_fraction        | 0.231       |
|    clip_range           | 0.2         |
|    entropy_loss         | -2.28       |
|    explained_variance   | 0.00804     |
|    learning_rate        | 0.0003      |
|    loss                 | -0.092      |
|    n_updates            | 3650        |
|    policy_gradient_loss | -0.0356     |
|    value_loss           | 0.00186     |
-----------------------------------------
-----------------------------------------
| rollout/                |             |
|    ep_len_mean          | 1e+03       |
|    ep_rew_mean          | 49          |
| time/                   |             |
|    fps                  | 657         |
|    iterations           | 367         |
|    time_elapsed         | 35          |
|    total_timesteps      | 23488       |
| train/                  |             |
|    approx_kl            | 0.011244027 |
|    clip_fraction        | 0.0625      |
|    clip_range           | 0.2         |
|    entropy_loss         | -2.25       |
|    explained_variance   | 0.0963      |
|    learning_rate        | 0.0003      |
|    loss                 | -0.0666     |
|    n_updates            | 3660        |
|    policy_gradient_loss | -0.0212     |
|    value_loss           | 0.00149     |
-----------------------------------------
----------------------------------------
| rollout/                |            |
|    ep_len_mean          | 1e+03      |
|    ep_rew_mean          | 49         |
| time/                   |            |
|    fps                  | 657        |
|    iterations           | 368        |
|    time_elapsed         | 35         |
|    total_timesteps      | 23552      |
| train/                  |            |
|    approx_kl            | 0.02065606 |
|    clip_fraction        | 0.13       |
|    clip_range           | 0.2        |
|    entropy_loss         | -2.23      |
|    explained_variance   | -0.0889    |
|    learning_rate        | 0.0003     |
|    loss                 | -0.0668    |
|    n_updates            | 3670       |
|    policy_gradient_loss | -0.0306    |
|    value_loss           | 0.00115    |
----------------------------------------
-----------------------------------------
| rollout/                |             |
|    ep_len_mean          | 1e+03       |
|    ep_rew_mean          | 49          |
| time/                   |             |
|    fps                  | 657         |
|    iterations           | 369         |
|    time_elapsed         | 35          |
|    total_timesteps      | 23616       |
| train/                  |             |
|    approx_kl            | 0.019531729 |
|    clip_fraction        | 0.152       |
|    clip_range           | 0.2         |
|    entropy_loss         | -2.38       |
|    explained_variance   | 0.0967      |
|    learning_rate        | 0.0003      |
|    loss                 | -0.0808     |
|    n_updates            | 3680        |
|    policy_gradient_loss | -0.0261     |
|    value_loss           | 0.000869    |
-----------------------------------------
-----------------------------------------
| rollout/                |             |
|    ep_len_mean          | 1e+03       |
|    ep_rew_mean          | 49          |
| time/                   |             |
|    fps                  | 657         |
|    iterations           | 370         |
|    time_elapsed         | 36          |
|    total_timesteps      | 23680       |
| train/                  |             |
|    approx_kl            | 0.032171596 |
|    clip_fraction        | 0.289       |
|    clip_range           | 0.2         |
|    entropy_loss         | -2.19       |
|    explained_variance   | -0.374      |
|    learning_rate        | 0.0003      |
|    loss                 | -0.136      |
|    n_updates            | 3690        |
|    policy_gradient_loss | -0.0531     |
|    value_loss           | 0.000756    |
-----------------------------------------
-----------------------------------------
| rollout/                |             |
|    ep_len_mean          | 1e+03       |
|    ep_rew_mean          | 49          |
| time/                   |             |
|    fps                  | 657         |
|    iterations           | 371         |
|    time_elapsed         | 36          |
|    total_timesteps      | 23744       |
| train/                  |             |
|    approx_kl            | 0.016197585 |
|    clip_fraction        | 0.102       |
|    clip_range           | 0.2         |
|    entropy_loss         | -2.19       |
|    explained_variance   | -0.0338     |
|    learning_rate        | 0.0003      |
|    loss                 | -0.0417     |
|    n_updates            | 3700        |
|    policy_gradient_loss | -0.0141     |
|    value_loss           | 0.000466    |
-----------------------------------------
----------------------------------------
| rollout/                |            |
|    ep_len_mean          | 1e+03      |
|    ep_rew_mean          | 49         |
| time/                   |            |
|    fps                  | 657        |
|    iterations           | 372        |
|    time_elapsed         | 36         |
|    total_timesteps      | 23808      |
| train/                  |            |
|    approx_kl            | 0.03550911 |
|    clip_fraction        | 0.269      |
|    clip_range           | 0.2        |
|    entropy_loss         | -2.45      |
|    explained_variance   | 0.029      |
|    learning_rate        | 0.0003     |
|    loss                 | -0.065     |
|    n_updates            | 3710       |
|    policy_gradient_loss | -0.0364    |
|    value_loss           | 0.000332   |
----------------------------------------
-----------------------------------------
| rollout/                |             |
|    ep_len_mean          | 1e+03       |
|    ep_rew_mean          | 49          |
| time/                   |             |
|    fps                  | 657         |
|    iterations           | 373         |
|    time_elapsed         | 36          |
|    total_timesteps      | 23872       |
| train/                  |             |
|    approx_kl            | 0.028936025 |
|    clip_fraction        | 0.291       |
|    clip_range           | 0.2         |
|    entropy_loss         | -2.62       |
|    explained_variance   | -0.119      |
|    learning_rate        | 0.0003      |
|    loss                 | -0.0705     |
|    n_updates            | 3720        |
|    policy_gradient_loss | -0.0423     |
|    value_loss           | 0.000271    |
-----------------------------------------
-----------------------------------------
| rollout/                |             |
|    ep_len_mean          | 1e+03       |
|    ep_rew_mean          | 49          |
| time/                   |             |
|    fps                  | 657         |
|    iterations           | 374         |
|    time_elapsed         | 36          |
|    total_timesteps      | 23936       |
| train/                  |             |
|    approx_kl            | 0.028559592 |
|    clip_fraction        | 0.234       |
|    clip_range           | 0.2         |
|    entropy_loss         | -2.67       |
|    explained_variance   | -2.02       |
|    learning_rate        | 0.0003      |
|    loss                 | -0.161      |
|    n_updates            | 3730        |
|    policy_gradient_loss | -0.0416     |
|    value_loss           | 0.000254    |
-----------------------------------------
-----------------------------------------
| rollout/                |             |
|    ep_len_mean          | 1e+03       |
|    ep_rew_mean          | 49          |
| time/                   |             |
|    fps                  | 657         |
|    iterations           | 375         |
|    time_elapsed         | 36          |
|    total_timesteps      | 24000       |
| train/                  |             |
|    approx_kl            | 0.029711718 |
|    clip_fraction        | 0.316       |
|    clip_range           | 0.2         |
|    entropy_loss         | -2.66       |
|    explained_variance   | 0.0106      |
|    learning_rate        | 0.0003      |
|    loss                 | -0.092      |
|    n_updates            | 3740        |
|    policy_gradient_loss | -0.0455     |
|    value_loss           | 0.000136    |
-----------------------------------------
-----------------------------------------
| rollout/                |             |
|    ep_len_mean          | 1e+03       |
|    ep_rew_mean          | 49          |
| time/                   |             |
|    fps                  | 657         |
|    iterations           | 376         |
|    time_elapsed         | 36          |
|    total_timesteps      | 24064       |
| train/                  |             |
|    approx_kl            | 0.012673751 |
|    clip_fraction        | 0.0719      |
|    clip_range           | 0.2         |
|    entropy_loss         | -2.63       |
|    explained_variance   | -0.00181    |
|    learning_rate        | 0.0003      |
|    loss                 | 0.67        |
|    n_updates            | 3750        |
|    policy_gradient_loss | -0.022      |
|    value_loss           | 1.95        |
-----------------------------------------
-----------------------------------------
| rollout/                |             |
|    ep_len_mean          | 1e+03       |
|    ep_rew_mean          | 49          |
| time/                   |             |
|    fps                  | 657         |
|    iterations           | 377         |
|    time_elapsed         | 36          |
|    total_timesteps      | 24128       |
| train/                  |             |
|    approx_kl            | 0.009290442 |
|    clip_fraction        | 0.105       |
|    clip_range           | 0.2         |
|    entropy_loss         | -2.58       |
|    explained_variance   | -0.106      |
|    learning_rate        | 0.0003      |
|    loss                 | -0.0894     |
|    n_updates            | 3760        |
|    policy_gradient_loss | -0.0231     |
|    value_loss           | 0.00849     |
-----------------------------------------
-----------------------------------------
| rollout/                |             |
|    ep_len_mean          | 1e+03       |
|    ep_rew_mean          | 49          |
| time/                   |             |
|    fps                  | 657         |
|    iterations           | 378         |
|    time_elapsed         | 36          |
|    total_timesteps      | 24192       |
| train/                  |             |
|    approx_kl            | 0.022785328 |
|    clip_fraction        | 0.206       |
|    clip_range           | 0.2         |
|    entropy_loss         | -2.54       |
|    explained_variance   | -0.116      |
|    learning_rate        | 0.0003      |
|    loss                 | -0.134      |
|    n_updates            | 3770        |
|    policy_gradient_loss | -0.0473     |
|    value_loss           | 0.00656     |
-----------------------------------------
----------------------------------------
| rollout/                |            |
|    ep_len_mean          | 1e+03      |
|    ep_rew_mean          | 49         |
| time/                   |            |
|    fps                  | 657        |
|    iterations           | 379        |
|    time_elapsed         | 36         |
|    total_timesteps      | 24256      |
| train/                  |            |
|    approx_kl            | 0.02918293 |
|    clip_fraction        | 0.173      |
|    clip_range           | 0.2        |
|    entropy_loss         | -2.56      |
|    explained_variance   | 0.12       |
|    learning_rate        | 0.0003     |
|    loss                 | -0.0816    |
|    n_updates            | 3780       |
|    policy_gradient_loss | -0.0318    |
|    value_loss           | 0.0056     |
----------------------------------------
-----------------------------------------
| rollout/                |             |
|    ep_len_mean          | 1e+03       |
|    ep_rew_mean          | 49          |
| time/                   |             |
|    fps                  | 657         |
|    iterations           | 380         |
|    time_elapsed         | 36          |
|    total_timesteps      | 24320       |
| train/                  |             |
|    approx_kl            | 0.016650643 |
|    clip_fraction        | 0.17        |
|    clip_range           | 0.2         |
|    entropy_loss         | -2.48       |
|    explained_variance   | 0.0138      |
|    learning_rate        | 0.0003      |
|    loss                 | -0.0778     |
|    n_updates            | 3790        |
|    policy_gradient_loss | -0.0304     |
|    value_loss           | 0.00413     |
-----------------------------------------
-----------------------------------------
| rollout/                |             |
|    ep_len_mean          | 1e+03       |
|    ep_rew_mean          | 49          |
| time/                   |             |
|    fps                  | 657         |
|    iterations           | 381         |
|    time_elapsed         | 37          |
|    total_timesteps      | 24384       |
| train/                  |             |
|    approx_kl            | 0.026701843 |
|    clip_fraction        | 0.284       |
|    clip_range           | 0.2         |
|    entropy_loss         | -2.62       |
|    explained_variance   | -0.00976    |
|    learning_rate        | 0.0003      |
|    loss                 | -0.165      |
|    n_updates            | 3800        |
|    policy_gradient_loss | -0.0571     |
|    value_loss           | 0.00289     |
-----------------------------------------
-----------------------------------------
| rollout/                |             |
|    ep_len_mean          | 1e+03       |
|    ep_rew_mean          | 49          |
| time/                   |             |
|    fps                  | 657         |
|    iterations           | 382         |
|    time_elapsed         | 37          |
|    total_timesteps      | 24448       |
| train/                  |             |
|    approx_kl            | 0.018021066 |
|    clip_fraction        | 0.116       |
|    clip_range           | 0.2         |
|    entropy_loss         | -2.6        |
|    explained_variance   | -0.0388     |
|    learning_rate        | 0.0003      |
|    loss                 | -0.0672     |
|    n_updates            | 3810        |
|    policy_gradient_loss | -0.0227     |
|    value_loss           | 0.00211     |
-----------------------------------------
-----------------------------------------
| rollout/                |             |
|    ep_len_mean          | 1e+03       |
|    ep_rew_mean          | 49          |
| time/                   |             |
|    fps                  | 657         |
|    iterations           | 383         |
|    time_elapsed         | 37          |
|    total_timesteps      | 24512       |
| train/                  |             |
|    approx_kl            | 0.017081913 |
|    clip_fraction        | 0.116       |
|    clip_range           | 0.2         |
|    entropy_loss         | -2.61       |
|    explained_variance   | -0.0669     |
|    learning_rate        | 0.0003      |
|    loss                 | -0.0412     |
|    n_updates            | 3820        |
|    policy_gradient_loss | -0.0283     |
|    value_loss           | 0.00167     |
-----------------------------------------
-----------------------------------------
| rollout/                |             |
|    ep_len_mean          | 1e+03       |
|    ep_rew_mean          | 49          |
| time/                   |             |
|    fps                  | 657         |
|    iterations           | 384         |
|    time_elapsed         | 37          |
|    total_timesteps      | 24576       |
| train/                  |             |
|    approx_kl            | 0.025405636 |
|    clip_fraction        | 0.28        |
|    clip_range           | 0.2         |
|    entropy_loss         | -2.49       |
|    explained_variance   | -0.119      |
|    learning_rate        | 0.0003      |
|    loss                 | -0.0963     |
|    n_updates            | 3830        |
|    policy_gradient_loss | -0.0582     |
|    value_loss           | 0.00134     |
-----------------------------------------
----------------------------------------
| rollout/                |            |
|    ep_len_mean          | 1e+03      |
|    ep_rew_mean          | 49         |
| time/                   |            |
|    fps                  | 657        |
|    iterations           | 385        |
|    time_elapsed         | 37         |
|    total_timesteps      | 24640      |
| train/                  |            |
|    approx_kl            | 0.02708884 |
|    clip_fraction        | 0.223      |
|    clip_range           | 0.2        |
|    entropy_loss         | -2.5       |
|    explained_variance   | 0.0539     |
|    learning_rate        | 0.0003     |
|    loss                 | -0.119     |
|    n_updates            | 3840       |
|    policy_gradient_loss | -0.0255    |
|    value_loss           | 0.00109    |
----------------------------------------
-----------------------------------------
| rollout/                |             |
|    ep_len_mean          | 1e+03       |
|    ep_rew_mean          | 49          |
| time/                   |             |
|    fps                  | 657         |
|    iterations           | 386         |
|    time_elapsed         | 37          |
|    total_timesteps      | 24704       |
| train/                  |             |
|    approx_kl            | 0.030824302 |
|    clip_fraction        | 0.259       |
|    clip_range           | 0.2         |
|    entropy_loss         | -2.43       |
|    explained_variance   | -0.0171     |
|    learning_rate        | 0.0003      |
|    loss                 | -0.101      |
|    n_updates            | 3850        |
|    policy_gradient_loss | -0.0378     |
|    value_loss           | 0.000689    |
-----------------------------------------
-----------------------------------------
| rollout/                |             |
|    ep_len_mean          | 1e+03       |
|    ep_rew_mean          | 49          |
| time/                   |             |
|    fps                  | 657         |
|    iterations           | 387         |
|    time_elapsed         | 37          |
|    total_timesteps      | 24768       |
| train/                  |             |
|    approx_kl            | 0.019899957 |
|    clip_fraction        | 0.142       |
|    clip_range           | 0.2         |
|    entropy_loss         | -2.65       |
|    explained_variance   | -4.2        |
|    learning_rate        | 0.0003      |
|    loss                 | -0.0967     |
|    n_updates            | 3860        |
|    policy_gradient_loss | -0.0376     |
|    value_loss           | 0.000832    |
-----------------------------------------
-----------------------------------------
| rollout/                |             |
|    ep_len_mean          | 1e+03       |
|    ep_rew_mean          | 49          |
| time/                   |             |
|    fps                  | 657         |
|    iterations           | 388         |
|    time_elapsed         | 37          |
|    total_timesteps      | 24832       |
| train/                  |             |
|    approx_kl            | 0.024343463 |
|    clip_fraction        | 0.208       |
|    clip_range           | 0.2         |
|    entropy_loss         | -2.65       |
|    explained_variance   | -0.0275     |
|    learning_rate        | 0.0003      |
|    loss                 | -0.115      |
|    n_updates            | 3870        |
|    policy_gradient_loss | -0.0508     |
|    value_loss           | 0.0152      |
-----------------------------------------
-----------------------------------------
| rollout/                |             |
|    ep_len_mean          | 1e+03       |
|    ep_rew_mean          | 49          |
| time/                   |             |
|    fps                  | 657         |
|    iterations           | 389         |
|    time_elapsed         | 37          |
|    total_timesteps      | 24896       |
| train/                  |             |
|    approx_kl            | 0.022071686 |
|    clip_fraction        | 0.231       |
|    clip_range           | 0.2         |
|    entropy_loss         | -2.71       |
|    explained_variance   | -0.0187     |
|    learning_rate        | 0.0003      |
|    loss                 | -0.0794     |
|    n_updates            | 3880        |
|    policy_gradient_loss | -0.0401     |
|    value_loss           | 0.000706    |
-----------------------------------------
----------------------------------------
| rollout/                |            |
|    ep_len_mean          | 1e+03      |
|    ep_rew_mean          | 49         |
| time/                   |            |
|    fps                  | 657        |
|    iterations           | 390        |
|    time_elapsed         | 37         |
|    total_timesteps      | 24960      |
| train/                  |            |
|    approx_kl            | 0.02421185 |
|    clip_fraction        | 0.202      |
|    clip_range           | 0.2        |
|    entropy_loss         | -2.81      |
|    explained_variance   | -0.00488   |
|    learning_rate        | 0.0003     |
|    loss                 | -0.0936    |
|    n_updates            | 3890       |
|    policy_gradient_loss | -0.0372    |
|    value_loss           | 0.00052    |
----------------------------------------
-----------------------------------------
| rollout/                |             |
|    ep_len_mean          | 1e+03       |
|    ep_rew_mean          | 49          |
| time/                   |             |
|    fps                  | 657         |
|    iterations           | 391         |
|    time_elapsed         | 38          |
|    total_timesteps      | 25024       |
| train/                  |             |
|    approx_kl            | 0.034886353 |
|    clip_fraction        | 0.225       |
|    clip_range           | 0.2         |
|    entropy_loss         | -2.78       |
|    explained_variance   | 0.0197      |
|    learning_rate        | 0.0003      |
|    loss                 | -0.0491     |
|    n_updates            | 3900        |
|    policy_gradient_loss | -0.0241     |
|    value_loss           | 0.000395    |
-----------------------------------------
-----------------------------------------
| rollout/                |             |
|    ep_len_mean          | 1e+03       |
|    ep_rew_mean          | 49          |
| time/                   |             |
|    fps                  | 657         |
|    iterations           | 392         |
|    time_elapsed         | 38          |
|    total_timesteps      | 25088       |
| train/                  |             |
|    approx_kl            | 0.013148674 |
|    clip_fraction        | 0.0328      |
|    clip_range           | 0.2         |
|    entropy_loss         | -2.76       |
|    explained_variance   | -0.000103   |
|    learning_rate        | 0.0003      |
|    loss                 | 0.847       |
|    n_updates            | 3910        |
|    policy_gradient_loss | -0.0203     |
|    value_loss           | 1.96        |
-----------------------------------------
-----------------------------------------
| rollout/                |             |
|    ep_len_mean          | 1e+03       |
|    ep_rew_mean          | 49          |
| time/                   |             |
|    fps                  | 657         |
|    iterations           | 393         |
|    time_elapsed         | 38          |
|    total_timesteps      | 25152       |
| train/                  |             |
|    approx_kl            | 0.026384585 |
|    clip_fraction        | 0.255       |
|    clip_range           | 0.2         |
|    entropy_loss         | -2.76       |
|    explained_variance   | 0.0167      |
|    learning_rate        | 0.0003      |
|    loss                 | -0.032      |
|    n_updates            | 3920        |
|    policy_gradient_loss | -0.0451     |
|    value_loss           | 0.00838     |
-----------------------------------------
-----------------------------------------
| rollout/                |             |
|    ep_len_mean          | 1e+03       |
|    ep_rew_mean          | 49          |
| time/                   |             |
|    fps                  | 658         |
|    iterations           | 394         |
|    time_elapsed         | 38          |
|    total_timesteps      | 25216       |
| train/                  |             |
|    approx_kl            | 0.026096065 |
|    clip_fraction        | 0.216       |
|    clip_range           | 0.2         |
|    entropy_loss         | -2.8        |
|    explained_variance   | -0.00129    |
|    learning_rate        | 0.0003      |
|    loss                 | -0.117      |
|    n_updates            | 3930        |
|    policy_gradient_loss | -0.0418     |
|    value_loss           | 0.00715     |
-----------------------------------------
-----------------------------------------
| rollout/                |             |
|    ep_len_mean          | 1e+03       |
|    ep_rew_mean          | 49          |
| time/                   |             |
|    fps                  | 657         |
|    iterations           | 395         |
|    time_elapsed         | 38          |
|    total_timesteps      | 25280       |
| train/                  |             |
|    approx_kl            | 0.018818665 |
|    clip_fraction        | 0.211       |
|    clip_range           | 0.2         |
|    entropy_loss         | -2.82       |
|    explained_variance   | 0           |
|    learning_rate        | 0.0003      |
|    loss                 | -0.121      |
|    n_updates            | 3940        |
|    policy_gradient_loss | -0.0427     |
|    value_loss           | 0.00494     |
-----------------------------------------
-----------------------------------------
| rollout/                |             |
|    ep_len_mean          | 1e+03       |
|    ep_rew_mean          | 49          |
| time/                   |             |
|    fps                  | 657         |
|    iterations           | 396         |
|    time_elapsed         | 38          |
|    total_timesteps      | 25344       |
| train/                  |             |
|    approx_kl            | 0.029748064 |
|    clip_fraction        | 0.345       |
|    clip_range           | 0.2         |
|    entropy_loss         | -2.81       |
|    explained_variance   | -0.161      |
|    learning_rate        | 0.0003      |
|    loss                 | -0.107      |
|    n_updates            | 3950        |
|    policy_gradient_loss | -0.0539     |
|    value_loss           | 0.00409     |
-----------------------------------------
-----------------------------------------
| rollout/                |             |
|    ep_len_mean          | 1e+03       |
|    ep_rew_mean          | 49          |
| time/                   |             |
|    fps                  | 657         |
|    iterations           | 397         |
|    time_elapsed         | 38          |
|    total_timesteps      | 25408       |
| train/                  |             |
|    approx_kl            | 0.025038816 |
|    clip_fraction        | 0.222       |
|    clip_range           | 0.2         |
|    entropy_loss         | -2.85       |
|    explained_variance   | 0           |
|    learning_rate        | 0.0003      |
|    loss                 | -0.114      |
|    n_updates            | 3960        |
|    policy_gradient_loss | -0.0328     |
|    value_loss           | 0.00293     |
-----------------------------------------
----------------------------------------
| rollout/                |            |
|    ep_len_mean          | 1e+03      |
|    ep_rew_mean          | 49         |
| time/                   |            |
|    fps                  | 657        |
|    iterations           | 398        |
|    time_elapsed         | 38         |
|    total_timesteps      | 25472      |
| train/                  |            |
|    approx_kl            | 0.02253322 |
|    clip_fraction        | 0.153      |
|    clip_range           | 0.2        |
|    entropy_loss         | -2.83      |
|    explained_variance   | 0          |
|    learning_rate        | 0.0003     |
|    loss                 | -0.136     |
|    n_updates            | 3970       |
|    policy_gradient_loss | -0.0389    |
|    value_loss           | 0.00222    |
----------------------------------------
-----------------------------------------
| rollout/                |             |
|    ep_len_mean          | 1e+03       |
|    ep_rew_mean          | 49          |
| time/                   |             |
|    fps                  | 657         |
|    iterations           | 399         |
|    time_elapsed         | 38          |
|    total_timesteps      | 25536       |
| train/                  |             |
|    approx_kl            | 0.025538687 |
|    clip_fraction        | 0.277       |
|    clip_range           | 0.2         |
|    entropy_loss         | -2.85       |
|    explained_variance   | -0.000334   |
|    learning_rate        | 0.0003      |
|    loss                 | -0.104      |
|    n_updates            | 3980        |
|    policy_gradient_loss | -0.047      |
|    value_loss           | 0.00166     |
-----------------------------------------
---------------------------------------
| rollout/                |           |
|    ep_len_mean          | 1e+03     |
|    ep_rew_mean          | 49        |
| time/                   |           |
|    fps                  | 657       |
|    iterations           | 400       |
|    time_elapsed         | 38        |
|    total_timesteps      | 25600     |
| train/                  |           |
|    approx_kl            | 0.0293733 |
|    clip_fraction        | 0.244     |
|    clip_range           | 0.2       |
|    entropy_loss         | -2.86     |
|    explained_variance   | -0.0328   |
|    learning_rate        | 0.0003    |
|    loss                 | -0.143    |
|    n_updates            | 3990      |
|    policy_gradient_loss | -0.0452   |
|    value_loss           | 0.00126   |
---------------------------------------
---------------------------------------
| rollout/                |           |
|    ep_len_mean          | 1e+03     |
|    ep_rew_mean          | 49        |
| time/                   |           |
|    fps                  | 657       |
|    iterations           | 401       |
|    time_elapsed         | 39        |
|    total_timesteps      | 25664     |
| train/                  |           |
|    approx_kl            | 0.0202635 |
|    clip_fraction        | 0.152     |
|    clip_range           | 0.2       |
|    entropy_loss         | -2.87     |
|    explained_variance   | 0         |
|    learning_rate        | 0.0003    |
|    loss                 | -0.0934   |
|    n_updates            | 4000      |
|    policy_gradient_loss | -0.0249   |
|    value_loss           | 0.000965  |
---------------------------------------
----------------------------------------
| rollout/                |            |
|    ep_len_mean          | 1e+03      |
|    ep_rew_mean          | 49         |
| time/                   |            |
|    fps                  | 657        |
|    iterations           | 402        |
|    time_elapsed         | 39         |
|    total_timesteps      | 25728      |
| train/                  |            |
|    approx_kl            | 0.02480324 |
|    clip_fraction        | 0.287      |
|    clip_range           | 0.2        |
|    entropy_loss         | -2.85      |
|    explained_variance   | 0          |
|    learning_rate        | 0.0003     |
|    loss                 | -0.13      |
|    n_updates            | 4010       |
|    policy_gradient_loss | -0.0518    |
|    value_loss           | 0.000706   |
----------------------------------------
---------------------------------------
| rollout/                |           |
|    ep_len_mean          | 1e+03     |
|    ep_rew_mean          | 49        |
| time/                   |           |
|    fps                  | 657       |
|    iterations           | 403       |
|    time_elapsed         | 39        |
|    total_timesteps      | 25792     |
| train/                  |           |
|    approx_kl            | 0.0227746 |
|    clip_fraction        | 0.142     |
|    clip_range           | 0.2       |
|    entropy_loss         | -2.85     |
|    explained_variance   | -0.00145  |
|    learning_rate        | 0.0003    |
|    loss                 | -0.0973   |
|    n_updates            | 4020      |
|    policy_gradient_loss | -0.0386   |
|    value_loss           | 0.116     |
---------------------------------------
-----------------------------------------
| rollout/                |             |
|    ep_len_mean          | 1e+03       |
|    ep_rew_mean          | 49          |
| time/                   |             |
|    fps                  | 657         |
|    iterations           | 404         |
|    time_elapsed         | 39          |
|    total_timesteps      | 25856       |
| train/                  |             |
|    approx_kl            | 0.023725761 |
|    clip_fraction        | 0.195       |
|    clip_range           | 0.2         |
|    entropy_loss         | -2.84       |
|    explained_variance   | -0.00371    |
|    learning_rate        | 0.0003      |
|    loss                 | -0.0533     |
|    n_updates            | 4030        |
|    policy_gradient_loss | -0.0391     |
|    value_loss           | 0.0947      |
-----------------------------------------
-----------------------------------------
| rollout/                |             |
|    ep_len_mean          | 1e+03       |
|    ep_rew_mean          | 49          |
| time/                   |             |
|    fps                  | 658         |
|    iterations           | 405         |
|    time_elapsed         | 39          |
|    total_timesteps      | 25920       |
| train/                  |             |
|    approx_kl            | 0.029662373 |
|    clip_fraction        | 0.159       |
|    clip_range           | 0.2         |
|    entropy_loss         | -2.82       |
|    explained_variance   | 0.00127     |
|    learning_rate        | 0.0003      |
|    loss                 | -0.0512     |
|    n_updates            | 4040        |
|    policy_gradient_loss | -0.0293     |
|    value_loss           | 0.0762      |
-----------------------------------------
-----------------------------------------
| rollout/                |             |
|    ep_len_mean          | 1e+03       |
|    ep_rew_mean          | 49          |
| time/                   |             |
|    fps                  | 658         |
|    iterations           | 406         |
|    time_elapsed         | 39          |
|    total_timesteps      | 25984       |
| train/                  |             |
|    approx_kl            | 0.015060416 |
|    clip_fraction        | 0.0859      |
|    clip_range           | 0.2         |
|    entropy_loss         | -2.74       |
|    explained_variance   | 0.00147     |
|    learning_rate        | 0.0003      |
|    loss                 | -0.0552     |
|    n_updates            | 4050        |
|    policy_gradient_loss | -0.022      |
|    value_loss           | 0.061       |
-----------------------------------------
-----------------------------------------
| rollout/                |             |
|    ep_len_mean          | 1e+03       |
|    ep_rew_mean          | 48.3        |
| time/                   |             |
|    fps                  | 658         |
|    iterations           | 407         |
|    time_elapsed         | 39          |
|    total_timesteps      | 26048       |
| train/                  |             |
|    approx_kl            | 0.042056076 |
|    clip_fraction        | 0.206       |
|    clip_range           | 0.2         |
|    entropy_loss         | -2.79       |
|    explained_variance   | 0.00181     |
|    learning_rate        | 0.0003      |
|    loss                 | -0.112      |
|    n_updates            | 4060        |
|    policy_gradient_loss | -0.0522     |
|    value_loss           | 0.0433      |
-----------------------------------------
-----------------------------------------
| rollout/                |             |
|    ep_len_mean          | 1e+03       |
|    ep_rew_mean          | 48.3        |
| time/                   |             |
|    fps                  | 658         |
|    iterations           | 408         |
|    time_elapsed         | 39          |
|    total_timesteps      | 26112       |
| train/                  |             |
|    approx_kl            | 0.028373785 |
|    clip_fraction        | 0.167       |
|    clip_range           | 0.2         |
|    entropy_loss         | -2.8        |
|    explained_variance   | -0.000255   |
|    learning_rate        | 0.0003      |
|    loss                 | 0.0849      |
|    n_updates            | 4070        |
|    policy_gradient_loss | -0.0325     |
|    value_loss           | 0.506       |
-----------------------------------------
-----------------------------------------
| rollout/                |             |
|    ep_len_mean          | 1e+03       |
|    ep_rew_mean          | 48.3        |
| time/                   |             |
|    fps                  | 658         |
|    iterations           | 409         |
|    time_elapsed         | 39          |
|    total_timesteps      | 26176       |
| train/                  |             |
|    approx_kl            | 0.019256998 |
|    clip_fraction        | 0.175       |
|    clip_range           | 0.2         |
|    entropy_loss         | -2.78       |
|    explained_variance   | -0.00434    |
|    learning_rate        | 0.0003      |
|    loss                 | -0.122      |
|    n_updates            | 4080        |
|    policy_gradient_loss | -0.0362     |
|    value_loss           | 0.0181      |
-----------------------------------------
-----------------------------------------
| rollout/                |             |
|    ep_len_mean          | 1e+03       |
|    ep_rew_mean          | 48.3        |
| time/                   |             |
|    fps                  | 658         |
|    iterations           | 410         |
|    time_elapsed         | 39          |
|    total_timesteps      | 26240       |
| train/                  |             |
|    approx_kl            | 0.026807895 |
|    clip_fraction        | 0.266       |
|    clip_range           | 0.2         |
|    entropy_loss         | -2.75       |
|    explained_variance   | 0           |
|    learning_rate        | 0.0003      |
|    loss                 | -0.0558     |
|    n_updates            | 4090        |
|    policy_gradient_loss | -0.034      |
|    value_loss           | 0.0127      |
-----------------------------------------
-----------------------------------------
| rollout/                |             |
|    ep_len_mean          | 1e+03       |
|    ep_rew_mean          | 48.3        |
| time/                   |             |
|    fps                  | 658         |
|    iterations           | 411         |
|    time_elapsed         | 39          |
|    total_timesteps      | 26304       |
| train/                  |             |
|    approx_kl            | 0.025883589 |
|    clip_fraction        | 0.225       |
|    clip_range           | 0.2         |
|    entropy_loss         | -2.64       |
|    explained_variance   | 0.00605     |
|    learning_rate        | 0.0003      |
|    loss                 | -0.0883     |
|    n_updates            | 4100        |
|    policy_gradient_loss | -0.0395     |
|    value_loss           | 0.00823     |
-----------------------------------------
--------------------------------------
| rollout/                |          |
|    ep_len_mean          | 1e+03    |
|    ep_rew_mean          | 48.3     |
| time/                   |          |
|    fps                  | 658      |
|    iterations           | 412      |
|    time_elapsed         | 40       |
|    total_timesteps      | 26368    |
| train/                  |          |
|    approx_kl            | 0.023545 |
|    clip_fraction        | 0.217    |
|    clip_range           | 0.2      |
|    entropy_loss         | -2.6     |
|    explained_variance   | 0        |
|    learning_rate        | 0.0003   |
|    loss                 | -0.102   |
|    n_updates            | 4110     |
|    policy_gradient_loss | -0.0348  |
|    value_loss           | 0.0059   |
--------------------------------------
-----------------------------------------
| rollout/                |             |
|    ep_len_mean          | 1e+03       |
|    ep_rew_mean          | 48.3        |
| time/                   |             |
|    fps                  | 658         |
|    iterations           | 413         |
|    time_elapsed         | 40          |
|    total_timesteps      | 26432       |
| train/                  |             |
|    approx_kl            | 0.022127919 |
|    clip_fraction        | 0.114       |
|    clip_range           | 0.2         |
|    entropy_loss         | -2.55       |
|    explained_variance   | -0.0235     |
|    learning_rate        | 0.0003      |
|    loss                 | -0.14       |
|    n_updates            | 4120        |
|    policy_gradient_loss | -0.0402     |
|    value_loss           | 0.00436     |
-----------------------------------------
-----------------------------------------
| rollout/                |             |
|    ep_len_mean          | 1e+03       |
|    ep_rew_mean          | 48.3        |
| time/                   |             |
|    fps                  | 658         |
|    iterations           | 414         |
|    time_elapsed         | 40          |
|    total_timesteps      | 26496       |
| train/                  |             |
|    approx_kl            | 0.023707893 |
|    clip_fraction        | 0.195       |
|    clip_range           | 0.2         |
|    entropy_loss         | -2.47       |
|    explained_variance   | -0.133      |
|    learning_rate        | 0.0003      |
|    loss                 | -0.0912     |
|    n_updates            | 4130        |
|    policy_gradient_loss | -0.0355     |
|    value_loss           | 0.00368     |
-----------------------------------------
-----------------------------------------
| rollout/                |             |
|    ep_len_mean          | 1e+03       |
|    ep_rew_mean          | 48.3        |
| time/                   |             |
|    fps                  | 658         |
|    iterations           | 415         |
|    time_elapsed         | 40          |
|    total_timesteps      | 26560       |
| train/                  |             |
|    approx_kl            | 0.020666827 |
|    clip_fraction        | 0.153       |
|    clip_range           | 0.2         |
|    entropy_loss         | -2.32       |
|    explained_variance   | -0.0682     |
|    learning_rate        | 0.0003      |
|    loss                 | -0.109      |
|    n_updates            | 4140        |
|    policy_gradient_loss | -0.0319     |
|    value_loss           | 0.00264     |
-----------------------------------------
-----------------------------------------
| rollout/                |             |
|    ep_len_mean          | 1e+03       |
|    ep_rew_mean          | 48.3        |
| time/                   |             |
|    fps                  | 658         |
|    iterations           | 416         |
|    time_elapsed         | 40          |
|    total_timesteps      | 26624       |
| train/                  |             |
|    approx_kl            | 0.019863926 |
|    clip_fraction        | 0.323       |
|    clip_range           | 0.2         |
|    entropy_loss         | -2.38       |
|    explained_variance   | 0           |
|    learning_rate        | 0.0003      |
|    loss                 | -0.102      |
|    n_updates            | 4150        |
|    policy_gradient_loss | -0.0451     |
|    value_loss           | 0.00213     |
-----------------------------------------
-----------------------------------------
| rollout/                |             |
|    ep_len_mean          | 1e+03       |
|    ep_rew_mean          | 48.3        |
| time/                   |             |
|    fps                  | 658         |
|    iterations           | 417         |
|    time_elapsed         | 40          |
|    total_timesteps      | 26688       |
| train/                  |             |
|    approx_kl            | 0.019610573 |
|    clip_fraction        | 0.167       |
|    clip_range           | 0.2         |
|    entropy_loss         | -2.41       |
|    explained_variance   | 0           |
|    learning_rate        | 0.0003      |
|    loss                 | -0.0565     |
|    n_updates            | 4160        |
|    policy_gradient_loss | -0.0403     |
|    value_loss           | 0.00148     |
-----------------------------------------
----------------------------------------
| rollout/                |            |
|    ep_len_mean          | 1e+03      |
|    ep_rew_mean          | 48.3       |
| time/                   |            |
|    fps                  | 658        |
|    iterations           | 418        |
|    time_elapsed         | 40         |
|    total_timesteps      | 26752      |
| train/                  |            |
|    approx_kl            | 0.04472918 |
|    clip_fraction        | 0.292      |
|    clip_range           | 0.2        |
|    entropy_loss         | -2.39      |
|    explained_variance   | 0          |
|    learning_rate        | 0.0003     |
|    loss                 | -0.113     |
|    n_updates            | 4170       |
|    policy_gradient_loss | -0.0393    |
|    value_loss           | 0.00125    |
----------------------------------------
-----------------------------------------
| rollout/                |             |
|    ep_len_mean          | 1e+03       |
|    ep_rew_mean          | 48.3        |
| time/                   |             |
|    fps                  | 658         |
|    iterations           | 419         |
|    time_elapsed         | 40          |
|    total_timesteps      | 26816       |
| train/                  |             |
|    approx_kl            | 0.020175384 |
|    clip_fraction        | 0.155       |
|    clip_range           | 0.2         |
|    entropy_loss         | -2.4        |
|    explained_variance   | -0.459      |
|    learning_rate        | 0.0003      |
|    loss                 | -0.0766     |
|    n_updates            | 4180        |
|    policy_gradient_loss | -0.0349     |
|    value_loss           | 0.00107     |
-----------------------------------------
----------------------------------------
| rollout/                |            |
|    ep_len_mean          | 1e+03      |
|    ep_rew_mean          | 48.3       |
| time/                   |            |
|    fps                  | 658        |
|    iterations           | 420        |
|    time_elapsed         | 40         |
|    total_timesteps      | 26880      |
| train/                  |            |
|    approx_kl            | 0.03199434 |
|    clip_fraction        | 0.256      |
|    clip_range           | 0.2        |
|    entropy_loss         | -2.37      |
|    explained_variance   | 0          |
|    learning_rate        | 0.0003     |
|    loss                 | -0.1       |
|    n_updates            | 4190       |
|    policy_gradient_loss | -0.052     |
|    value_loss           | 0.000708   |
----------------------------------------
-----------------------------------------
| rollout/                |             |
|    ep_len_mean          | 1e+03       |
|    ep_rew_mean          | 48.3        |
| time/                   |             |
|    fps                  | 658         |
|    iterations           | 421         |
|    time_elapsed         | 40          |
|    total_timesteps      | 26944       |
| train/                  |             |
|    approx_kl            | 0.012477092 |
|    clip_fraction        | 0.0969      |
|    clip_range           | 0.2         |
|    entropy_loss         | -2.36       |
|    explained_variance   | -0.351      |
|    learning_rate        | 0.0003      |
|    loss                 | -0.0194     |
|    n_updates            | 4200        |
|    policy_gradient_loss | -0.0231     |
|    value_loss           | 0.000749    |
-----------------------------------------
----------------------------------------
| rollout/                |            |
|    ep_len_mean          | 1e+03      |
|    ep_rew_mean          | 46.5       |
| time/                   |            |
|    fps                  | 658        |
|    iterations           | 422        |
|    time_elapsed         | 41         |
|    total_timesteps      | 27008      |
| train/                  |            |
|    approx_kl            | 0.02429751 |
|    clip_fraction        | 0.18       |
|    clip_range           | 0.2        |
|    entropy_loss         | -2.37      |
|    explained_variance   | 5.96e-08   |
|    learning_rate        | 0.0003     |
|    loss                 | -0.0951    |
|    n_updates            | 4210       |
|    policy_gradient_loss | -0.0429    |
|    value_loss           | 0.000417   |
----------------------------------------
-----------------------------------------
| rollout/                |             |
|    ep_len_mean          | 1e+03       |
|    ep_rew_mean          | 46.5        |
| time/                   |             |
|    fps                  | 658         |
|    iterations           | 423         |
|    time_elapsed         | 41          |
|    total_timesteps      | 27072       |
| train/                  |             |
|    approx_kl            | 0.017544204 |
|    clip_fraction        | 0.17        |
|    clip_range           | 0.2         |
|    entropy_loss         | -2.38       |
|    explained_variance   | -0.268      |
|    learning_rate        | 0.0003      |
|    loss                 | -0.0679     |
|    n_updates            | 4220        |
|    policy_gradient_loss | -0.0326     |
|    value_loss           | 0.00307     |
-----------------------------------------
-----------------------------------------
| rollout/                |             |
|    ep_len_mean          | 1e+03       |
|    ep_rew_mean          | 46.5        |
| time/                   |             |
|    fps                  | 658         |
|    iterations           | 424         |
|    time_elapsed         | 41          |
|    total_timesteps      | 27136       |
| train/                  |             |
|    approx_kl            | 0.016587922 |
|    clip_fraction        | 0.188       |
|    clip_range           | 0.2         |
|    entropy_loss         | -2.51       |
|    explained_variance   | -22.5       |
|    learning_rate        | 0.0003      |
|    loss                 | -0.0775     |
|    n_updates            | 4230        |
|    policy_gradient_loss | -0.0178     |
|    value_loss           | 0.000316    |
-----------------------------------------
-----------------------------------------
| rollout/                |             |
|    ep_len_mean          | 1e+03       |
|    ep_rew_mean          | 46.5        |
| time/                   |             |
|    fps                  | 658         |
|    iterations           | 425         |
|    time_elapsed         | 41          |
|    total_timesteps      | 27200       |
| train/                  |             |
|    approx_kl            | 0.028456565 |
|    clip_fraction        | 0.341       |
|    clip_range           | 0.2         |
|    entropy_loss         | -2.59       |
|    explained_variance   | -0.334      |
|    learning_rate        | 0.0003      |
|    loss                 | -0.128      |
|    n_updates            | 4240        |
|    policy_gradient_loss | -0.0546     |
|    value_loss           | 0.000135    |
-----------------------------------------
-----------------------------------------
| rollout/                |             |
|    ep_len_mean          | 1e+03       |
|    ep_rew_mean          | 46.5        |
| time/                   |             |
|    fps                  | 658         |
|    iterations           | 426         |
|    time_elapsed         | 41          |
|    total_timesteps      | 27264       |
| train/                  |             |
|    approx_kl            | 0.018164799 |
|    clip_fraction        | 0.152       |
|    clip_range           | 0.2         |
|    entropy_loss         | -2.56       |
|    explained_variance   | -0.0721     |
|    learning_rate        | 0.0003      |
|    loss                 | -0.112      |
|    n_updates            | 4250        |
|    policy_gradient_loss | -0.0272     |
|    value_loss           | 9.44e-05    |
-----------------------------------------
-----------------------------------------
| rollout/                |             |
|    ep_len_mean          | 1e+03       |
|    ep_rew_mean          | 46.5        |
| time/                   |             |
|    fps                  | 658         |
|    iterations           | 427         |
|    time_elapsed         | 41          |
|    total_timesteps      | 27328       |
| train/                  |             |
|    approx_kl            | 0.019092042 |
|    clip_fraction        | 0.175       |
|    clip_range           | 0.2         |
|    entropy_loss         | -2.51       |
|    explained_variance   | -1.37       |
|    learning_rate        | 0.0003      |
|    loss                 | -0.0891     |
|    n_updates            | 4260        |
|    policy_gradient_loss | -0.0368     |
|    value_loss           | 5.79e-05    |
-----------------------------------------
-----------------------------------------
| rollout/                |             |
|    ep_len_mean          | 1e+03       |
|    ep_rew_mean          | 46.5        |
| time/                   |             |
|    fps                  | 658         |
|    iterations           | 428         |
|    time_elapsed         | 41          |
|    total_timesteps      | 27392       |
| train/                  |             |
|    approx_kl            | 0.020717155 |
|    clip_fraction        | 0.306       |
|    clip_range           | 0.2         |
|    entropy_loss         | -2.38       |
|    explained_variance   | -1.19e-07   |
|    learning_rate        | 0.0003      |
|    loss                 | -0.095      |
|    n_updates            | 4270        |
|    policy_gradient_loss | -0.0479     |
|    value_loss           | 5.18e-05    |
-----------------------------------------
-----------------------------------------
| rollout/                |             |
|    ep_len_mean          | 1e+03       |
|    ep_rew_mean          | 46.5        |
| time/                   |             |
|    fps                  | 658         |
|    iterations           | 429         |
|    time_elapsed         | 41          |
|    total_timesteps      | 27456       |
| train/                  |             |
|    approx_kl            | 0.030625537 |
|    clip_fraction        | 0.291       |
|    clip_range           | 0.2         |
|    entropy_loss         | -2.21       |
|    explained_variance   | 0           |
|    learning_rate        | 0.0003      |
|    loss                 | -0.135      |
|    n_updates            | 4280        |
|    policy_gradient_loss | -0.0497     |
|    value_loss           | 3.77e-05    |
-----------------------------------------
-----------------------------------------
| rollout/                |             |
|    ep_len_mean          | 1e+03       |
|    ep_rew_mean          | 46.5        |
| time/                   |             |
|    fps                  | 658         |
|    iterations           | 430         |
|    time_elapsed         | 41          |
|    total_timesteps      | 27520       |
| train/                  |             |
|    approx_kl            | 0.025691187 |
|    clip_fraction        | 0.247       |
|    clip_range           | 0.2         |
|    entropy_loss         | -2.32       |
|    explained_variance   | 0           |
|    learning_rate        | 0.0003      |
|    loss                 | -0.113      |
|    n_updates            | 4290        |
|    policy_gradient_loss | -0.0364     |
|    value_loss           | 2.99e-05    |
-----------------------------------------
-----------------------------------------
| rollout/                |             |
|    ep_len_mean          | 1e+03       |
|    ep_rew_mean          | 46.5        |
| time/                   |             |
|    fps                  | 658         |
|    iterations           | 431         |
|    time_elapsed         | 41          |
|    total_timesteps      | 27584       |
| train/                  |             |
|    approx_kl            | 0.024828374 |
|    clip_fraction        | 0.298       |
|    clip_range           | 0.2         |
|    entropy_loss         | -2.31       |
|    explained_variance   | -1.19e-07   |
|    learning_rate        | 0.0003      |
|    loss                 | -0.125      |
|    n_updates            | 4300        |
|    policy_gradient_loss | -0.0446     |
|    value_loss           | 2.06e-05    |
-----------------------------------------
----------------------------------------
| rollout/                |            |
|    ep_len_mean          | 1e+03      |
|    ep_rew_mean          | 46.5       |
| time/                   |            |
|    fps                  | 658        |
|    iterations           | 432        |
|    time_elapsed         | 41         |
|    total_timesteps      | 27648      |
| train/                  |            |
|    approx_kl            | 0.02152368 |
|    clip_fraction        | 0.13       |
|    clip_range           | 0.2        |
|    entropy_loss         | -2.3       |
|    explained_variance   | 0          |
|    learning_rate        | 0.0003     |
|    loss                 | -0.078     |
|    n_updates            | 4310       |
|    policy_gradient_loss | -0.0337    |
|    value_loss           | 1.93e-05   |
----------------------------------------
-----------------------------------------
| rollout/                |             |
|    ep_len_mean          | 1e+03       |
|    ep_rew_mean          | 46.5        |
| time/                   |             |
|    fps                  | 658         |
|    iterations           | 433         |
|    time_elapsed         | 42          |
|    total_timesteps      | 27712       |
| train/                  |             |
|    approx_kl            | 0.038950406 |
|    clip_fraction        | 0.352       |
|    clip_range           | 0.2         |
|    entropy_loss         | -2.21       |
|    explained_variance   | 0           |
|    learning_rate        | 0.0003      |
|    loss                 | -0.0149     |
|    n_updates            | 4320        |
|    policy_gradient_loss | -0.0554     |
|    value_loss           | 1.29e-05    |
-----------------------------------------
-----------------------------------------
| rollout/                |             |
|    ep_len_mean          | 1e+03       |
|    ep_rew_mean          | 46.5        |
| time/                   |             |
|    fps                  | 658         |
|    iterations           | 434         |
|    time_elapsed         | 42          |
|    total_timesteps      | 27776       |
| train/                  |             |
|    approx_kl            | 0.015573945 |
|    clip_fraction        | 0.108       |
|    clip_range           | 0.2         |
|    entropy_loss         | -2.21       |
|    explained_variance   | 0           |
|    learning_rate        | 0.0003      |
|    loss                 | -0.0664     |
|    n_updates            | 4330        |
|    policy_gradient_loss | -0.0193     |
|    value_loss           | 1.03e-05    |
-----------------------------------------
-----------------------------------------
| rollout/                |             |
|    ep_len_mean          | 1e+03       |
|    ep_rew_mean          | 46.5        |
| time/                   |             |
|    fps                  | 658         |
|    iterations           | 435         |
|    time_elapsed         | 42          |
|    total_timesteps      | 27840       |
| train/                  |             |
|    approx_kl            | 0.014627237 |
|    clip_fraction        | 0.109       |
|    clip_range           | 0.2         |
|    entropy_loss         | -2.14       |
|    explained_variance   | 5.96e-08    |
|    learning_rate        | 0.0003      |
|    loss                 | -0.0365     |
|    n_updates            | 4340        |
|    policy_gradient_loss | -0.0219     |
|    value_loss           | 7.29e-06    |
-----------------------------------------
-----------------------------------------
| rollout/                |             |
|    ep_len_mean          | 1e+03       |
|    ep_rew_mean          | 46.5        |
| time/                   |             |
|    fps                  | 658         |
|    iterations           | 436         |
|    time_elapsed         | 42          |
|    total_timesteps      | 27904       |
| train/                  |             |
|    approx_kl            | 0.022824213 |
|    clip_fraction        | 0.192       |
|    clip_range           | 0.2         |
|    entropy_loss         | -2.28       |
|    explained_variance   | -1.19e-07   |
|    learning_rate        | 0.0003      |
|    loss                 | -0.123      |
|    n_updates            | 4350        |
|    policy_gradient_loss | -0.0435     |
|    value_loss           | 5.52e-06    |
-----------------------------------------
-----------------------------------------
| rollout/                |             |
|    ep_len_mean          | 1e+03       |
|    ep_rew_mean          | 46.5        |
| time/                   |             |
|    fps                  | 658         |
|    iterations           | 437         |
|    time_elapsed         | 42          |
|    total_timesteps      | 27968       |
| train/                  |             |
|    approx_kl            | 0.016010676 |
|    clip_fraction        | 0.189       |
|    clip_range           | 0.2         |
|    entropy_loss         | -2.32       |
|    explained_variance   | 0           |
|    learning_rate        | 0.0003      |
|    loss                 | -0.0894     |
|    n_updates            | 4360        |
|    policy_gradient_loss | -0.0405     |
|    value_loss           | 5.44e-06    |
-----------------------------------------
---------------------------------------
| rollout/                |           |
|    ep_len_mean          | 1e+03     |
|    ep_rew_mean          | 44.8      |
| time/                   |           |
|    fps                  | 658       |
|    iterations           | 438       |
|    time_elapsed         | 42        |
|    total_timesteps      | 28032     |
| train/                  |           |
|    approx_kl            | 0.0214497 |
|    clip_fraction        | 0.169     |
|    clip_range           | 0.2       |
|    entropy_loss         | -2.36     |
|    explained_variance   | -1.19e-07 |
|    learning_rate        | 0.0003    |
|    loss                 | -0.082    |
|    n_updates            | 4370      |
|    policy_gradient_loss | -0.0403   |
|    value_loss           | 4.35e-06  |
---------------------------------------
-----------------------------------------
| rollout/                |             |
|    ep_len_mean          | 1e+03       |
|    ep_rew_mean          | 44.8        |
| time/                   |             |
|    fps                  | 658         |
|    iterations           | 439         |
|    time_elapsed         | 42          |
|    total_timesteps      | 28096       |
| train/                  |             |
|    approx_kl            | 0.013403238 |
|    clip_fraction        | 0.161       |
|    clip_range           | 0.2         |
|    entropy_loss         | -2.27       |
|    explained_variance   | 5.96e-08    |
|    learning_rate        | 0.0003      |
|    loss                 | -0.0185     |
|    n_updates            | 4380        |
|    policy_gradient_loss | -0.0255     |
|    value_loss           | 0.00047     |
-----------------------------------------
-----------------------------------------
| rollout/                |             |
|    ep_len_mean          | 1e+03       |
|    ep_rew_mean          | 44.8        |
| time/                   |             |
|    fps                  | 658         |
|    iterations           | 440         |
|    time_elapsed         | 42          |
|    total_timesteps      | 28160       |
| train/                  |             |
|    approx_kl            | 0.032401375 |
|    clip_fraction        | 0.244       |
|    clip_range           | 0.2         |
|    entropy_loss         | -2.19       |
|    explained_variance   | 0           |
|    learning_rate        | 0.0003      |
|    loss                 | -0.0652     |
|    n_updates            | 4390        |
|    policy_gradient_loss | -0.0523     |
|    value_loss           | 7.21e-06    |
-----------------------------------------
-----------------------------------------
| rollout/                |             |
|    ep_len_mean          | 1e+03       |
|    ep_rew_mean          | 44.8        |
| time/                   |             |
|    fps                  | 658         |
|    iterations           | 441         |
|    time_elapsed         | 42          |
|    total_timesteps      | 28224       |
| train/                  |             |
|    approx_kl            | 0.021364674 |
|    clip_fraction        | 0.242       |
|    clip_range           | 0.2         |
|    entropy_loss         | -1.91       |
|    explained_variance   | 0           |
|    learning_rate        | 0.0003      |
|    loss                 | -0.0817     |
|    n_updates            | 4400        |
|    policy_gradient_loss | -0.0259     |
|    value_loss           | 5.36e-06    |
-----------------------------------------
----------------------------------------
| rollout/                |            |
|    ep_len_mean          | 1e+03      |
|    ep_rew_mean          | 44.8       |
| time/                   |            |
|    fps                  | 658        |
|    iterations           | 442        |
|    time_elapsed         | 42         |
|    total_timesteps      | 28288      |
| train/                  |            |
|    approx_kl            | 0.02436771 |
|    clip_fraction        | 0.142      |
|    clip_range           | 0.2        |
|    entropy_loss         | -1.75      |
|    explained_variance   | 0          |
|    learning_rate        | 0.0003     |
|    loss                 | -0.0707    |
|    n_updates            | 4410       |
|    policy_gradient_loss | -0.0244    |
|    value_loss           | 4.28e-06   |
----------------------------------------
----------------------------------------
| rollout/                |            |
|    ep_len_mean          | 1e+03      |
|    ep_rew_mean          | 44.8       |
| time/                   |            |
|    fps                  | 657        |
|    iterations           | 443        |
|    time_elapsed         | 43         |
|    total_timesteps      | 28352      |
| train/                  |            |
|    approx_kl            | 0.02250704 |
|    clip_fraction        | 0.155      |
|    clip_range           | 0.2        |
|    entropy_loss         | -1.5       |
|    explained_variance   | 0          |
|    learning_rate        | 0.0003     |
|    loss                 | -0.0537    |
|    n_updates            | 4420       |
|    policy_gradient_loss | -0.0235    |
|    value_loss           | 3.76e-06   |
----------------------------------------
------------------------------------------
| rollout/                |              |
|    ep_len_mean          | 1e+03        |
|    ep_rew_mean          | 44.8         |
| time/                   |              |
|    fps                  | 657          |
|    iterations           | 444          |
|    time_elapsed         | 43           |
|    total_timesteps      | 28416        |
| train/                  |              |
|    approx_kl            | 0.0075006094 |
|    clip_fraction        | 0.0734       |
|    clip_range           | 0.2          |
|    entropy_loss         | -1.28        |
|    explained_variance   | 0            |
|    learning_rate        | 0.0003       |
|    loss                 | -0.0123      |
|    n_updates            | 4430         |
|    policy_gradient_loss | -0.0112      |
|    value_loss           | 2.69e-06     |
------------------------------------------
------------------------------------------
| rollout/                |              |
|    ep_len_mean          | 1e+03        |
|    ep_rew_mean          | 44.8         |
| time/                   |              |
|    fps                  | 657          |
|    iterations           | 445          |
|    time_elapsed         | 43           |
|    total_timesteps      | 28480        |
| train/                  |              |
|    approx_kl            | 0.0052516647 |
|    clip_fraction        | 0.0563       |
|    clip_range           | 0.2          |
|    entropy_loss         | -1.31        |
|    explained_variance   | 0            |
|    learning_rate        | 0.0003       |
|    loss                 | -0.0212      |
|    n_updates            | 4440         |
|    policy_gradient_loss | -0.0123      |
|    value_loss           | 2.18e-06     |
------------------------------------------
-----------------------------------------
| rollout/                |             |
|    ep_len_mean          | 1e+03       |
|    ep_rew_mean          | 44.8        |
| time/                   |             |
|    fps                  | 657         |
|    iterations           | 446         |
|    time_elapsed         | 43          |
|    total_timesteps      | 28544       |
| train/                  |             |
|    approx_kl            | 0.014548341 |
|    clip_fraction        | 0.122       |
|    clip_range           | 0.2         |
|    entropy_loss         | -1.37       |
|    explained_variance   | 0           |
|    learning_rate        | 0.0003      |
|    loss                 | -0.0477     |
|    n_updates            | 4450        |
|    policy_gradient_loss | -0.0282     |
|    value_loss           | 1.58e-06    |
-----------------------------------------
-----------------------------------------
| rollout/                |             |
|    ep_len_mean          | 1e+03       |
|    ep_rew_mean          | 44.8        |
| time/                   |             |
|    fps                  | 657         |
|    iterations           | 447         |
|    time_elapsed         | 43          |
|    total_timesteps      | 28608       |
| train/                  |             |
|    approx_kl            | 0.005813715 |
|    clip_fraction        | 0.0719      |
|    clip_range           | 0.2         |
|    entropy_loss         | -1.3        |
|    explained_variance   | 0           |
|    learning_rate        | 0.0003      |
|    loss                 | -0.062      |
|    n_updates            | 4460        |
|    policy_gradient_loss | -0.0173     |
|    value_loss           | 1.34e-06    |
-----------------------------------------
-----------------------------------------
| rollout/                |             |
|    ep_len_mean          | 1e+03       |
|    ep_rew_mean          | 44.8        |
| time/                   |             |
|    fps                  | 657         |
|    iterations           | 448         |
|    time_elapsed         | 43          |
|    total_timesteps      | 28672       |
| train/                  |             |
|    approx_kl            | 0.030018594 |
|    clip_fraction        | 0.12        |
|    clip_range           | 0.2         |
|    entropy_loss         | -1.02       |
|    explained_variance   | 0           |
|    learning_rate        | 0.0003      |
|    loss                 | -0.0695     |
|    n_updates            | 4470        |
|    policy_gradient_loss | -0.0262     |
|    value_loss           | 1.13e-06    |
-----------------------------------------
----------------------------------------
| rollout/                |            |
|    ep_len_mean          | 1e+03      |
|    ep_rew_mean          | 44.8       |
| time/                   |            |
|    fps                  | 657        |
|    iterations           | 449        |
|    time_elapsed         | 43         |
|    total_timesteps      | 28736      |
| train/                  |            |
|    approx_kl            | 0.01179375 |
|    clip_fraction        | 0.0828     |
|    clip_range           | 0.2        |
|    entropy_loss         | -0.985     |
|    explained_variance   | 0          |
|    learning_rate        | 0.0003     |
|    loss                 | -0.0549    |
|    n_updates            | 4480       |
|    policy_gradient_loss | -0.025     |
|    value_loss           | 7e-07      |
----------------------------------------
-----------------------------------------
| rollout/                |             |
|    ep_len_mean          | 1e+03       |
|    ep_rew_mean          | 44.8        |
| time/                   |             |
|    fps                  | 657         |
|    iterations           | 450         |
|    time_elapsed         | 43          |
|    total_timesteps      | 28800       |
| train/                  |             |
|    approx_kl            | 0.008207537 |
|    clip_fraction        | 0.0656      |
|    clip_range           | 0.2         |
|    entropy_loss         | -1.07       |
|    explained_variance   | 0           |
|    learning_rate        | 0.0003      |
|    loss                 | -0.0497     |
|    n_updates            | 4490        |
|    policy_gradient_loss | -0.0202     |
|    value_loss           | 4.48e-07    |
-----------------------------------------
------------------------------------------
| rollout/                |              |
|    ep_len_mean          | 1e+03        |
|    ep_rew_mean          | 44.8         |
| time/                   |              |
|    fps                  | 657          |
|    iterations           | 451          |
|    time_elapsed         | 43           |
|    total_timesteps      | 28864        |
| train/                  |              |
|    approx_kl            | 0.0063452246 |
|    clip_fraction        | 0.0563       |
|    clip_range           | 0.2          |
|    entropy_loss         | -0.868       |
|    explained_variance   | -1.19e-07    |
|    learning_rate        | 0.0003       |
|    loss                 | -0.0101      |
|    n_updates            | 4500         |
|    policy_gradient_loss | -0.0121      |
|    value_loss           | 4.34e-07     |
------------------------------------------
-----------------------------------------
| rollout/                |             |
|    ep_len_mean          | 1e+03       |
|    ep_rew_mean          | 44.8        |
| time/                   |             |
|    fps                  | 657         |
|    iterations           | 452         |
|    time_elapsed         | 43          |
|    total_timesteps      | 28928       |
| train/                  |             |
|    approx_kl            | 0.007145459 |
|    clip_fraction        | 0.0578      |
|    clip_range           | 0.2         |
|    entropy_loss         | -0.828      |
|    explained_variance   | 0           |
|    learning_rate        | 0.0003      |
|    loss                 | -0.0237     |
|    n_updates            | 4510        |
|    policy_gradient_loss | -0.0135     |
|    value_loss           | 5.13e-07    |
-----------------------------------------
-----------------------------------------
| rollout/                |             |
|    ep_len_mean          | 1e+03       |
|    ep_rew_mean          | 44.8        |
| time/                   |             |
|    fps                  | 657         |
|    iterations           | 453         |
|    time_elapsed         | 44          |
|    total_timesteps      | 28992       |
| train/                  |             |
|    approx_kl            | 0.010732259 |
|    clip_fraction        | 0.0766      |
|    clip_range           | 0.2         |
|    entropy_loss         | -0.696      |
|    explained_variance   | 1.79e-07    |
|    learning_rate        | 0.0003      |
|    loss                 | -0.0392     |
|    n_updates            | 4520        |
|    policy_gradient_loss | -0.0142     |
|    value_loss           | 1.62e-07    |
-----------------------------------------
------------------------------------------
| rollout/                |              |
|    ep_len_mean          | 1e+03        |
|    ep_rew_mean          | 43.2         |
| time/                   |              |
|    fps                  | 657          |
|    iterations           | 454          |
|    time_elapsed         | 44           |
|    total_timesteps      | 29056        |
| train/                  |              |
|    approx_kl            | 0.0024710456 |
|    clip_fraction        | 0.025        |
|    clip_range           | 0.2          |
|    entropy_loss         | -0.657       |
|    explained_variance   | 0            |
|    learning_rate        | 0.0003       |
|    loss                 | -0.0281      |
|    n_updates            | 4530         |
|    policy_gradient_loss | -0.0063      |
|    value_loss           | 1.38e-07     |
------------------------------------------
-----------------------------------------
| rollout/                |             |
|    ep_len_mean          | 1e+03       |
|    ep_rew_mean          | 43.2        |
| time/                   |             |
|    fps                  | 657         |
|    iterations           | 455         |
|    time_elapsed         | 44          |
|    total_timesteps      | 29120       |
| train/                  |             |
|    approx_kl            | 0.009766964 |
|    clip_fraction        | 0.0609      |
|    clip_range           | 0.2         |
|    entropy_loss         | -0.551      |
|    explained_variance   | 0           |
|    learning_rate        | 0.0003      |
|    loss                 | -0.0135     |
|    n_updates            | 4540        |
|    policy_gradient_loss | -0.00731    |
|    value_loss           | 0.00074     |
-----------------------------------------
------------------------------------------
| rollout/                |              |
|    ep_len_mean          | 1e+03        |
|    ep_rew_mean          | 43.2         |
| time/                   |              |
|    fps                  | 657          |
|    iterations           | 456          |
|    time_elapsed         | 44           |
|    total_timesteps      | 29184        |
| train/                  |              |
|    approx_kl            | 0.0017384039 |
|    clip_fraction        | 0.0187       |
|    clip_range           | 0.2          |
|    entropy_loss         | -0.491       |
|    explained_variance   | -1.19e-07    |
|    learning_rate        | 0.0003       |
|    loss                 | -0.0356      |
|    n_updates            | 4550         |
|    policy_gradient_loss | -0.00281     |
|    value_loss           | 3.44e-05     |
------------------------------------------
----------------------------------------
| rollout/                |            |
|    ep_len_mean          | 1e+03      |
|    ep_rew_mean          | 43.2       |
| time/                   |            |
|    fps                  | 657        |
|    iterations           | 457        |
|    time_elapsed         | 44         |
|    total_timesteps      | 29248      |
| train/                  |            |
|    approx_kl            | 0.00427562 |
|    clip_fraction        | 0.0344     |
|    clip_range           | 0.2        |
|    entropy_loss         | -0.508     |
|    explained_variance   | 0          |
|    learning_rate        | 0.0003     |
|    loss                 | -0.0214    |
|    n_updates            | 4560       |
|    policy_gradient_loss | -0.0076    |
|    value_loss           | 4.33e-07   |
----------------------------------------
------------------------------------------
| rollout/                |              |
|    ep_len_mean          | 1e+03        |
|    ep_rew_mean          | 43.2         |
| time/                   |              |
|    fps                  | 657          |
|    iterations           | 458          |
|    time_elapsed         | 44           |
|    total_timesteps      | 29312        |
| train/                  |              |
|    approx_kl            | 0.0067509264 |
|    clip_fraction        | 0.0531       |
|    clip_range           | 0.2          |
|    entropy_loss         | -0.514       |
|    explained_variance   | 0            |
|    learning_rate        | 0.0003       |
|    loss                 | -0.00798     |
|    n_updates            | 4570         |
|    policy_gradient_loss | -0.0121      |
|    value_loss           | 3.32e-07     |
------------------------------------------
-------------------------------------------
| rollout/                |               |
|    ep_len_mean          | 1e+03         |
|    ep_rew_mean          | 43.2          |
| time/                   |               |
|    fps                  | 657           |
|    iterations           | 459           |
|    time_elapsed         | 44            |
|    total_timesteps      | 29376         |
| train/                  |               |
|    approx_kl            | 0.00061004236 |
|    clip_fraction        | 0.00781       |
|    clip_range           | 0.2           |
|    entropy_loss         | -0.529        |
|    explained_variance   | 0             |
|    learning_rate        | 0.0003        |
|    loss                 | 0.00456       |
|    n_updates            | 4580          |
|    policy_gradient_loss | -0.00154      |
|    value_loss           | 2.17e-07      |
-------------------------------------------
------------------------------------------
| rollout/                |              |
|    ep_len_mean          | 1e+03        |
|    ep_rew_mean          | 43.2         |
| time/                   |              |
|    fps                  | 657          |
|    iterations           | 460          |
|    time_elapsed         | 44           |
|    total_timesteps      | 29440        |
| train/                  |              |
|    approx_kl            | 0.0037017232 |
|    clip_fraction        | 0.0547       |
|    clip_range           | 0.2          |
|    entropy_loss         | -0.597       |
|    explained_variance   | 0            |
|    learning_rate        | 0.0003       |
|    loss                 | -0.0285      |
|    n_updates            | 4590         |
|    policy_gradient_loss | -0.0103      |
|    value_loss           | 1.85e-07     |
------------------------------------------
------------------------------------------
| rollout/                |              |
|    ep_len_mean          | 1e+03        |
|    ep_rew_mean          | 43.2         |
| time/                   |              |
|    fps                  | 657          |
|    iterations           | 461          |
|    time_elapsed         | 44           |
|    total_timesteps      | 29504        |
| train/                  |              |
|    approx_kl            | 0.0048637046 |
|    clip_fraction        | 0.0266       |
|    clip_range           | 0.2          |
|    entropy_loss         | -0.613       |
|    explained_variance   | 0            |
|    learning_rate        | 0.0003       |
|    loss                 | -0.0207      |
|    n_updates            | 4600         |
|    policy_gradient_loss | -0.00377     |
|    value_loss           | 1.65e-07     |
------------------------------------------
-----------------------------------------
| rollout/                |             |
|    ep_len_mean          | 1e+03       |
|    ep_rew_mean          | 43.2        |
| time/                   |             |
|    fps                  | 657         |
|    iterations           | 462         |
|    time_elapsed         | 44          |
|    total_timesteps      | 29568       |
| train/                  |             |
|    approx_kl            | 0.009556908 |
|    clip_fraction        | 0.0859      |
|    clip_range           | 0.2         |
|    entropy_loss         | -0.499      |
|    explained_variance   | 0           |
|    learning_rate        | 0.0003      |
|    loss                 | -0.0159     |
|    n_updates            | 4610        |
|    policy_gradient_loss | -0.0156     |
|    value_loss           | 1.05e-07    |
-----------------------------------------
------------------------------------------
| rollout/                |              |
|    ep_len_mean          | 1e+03        |
|    ep_rew_mean          | 43.2         |
| time/                   |              |
|    fps                  | 657          |
|    iterations           | 463          |
|    time_elapsed         | 45           |
|    total_timesteps      | 29632        |
| train/                  |              |
|    approx_kl            | 0.0020242948 |
|    clip_fraction        | 0.0219       |
|    clip_range           | 0.2          |
|    entropy_loss         | -0.489       |
|    explained_variance   | -1.19e-07    |
|    learning_rate        | 0.0003       |
|    loss                 | -0.0218      |
|    n_updates            | 4620         |
|    policy_gradient_loss | -0.00378     |
|    value_loss           | 6.65e-08     |
------------------------------------------
-----------------------------------------
| rollout/                |             |
|    ep_len_mean          | 1e+03       |
|    ep_rew_mean          | 43.2        |
| time/                   |             |
|    fps                  | 657         |
|    iterations           | 464         |
|    time_elapsed         | 45          |
|    total_timesteps      | 29696       |
| train/                  |             |
|    approx_kl            | 0.010723515 |
|    clip_fraction        | 0.0672      |
|    clip_range           | 0.2         |
|    entropy_loss         | -0.414      |
|    explained_variance   | 0           |
|    learning_rate        | 0.0003      |
|    loss                 | -0.0261     |
|    n_updates            | 4630        |
|    policy_gradient_loss | -0.0109     |
|    value_loss           | 5.92e-08    |
-----------------------------------------
------------------------------------------
| rollout/                |              |
|    ep_len_mean          | 1e+03        |
|    ep_rew_mean          | 43.2         |
| time/                   |              |
|    fps                  | 658          |
|    iterations           | 465          |
|    time_elapsed         | 45           |
|    total_timesteps      | 29760        |
| train/                  |              |
|    approx_kl            | 0.0034176335 |
|    clip_fraction        | 0.0187       |
|    clip_range           | 0.2          |
|    entropy_loss         | -0.39        |
|    explained_variance   | 0            |
|    learning_rate        | 0.0003       |
|    loss                 | -0.00416     |
|    n_updates            | 4640         |
|    policy_gradient_loss | -0.00804     |
|    value_loss           | 5.52e-08     |
------------------------------------------
------------------------------------------
| rollout/                |              |
|    ep_len_mean          | 1e+03        |
|    ep_rew_mean          | 43.2         |
| time/                   |              |
|    fps                  | 658          |
|    iterations           | 466          |
|    time_elapsed         | 45           |
|    total_timesteps      | 29824        |
| train/                  |              |
|    approx_kl            | 0.0023542913 |
|    clip_fraction        | 0.0312       |
|    clip_range           | 0.2          |
|    entropy_loss         | -0.438       |
|    explained_variance   | 1.19e-07     |
|    learning_rate        | 0.0003       |
|    loss                 | -0.00444     |
|    n_updates            | 4650         |
|    policy_gradient_loss | -0.00658     |
|    value_loss           | 3.9e-08      |
------------------------------------------
-----------------------------------------
| rollout/                |             |
|    ep_len_mean          | 1e+03       |
|    ep_rew_mean          | 43.2        |
| time/                   |             |
|    fps                  | 657         |
|    iterations           | 467         |
|    time_elapsed         | 45          |
|    total_timesteps      | 29888       |
| train/                  |             |
|    approx_kl            | 0.004953945 |
|    clip_fraction        | 0.0469      |
|    clip_range           | 0.2         |
|    entropy_loss         | -0.42       |
|    explained_variance   | 0           |
|    learning_rate        | 0.0003      |
|    loss                 | -0.0369     |
|    n_updates            | 4660        |
|    policy_gradient_loss | -0.00698    |
|    value_loss           | 2.77e-08    |
-----------------------------------------
------------------------------------------
| rollout/                |              |
|    ep_len_mean          | 1e+03        |
|    ep_rew_mean          | 43.2         |
| time/                   |              |
|    fps                  | 657          |
|    iterations           | 468          |
|    time_elapsed         | 45           |
|    total_timesteps      | 29952        |
| train/                  |              |
|    approx_kl            | 0.0043261554 |
|    clip_fraction        | 0.0344       |
|    clip_range           | 0.2          |
|    entropy_loss         | -0.41        |
|    explained_variance   | 0            |
|    learning_rate        | 0.0003       |
|    loss                 | -0.00406     |
|    n_updates            | 4670         |
|    policy_gradient_loss | -0.00932     |
|    value_loss           | 1.95e-08     |
------------------------------------------
-----------------------------------------
| rollout/                |             |
|    ep_len_mean          | 1e+03       |
|    ep_rew_mean          | 41.8        |
| time/                   |             |
|    fps                  | 657         |
|    iterations           | 469         |
|    time_elapsed         | 45          |
|    total_timesteps      | 30016       |
| train/                  |             |
|    approx_kl            | 0.003153462 |
|    clip_fraction        | 0.0281      |
|    clip_range           | 0.2         |
|    entropy_loss         | -0.407      |
|    explained_variance   | -1.19e-07   |
|    learning_rate        | 0.0003      |
|    loss                 | -0.00414    |
|    n_updates            | 4680        |
|    policy_gradient_loss | -0.00732    |
|    value_loss           | 1.59e-08    |
-----------------------------------------
-----------------------------------------
| rollout/                |             |
|    ep_len_mean          | 1e+03       |
|    ep_rew_mean          | 41.8        |
| time/                   |             |
|    fps                  | 657         |
|    iterations           | 470         |
|    time_elapsed         | 45          |
|    total_timesteps      | 30080       |
| train/                  |             |
|    approx_kl            | 0.004943846 |
|    clip_fraction        | 0.0422      |
|    clip_range           | 0.2         |
|    entropy_loss         | -0.418      |
|    explained_variance   | -1.19e-07   |
|    learning_rate        | 0.0003      |
|    loss                 | -0.0276     |
|    n_updates            | 4690        |
|    policy_gradient_loss | -0.0108     |
|    value_loss           | 0.000837    |
-----------------------------------------
-----------------------------------------
| rollout/                |             |
|    ep_len_mean          | 1e+03       |
|    ep_rew_mean          | 41.8        |
| time/                   |             |
|    fps                  | 657         |
|    iterations           | 471         |
|    time_elapsed         | 45          |
|    total_timesteps      | 30144       |
| train/                  |             |
|    approx_kl            | 0.005116325 |
|    clip_fraction        | 0.05        |
|    clip_range           | 0.2         |
|    entropy_loss         | -0.443      |
|    explained_variance   | 0           |
|    learning_rate        | 0.0003      |
|    loss                 | -0.0147     |
|    n_updates            | 4700        |
|    policy_gradient_loss | -0.0107     |
|    value_loss           | 1.25e-05    |
-----------------------------------------
-----------------------------------------
| rollout/                |             |
|    ep_len_mean          | 1e+03       |
|    ep_rew_mean          | 41.8        |
| time/                   |             |
|    fps                  | 657         |
|    iterations           | 472         |
|    time_elapsed         | 45          |
|    total_timesteps      | 30208       |
| train/                  |             |
|    approx_kl            | 0.007455389 |
|    clip_fraction        | 0.0219      |
|    clip_range           | 0.2         |
|    entropy_loss         | -0.518      |
|    explained_variance   | 0           |
|    learning_rate        | 0.0003      |
|    loss                 | -0.0667     |
|    n_updates            | 4710        |
|    policy_gradient_loss | -0.0101     |
|    value_loss           | 2.38e-06    |
-----------------------------------------
-----------------------------------------
| rollout/                |             |
|    ep_len_mean          | 1e+03       |
|    ep_rew_mean          | 41.8        |
| time/                   |             |
|    fps                  | 657         |
|    iterations           | 473         |
|    time_elapsed         | 46          |
|    total_timesteps      | 30272       |
| train/                  |             |
|    approx_kl            | 0.010258015 |
|    clip_fraction        | 0.0719      |
|    clip_range           | 0.2         |
|    entropy_loss         | -0.513      |
|    explained_variance   | 0           |
|    learning_rate        | 0.0003      |
|    loss                 | -0.0195     |
|    n_updates            | 4720        |
|    policy_gradient_loss | -0.0136     |
|    value_loss           | 2.81e-06    |
-----------------------------------------
------------------------------------------
| rollout/                |              |
|    ep_len_mean          | 1e+03        |
|    ep_rew_mean          | 41.8         |
| time/                   |              |
|    fps                  | 657          |
|    iterations           | 474          |
|    time_elapsed         | 46           |
|    total_timesteps      | 30336        |
| train/                  |              |
|    approx_kl            | 0.0046842247 |
|    clip_fraction        | 0.0281       |
|    clip_range           | 0.2          |
|    entropy_loss         | -0.491       |
|    explained_variance   | 5.96e-08     |
|    learning_rate        | 0.0003       |
|    loss                 | -0.0229      |
|    n_updates            | 4730         |
|    policy_gradient_loss | -0.00707     |
|    value_loss           | 1.9e-06      |
------------------------------------------
------------------------------------------
| rollout/                |              |
|    ep_len_mean          | 1e+03        |
|    ep_rew_mean          | 41.8         |
| time/                   |              |
|    fps                  | 657          |
|    iterations           | 475          |
|    time_elapsed         | 46           |
|    total_timesteps      | 30400        |
| train/                  |              |
|    approx_kl            | 0.0016721869 |
|    clip_fraction        | 0.0109       |
|    clip_range           | 0.2          |
|    entropy_loss         | -0.504       |
|    explained_variance   | 1.19e-07     |
|    learning_rate        | 0.0003       |
|    loss                 | -0.00512     |
|    n_updates            | 4740         |
|    policy_gradient_loss | -0.00206     |
|    value_loss           | 1.51e-06     |
------------------------------------------
-----------------------------------------
| rollout/                |             |
|    ep_len_mean          | 1e+03       |
|    ep_rew_mean          | 41.8        |
| time/                   |             |
|    fps                  | 657         |
|    iterations           | 476         |
|    time_elapsed         | 46          |
|    total_timesteps      | 30464       |
| train/                  |             |
|    approx_kl            | 0.003939268 |
|    clip_fraction        | 0.0453      |
|    clip_range           | 0.2         |
|    entropy_loss         | -0.47       |
|    explained_variance   | 0           |
|    learning_rate        | 0.0003      |
|    loss                 | -0.00048    |
|    n_updates            | 4750        |
|    policy_gradient_loss | -0.00554    |
|    value_loss           | 9.35e-07    |
-----------------------------------------
------------------------------------------
| rollout/                |              |
|    ep_len_mean          | 1e+03        |
|    ep_rew_mean          | 41.8         |
| time/                   |              |
|    fps                  | 657          |
|    iterations           | 477          |
|    time_elapsed         | 46           |
|    total_timesteps      | 30528        |
| train/                  |              |
|    approx_kl            | 0.0029708035 |
|    clip_fraction        | 0.0234       |
|    clip_range           | 0.2          |
|    entropy_loss         | -0.464       |
|    explained_variance   | 5.96e-08     |
|    learning_rate        | 0.0003       |
|    loss                 | -0.00489     |
|    n_updates            | 4760         |
|    policy_gradient_loss | -0.0037      |
|    value_loss           | 8.29e-07     |
------------------------------------------
-----------------------------------------
| rollout/                |             |
|    ep_len_mean          | 1e+03       |
|    ep_rew_mean          | 41.8        |
| time/                   |             |
|    fps                  | 657         |
|    iterations           | 478         |
|    time_elapsed         | 46          |
|    total_timesteps      | 30592       |
| train/                  |             |
|    approx_kl            | 0.007959023 |
|    clip_fraction        | 0.0516      |
|    clip_range           | 0.2         |
|    entropy_loss         | -0.515      |
|    explained_variance   | -1.19e-07   |
|    learning_rate        | 0.0003      |
|    loss                 | -0.0192     |
|    n_updates            | 4770        |
|    policy_gradient_loss | -0.0143     |
|    value_loss           | 6.77e-07    |
-----------------------------------------
----------------------------------------
| rollout/                |            |
|    ep_len_mean          | 1e+03      |
|    ep_rew_mean          | 41.8       |
| time/                   |            |
|    fps                  | 657        |
|    iterations           | 479        |
|    time_elapsed         | 46         |
|    total_timesteps      | 30656      |
| train/                  |            |
|    approx_kl            | 0.01181334 |
|    clip_fraction        | 0.0672     |
|    clip_range           | 0.2        |
|    entropy_loss         | -0.433     |
|    explained_variance   | 0          |
|    learning_rate        | 0.0003     |
|    loss                 | -0.0193    |
|    n_updates            | 4780       |
|    policy_gradient_loss | -0.0117    |
|    value_loss           | 4.14e-07   |
----------------------------------------
-----------------------------------------
| rollout/                |             |
|    ep_len_mean          | 1e+03       |
|    ep_rew_mean          | 41.8        |
| time/                   |             |
|    fps                  | 657         |
|    iterations           | 480         |
|    time_elapsed         | 46          |
|    total_timesteps      | 30720       |
| train/                  |             |
|    approx_kl            | 0.004361353 |
|    clip_fraction        | 0.0203      |
|    clip_range           | 0.2         |
|    entropy_loss         | -0.44       |
|    explained_variance   | -1.19e-07   |
|    learning_rate        | 0.0003      |
|    loss                 | -0.00491    |
|    n_updates            | 4790        |
|    policy_gradient_loss | -0.00636    |
|    value_loss           | 3.82e-07    |
-----------------------------------------
----------------------------------------
| rollout/                |            |
|    ep_len_mean          | 1e+03      |
|    ep_rew_mean          | 41.8       |
| time/                   |            |
|    fps                  | 657        |
|    iterations           | 481        |
|    time_elapsed         | 46         |
|    total_timesteps      | 30784      |
| train/                  |            |
|    approx_kl            | 0.00752996 |
|    clip_fraction        | 0.0531     |
|    clip_range           | 0.2        |
|    entropy_loss         | -0.473     |
|    explained_variance   | 0          |
|    learning_rate        | 0.0003     |
|    loss                 | -0.00461   |
|    n_updates            | 4800       |
|    policy_gradient_loss | -0.0147    |
|    value_loss           | 2.3e-07    |
----------------------------------------
------------------------------------------
| rollout/                |              |
|    ep_len_mean          | 1e+03        |
|    ep_rew_mean          | 41.8         |
| time/                   |              |
|    fps                  | 657          |
|    iterations           | 482          |
|    time_elapsed         | 46           |
|    total_timesteps      | 30848        |
| train/                  |              |
|    approx_kl            | 0.0028102547 |
|    clip_fraction        | 0.0406       |
|    clip_range           | 0.2          |
|    entropy_loss         | -0.427       |
|    explained_variance   | 0            |
|    learning_rate        | 0.0003       |
|    loss                 | -0.00431     |
|    n_updates            | 4810         |
|    policy_gradient_loss | -0.00508     |
|    value_loss           | 1.99e-07     |
------------------------------------------
-------------------------------------------
| rollout/                |               |
|    ep_len_mean          | 1e+03         |
|    ep_rew_mean          | 41.8          |
| time/                   |               |
|    fps                  | 657           |
|    iterations           | 483           |
|    time_elapsed         | 47            |
|    total_timesteps      | 30912         |
| train/                  |               |
|    approx_kl            | 0.00041361246 |
|    clip_fraction        | 0             |
|    clip_range           | 0.2           |
|    entropy_loss         | -0.451        |
|    explained_variance   | -1.19e-07     |
|    learning_rate        | 0.0003        |
|    loss                 | -0.0046       |
|    n_updates            | 4820          |
|    policy_gradient_loss | -0.00119      |
|    value_loss           | 1.82e-07      |
-------------------------------------------
------------------------------------------
| rollout/                |              |
|    ep_len_mean          | 1e+03        |
|    ep_rew_mean          | 41.8         |
| time/                   |              |
|    fps                  | 657          |
|    iterations           | 484          |
|    time_elapsed         | 47           |
|    total_timesteps      | 30976        |
| train/                  |              |
|    approx_kl            | 0.0047614044 |
|    clip_fraction        | 0.0312       |
|    clip_range           | 0.2          |
|    entropy_loss         | -0.392       |
|    explained_variance   | 0            |
|    learning_rate        | 0.0003       |
|    loss                 | -0.0166      |
|    n_updates            | 4830         |
|    policy_gradient_loss | -0.00717     |
|    value_loss           | 1.16e-07     |
------------------------------------------
-----------------------------------------
| rollout/                |             |
|    ep_len_mean          | 1e+03       |
|    ep_rew_mean          | 40.4        |
| time/                   |             |
|    fps                  | 657         |
|    iterations           | 485         |
|    time_elapsed         | 47          |
|    total_timesteps      | 31040       |
| train/                  |             |
|    approx_kl            | 0.004061669 |
|    clip_fraction        | 0.025       |
|    clip_range           | 0.2         |
|    entropy_loss         | -0.383      |
|    explained_variance   | 0           |
|    learning_rate        | 0.0003      |
|    loss                 | -0.0252     |
|    n_updates            | 4840        |
|    policy_gradient_loss | -0.0083     |
|    value_loss           | 1.23e-07    |
-----------------------------------------
-----------------------------------------
| rollout/                |             |
|    ep_len_mean          | 1e+03       |
|    ep_rew_mean          | 40.4        |
| time/                   |             |
|    fps                  | 657         |
|    iterations           | 486         |
|    time_elapsed         | 47          |
|    total_timesteps      | 31104       |
| train/                  |             |
|    approx_kl            | 0.003214134 |
|    clip_fraction        | 0.025       |
|    clip_range           | 0.2         |
|    entropy_loss         | -0.402      |
|    explained_variance   | 0           |
|    learning_rate        | 0.0003      |
|    loss                 | -0.0186     |
|    n_updates            | 4850        |
|    policy_gradient_loss | -0.00379    |
|    value_loss           | 0.000878    |
-----------------------------------------
-----------------------------------------
| rollout/                |             |
|    ep_len_mean          | 1e+03       |
|    ep_rew_mean          | 40.4        |
| time/                   |             |
|    fps                  | 657         |
|    iterations           | 487         |
|    time_elapsed         | 47          |
|    total_timesteps      | 31168       |
| train/                  |             |
|    approx_kl            | 0.015975382 |
|    clip_fraction        | 0.075       |
|    clip_range           | 0.2         |
|    entropy_loss         | -0.473      |
|    explained_variance   | 1.19e-07    |
|    learning_rate        | 0.0003      |
|    loss                 | -0.0476     |
|    n_updates            | 4860        |
|    policy_gradient_loss | -0.0187     |
|    value_loss           | 6.3e-06     |
-----------------------------------------
------------------------------------------
| rollout/                |              |
|    ep_len_mean          | 1e+03        |
|    ep_rew_mean          | 40.4         |
| time/                   |              |
|    fps                  | 657          |
|    iterations           | 488          |
|    time_elapsed         | 47           |
|    total_timesteps      | 31232        |
| train/                  |              |
|    approx_kl            | 0.0037513506 |
|    clip_fraction        | 0.05         |
|    clip_range           | 0.2          |
|    entropy_loss         | -0.567       |
|    explained_variance   | -1.19e-07    |
|    learning_rate        | 0.0003       |
|    loss                 | 0.00214      |
|    n_updates            | 4870         |
|    policy_gradient_loss | -0.00899     |
|    value_loss           | 3e-06        |
------------------------------------------
-----------------------------------------
| rollout/                |             |
|    ep_len_mean          | 1e+03       |
|    ep_rew_mean          | 40.4        |
| time/                   |             |
|    fps                  | 657         |
|    iterations           | 489         |
|    time_elapsed         | 47          |
|    total_timesteps      | 31296       |
| train/                  |             |
|    approx_kl            | 0.005044315 |
|    clip_fraction        | 0.0703      |
|    clip_range           | 0.2         |
|    entropy_loss         | -0.646      |
|    explained_variance   | 0           |
|    learning_rate        | 0.0003      |
|    loss                 | -0.0169     |
|    n_updates            | 4880        |
|    policy_gradient_loss | -0.00846    |
|    value_loss           | 1.32e-06    |
-----------------------------------------
------------------------------------------
| rollout/                |              |
|    ep_len_mean          | 1e+03        |
|    ep_rew_mean          | 40.4         |
| time/                   |              |
|    fps                  | 657          |
|    iterations           | 490          |
|    time_elapsed         | 47           |
|    total_timesteps      | 31360        |
| train/                  |              |
|    approx_kl            | 0.0008776635 |
|    clip_fraction        | 0            |
|    clip_range           | 0.2          |
|    entropy_loss         | -0.65        |
|    explained_variance   | 0            |
|    learning_rate        | 0.0003       |
|    loss                 | 2.46e-05     |
|    n_updates            | 4890         |
|    policy_gradient_loss | 0.00125      |
|    value_loss           | 1.21e-06     |
------------------------------------------
-----------------------------------------
| rollout/                |             |
|    ep_len_mean          | 1e+03       |
|    ep_rew_mean          | 40.4        |
| time/                   |             |
|    fps                  | 657         |
|    iterations           | 491         |
|    time_elapsed         | 47          |
|    total_timesteps      | 31424       |
| train/                  |             |
|    approx_kl            | 0.002002867 |
|    clip_fraction        | 0.0234      |
|    clip_range           | 0.2         |
|    entropy_loss         | -0.614      |
|    explained_variance   | 5.96e-08    |
|    learning_rate        | 0.0003      |
|    loss                 | -0.00589    |
|    n_updates            | 4900        |
|    policy_gradient_loss | -0.000943   |
|    value_loss           | 1.08e-06    |
-----------------------------------------
-----------------------------------------
| rollout/                |             |
|    ep_len_mean          | 1e+03       |
|    ep_rew_mean          | 40.4        |
| time/                   |             |
|    fps                  | 657         |
|    iterations           | 492         |
|    time_elapsed         | 47          |
|    total_timesteps      | 31488       |
| train/                  |             |
|    approx_kl            | 0.019400675 |
|    clip_fraction        | 0.0906      |
|    clip_range           | 0.2         |
|    entropy_loss         | -0.499      |
|    explained_variance   | 0           |
|    learning_rate        | 0.0003      |
|    loss                 | -0.0423     |
|    n_updates            | 4910        |
|    policy_gradient_loss | -0.0168     |
|    value_loss           | 6.85e-07    |
-----------------------------------------
-----------------------------------------
| rollout/                |             |
|    ep_len_mean          | 1e+03       |
|    ep_rew_mean          | 40.4        |
| time/                   |             |
|    fps                  | 657         |
|    iterations           | 493         |
|    time_elapsed         | 47          |
|    total_timesteps      | 31552       |
| train/                  |             |
|    approx_kl            | 0.005166062 |
|    clip_fraction        | 0.0328      |
|    clip_range           | 0.2         |
|    entropy_loss         | -0.374      |
|    explained_variance   | -1.19e-07   |
|    learning_rate        | 0.0003      |
|    loss                 | -0.00345    |
|    n_updates            | 4920        |
|    policy_gradient_loss | -0.00557    |
|    value_loss           | 6.1e-07     |
-----------------------------------------
----------------------------------------
| rollout/                |            |
|    ep_len_mean          | 1e+03      |
|    ep_rew_mean          | 40.4       |
| time/                   |            |
|    fps                  | 657        |
|    iterations           | 494        |
|    time_elapsed         | 48         |
|    total_timesteps      | 31616      |
| train/                  |            |
|    approx_kl            | 0.00749032 |
|    clip_fraction        | 0.0391     |
|    clip_range           | 0.2        |
|    entropy_loss         | -0.289     |
|    explained_variance   | 5.96e-08   |
|    learning_rate        | 0.0003     |
|    loss                 | -0.00704   |
|    n_updates            | 4930       |
|    policy_gradient_loss | -0.00818   |
|    value_loss           | 4.42e-07   |
----------------------------------------
------------------------------------------
| rollout/                |              |
|    ep_len_mean          | 1e+03        |
|    ep_rew_mean          | 40.4         |
| time/                   |              |
|    fps                  | 657          |
|    iterations           | 495          |
|    time_elapsed         | 48           |
|    total_timesteps      | 31680        |
| train/                  |              |
|    approx_kl            | 0.0015668366 |
|    clip_fraction        | 0.0109       |
|    clip_range           | 0.2          |
|    entropy_loss         | -0.248       |
|    explained_variance   | 0            |
|    learning_rate        | 0.0003       |
|    loss                 | -0.0132      |
|    n_updates            | 4940         |
|    policy_gradient_loss | -0.00179     |
|    value_loss           | 3.89e-07     |
------------------------------------------
-------------------------------------------
| rollout/                |               |
|    ep_len_mean          | 1e+03         |
|    ep_rew_mean          | 40.4          |
| time/                   |               |
|    fps                  | 657           |
|    iterations           | 496           |
|    time_elapsed         | 48            |
|    total_timesteps      | 31744         |
| train/                  |               |
|    approx_kl            | 0.00054837577 |
|    clip_fraction        | 0.00469       |
|    clip_range           | 0.2           |
|    entropy_loss         | -0.232        |
|    explained_variance   | 0             |
|    learning_rate        | 0.0003        |
|    loss                 | -0.00235      |
|    n_updates            | 4950          |
|    policy_gradient_loss | -0.000974     |
|    value_loss           | 3.18e-07      |
-------------------------------------------
------------------------------------------
| rollout/                |              |
|    ep_len_mean          | 1e+03        |
|    ep_rew_mean          | 40.4         |
| time/                   |              |
|    fps                  | 657          |
|    iterations           | 497          |
|    time_elapsed         | 48           |
|    total_timesteps      | 31808        |
| train/                  |              |
|    approx_kl            | 0.0011542803 |
|    clip_fraction        | 0.0109       |
|    clip_range           | 0.2          |
|    entropy_loss         | -0.226       |
|    explained_variance   | 0            |
|    learning_rate        | 0.0003       |
|    loss                 | 0.0104       |
|    n_updates            | 4960         |
|    policy_gradient_loss | -0.00138     |
|    value_loss           | 0.0876       |
------------------------------------------
-----------------------------------------
| rollout/                |             |
|    ep_len_mean          | 1e+03       |
|    ep_rew_mean          | 40.4        |
| time/                   |             |
|    fps                  | 657         |
|    iterations           | 498         |
|    time_elapsed         | 48          |
|    total_timesteps      | 31872       |
| train/                  |             |
|    approx_kl            | 0.010496629 |
|    clip_fraction        | 0.0266      |
|    clip_range           | 0.2         |
|    entropy_loss         | -0.26       |
|    explained_variance   | 0           |
|    learning_rate        | 0.0003      |
|    loss                 | -0.00228    |
|    n_updates            | 4970        |
|    policy_gradient_loss | -0.00446    |
|    value_loss           | 0.0828      |
-----------------------------------------
-----------------------------------------
| rollout/                |             |
|    ep_len_mean          | 1e+03       |
|    ep_rew_mean          | 40.4        |
| time/                   |             |
|    fps                  | 657         |
|    iterations           | 499         |
|    time_elapsed         | 48          |
|    total_timesteps      | 31936       |
| train/                  |             |
|    approx_kl            | 1.53929e-05 |
|    clip_fraction        | 0           |
|    clip_range           | 0.2         |
|    entropy_loss         | -0.306      |
|    explained_variance   | 0           |
|    learning_rate        | 0.0003      |
|    loss                 | 0.0254      |
|    n_updates            | 4980        |
|    policy_gradient_loss | 2.33e-09    |
|    value_loss           | 0.0473      |
-----------------------------------------
------------------------------------------
| rollout/                |              |
|    ep_len_mean          | 1e+03        |
|    ep_rew_mean          | 39.3         |
| time/                   |              |
|    fps                  | 657          |
|    iterations           | 500          |
|    time_elapsed         | 48           |
|    total_timesteps      | 32000        |
| train/                  |              |
|    approx_kl            | 0.0024655135 |
|    clip_fraction        | 0.0125       |
|    clip_range           | 0.2          |
|    entropy_loss         | -0.351       |
|    explained_variance   | 0            |
|    learning_rate        | 0.0003       |
|    loss                 | -0.00235     |
|    n_updates            | 4990         |
|    policy_gradient_loss | -0.00262     |
|    value_loss           | 0.00596      |
------------------------------------------
------------------------------------------
| rollout/                |              |
|    ep_len_mean          | 1e+03        |
|    ep_rew_mean          | 39.3         |
| time/                   |              |
|    fps                  | 657          |
|    iterations           | 501          |
|    time_elapsed         | 48           |
|    total_timesteps      | 32064        |
| train/                  |              |
|    approx_kl            | 0.0027948339 |
|    clip_fraction        | 0.0203       |
|    clip_range           | 0.2          |
|    entropy_loss         | -0.392       |
|    explained_variance   | 0            |
|    learning_rate        | 0.0003       |
|    loss                 | 0.0114       |
|    n_updates            | 5000         |
|    policy_gradient_loss | -0.0036      |
|    value_loss           | 0.0768       |
------------------------------------------
----------------------------------------
| rollout/                |            |
|    ep_len_mean          | 1e+03      |
|    ep_rew_mean          | 39.3       |
| time/                   |            |
|    fps                  | 657        |
|    iterations           | 502        |
|    time_elapsed         | 48         |
|    total_timesteps      | 32128      |
| train/                  |            |
|    approx_kl            | 0.00506695 |
|    clip_fraction        | 0.0328     |
|    clip_range           | 0.2        |
|    entropy_loss         | -0.367     |
|    explained_variance   | 0          |
|    learning_rate        | 0.0003     |
|    loss                 | 0.0142     |
|    n_updates            | 5010       |
|    policy_gradient_loss | -0.00823   |
|    value_loss           | 0.00214    |
----------------------------------------
-----------------------------------------
| rollout/                |             |
|    ep_len_mean          | 1e+03       |
|    ep_rew_mean          | 39.3        |
| time/                   |             |
|    fps                  | 657         |
|    iterations           | 503         |
|    time_elapsed         | 48          |
|    total_timesteps      | 32192       |
| train/                  |             |
|    approx_kl            | 0.001202736 |
|    clip_fraction        | 0.0109      |
|    clip_range           | 0.2         |
|    entropy_loss         | -0.35       |
|    explained_variance   | 0           |
|    learning_rate        | 0.0003      |
|    loss                 | -0.0128     |
|    n_updates            | 5020        |
|    policy_gradient_loss | -0.00172    |
|    value_loss           | 0.00155     |
-----------------------------------------
------------------------------------------
| rollout/                |              |
|    ep_len_mean          | 1e+03        |
|    ep_rew_mean          | 39.3         |
| time/                   |              |
|    fps                  | 657          |
|    iterations           | 504          |
|    time_elapsed         | 49           |
|    total_timesteps      | 32256        |
| train/                  |              |
|    approx_kl            | 0.0035659978 |
|    clip_fraction        | 0.0234       |
|    clip_range           | 0.2          |
|    entropy_loss         | -0.404       |
|    explained_variance   | 0            |
|    learning_rate        | 0.0003       |
|    loss                 | 0.0161       |
|    n_updates            | 5030         |
|    policy_gradient_loss | -0.00284     |
|    value_loss           | 0.106        |
------------------------------------------
-----------------------------------------
| rollout/                |             |
|    ep_len_mean          | 1e+03       |
|    ep_rew_mean          | 39.3        |
| time/                   |             |
|    fps                  | 657         |
|    iterations           | 505         |
|    time_elapsed         | 49          |
|    total_timesteps      | 32320       |
| train/                  |             |
|    approx_kl            | 0.008670607 |
|    clip_fraction        | 0.0547      |
|    clip_range           | 0.2         |
|    entropy_loss         | -0.473      |
|    explained_variance   | -1.19e-07   |
|    learning_rate        | 0.0003      |
|    loss                 | 0.00433     |
|    n_updates            | 5040        |
|    policy_gradient_loss | -0.00943    |
|    value_loss           | 0.084       |
-----------------------------------------
-----------------------------------------
| rollout/                |             |
|    ep_len_mean          | 1e+03       |
|    ep_rew_mean          | 39.3        |
| time/                   |             |
|    fps                  | 657         |
|    iterations           | 506         |
|    time_elapsed         | 49          |
|    total_timesteps      | 32384       |
| train/                  |             |
|    approx_kl            | 0.012002776 |
|    clip_fraction        | 0.0531      |
|    clip_range           | 0.2         |
|    entropy_loss         | -0.531      |
|    explained_variance   | 0           |
|    learning_rate        | 0.0003      |
|    loss                 | -0.0108     |
|    n_updates            | 5050        |
|    policy_gradient_loss | -0.0109     |
|    value_loss           | 0.0646      |
-----------------------------------------
-----------------------------------------
| rollout/                |             |
|    ep_len_mean          | 1e+03       |
|    ep_rew_mean          | 39.3        |
| time/                   |             |
|    fps                  | 657         |
|    iterations           | 507         |
|    time_elapsed         | 49          |
|    total_timesteps      | 32448       |
| train/                  |             |
|    approx_kl            | 0.004076843 |
|    clip_fraction        | 0.0234      |
|    clip_range           | 0.2         |
|    entropy_loss         | -0.577      |
|    explained_variance   | -1.19e-07   |
|    learning_rate        | 0.0003      |
|    loss                 | 0.00355     |
|    n_updates            | 5060        |
|    policy_gradient_loss | -0.00806    |
|    value_loss           | 0.0498      |
-----------------------------------------
-----------------------------------------
| rollout/                |             |
|    ep_len_mean          | 1e+03       |
|    ep_rew_mean          | 39.3        |
| time/                   |             |
|    fps                  | 657         |
|    iterations           | 508         |
|    time_elapsed         | 49          |
|    total_timesteps      | 32512       |
| train/                  |             |
|    approx_kl            | 0.010563248 |
|    clip_fraction        | 0.0344      |
|    clip_range           | 0.2         |
|    entropy_loss         | -0.561      |
|    explained_variance   | 0           |
|    learning_rate        | 0.0003      |
|    loss                 | 0.000874    |
|    n_updates            | 5070        |
|    policy_gradient_loss | -0.00762    |
|    value_loss           | 0.0372      |
-----------------------------------------
------------------------------------------
| rollout/                |              |
|    ep_len_mean          | 1e+03        |
|    ep_rew_mean          | 39.3         |
| time/                   |              |
|    fps                  | 657          |
|    iterations           | 509          |
|    time_elapsed         | 49           |
|    total_timesteps      | 32576        |
| train/                  |              |
|    approx_kl            | 0.0072935075 |
|    clip_fraction        | 0.0344       |
|    clip_range           | 0.2          |
|    entropy_loss         | -0.634       |
|    explained_variance   | -1.19e-07    |
|    learning_rate        | 0.0003       |
|    loss                 | -0.00322     |
|    n_updates            | 5080         |
|    policy_gradient_loss | -0.0115      |
|    value_loss           | 0.0265       |
------------------------------------------
-----------------------------------------
| rollout/                |             |
|    ep_len_mean          | 1e+03       |
|    ep_rew_mean          | 39.3        |
| time/                   |             |
|    fps                  | 657         |
|    iterations           | 510         |
|    time_elapsed         | 49          |
|    total_timesteps      | 32640       |
| train/                  |             |
|    approx_kl            | 0.006996139 |
|    clip_fraction        | 0.0234      |
|    clip_range           | 0.2         |
|    entropy_loss         | -0.738      |
|    explained_variance   | 0           |
|    learning_rate        | 0.0003      |
|    loss                 | -0.016      |
|    n_updates            | 5090        |
|    policy_gradient_loss | -0.00612    |
|    value_loss           | 0.0204      |
-----------------------------------------
-----------------------------------------
| rollout/                |             |
|    ep_len_mean          | 1e+03       |
|    ep_rew_mean          | 39.3        |
| time/                   |             |
|    fps                  | 657         |
|    iterations           | 511         |
|    time_elapsed         | 49          |
|    total_timesteps      | 32704       |
| train/                  |             |
|    approx_kl            | 0.020442817 |
|    clip_fraction        | 0.13        |
|    clip_range           | 0.2         |
|    entropy_loss         | -1.07       |
|    explained_variance   | 0           |
|    learning_rate        | 0.0003      |
|    loss                 | -0.0164     |
|    n_updates            | 5100        |
|    policy_gradient_loss | -0.0154     |
|    value_loss           | 0.016       |
-----------------------------------------
-----------------------------------------
| rollout/                |             |
|    ep_len_mean          | 1e+03       |
|    ep_rew_mean          | 39.3        |
| time/                   |             |
|    fps                  | 657         |
|    iterations           | 512         |
|    time_elapsed         | 49          |
|    total_timesteps      | 32768       |
| train/                  |             |
|    approx_kl            | 0.043026753 |
|    clip_fraction        | 0.219       |
|    clip_range           | 0.2         |
|    entropy_loss         | -1.48       |
|    explained_variance   | 0           |
|    learning_rate        | 0.0003      |
|    loss                 | -0.0144     |
|    n_updates            | 5110        |
|    policy_gradient_loss | -0.0132     |
|    value_loss           | 0.0131      |
-----------------------------------------
-----------------------------------------
| rollout/                |             |
|    ep_len_mean          | 1e+03       |
|    ep_rew_mean          | 39.3        |
| time/                   |             |
|    fps                  | 657         |
|    iterations           | 513         |
|    time_elapsed         | 49          |
|    total_timesteps      | 32832       |
| train/                  |             |
|    approx_kl            | 0.041230716 |
|    clip_fraction        | 0.178       |
|    clip_range           | 0.2         |
|    entropy_loss         | -1.81       |
|    explained_variance   | 0           |
|    learning_rate        | 0.0003      |
|    loss                 | -0.104      |
|    n_updates            | 5120        |
|    policy_gradient_loss | -0.0267     |
|    value_loss           | 0.00992     |
-----------------------------------------
-----------------------------------------
| rollout/                |             |
|    ep_len_mean          | 1e+03       |
|    ep_rew_mean          | 39.3        |
| time/                   |             |
|    fps                  | 657         |
|    iterations           | 514         |
|    time_elapsed         | 50          |
|    total_timesteps      | 32896       |
| train/                  |             |
|    approx_kl            | 0.018268254 |
|    clip_fraction        | 0.156       |
|    clip_range           | 0.2         |
|    entropy_loss         | -1.95       |
|    explained_variance   | -0.0112     |
|    learning_rate        | 0.0003      |
|    loss                 | -0.115      |
|    n_updates            | 5130        |
|    policy_gradient_loss | -0.0403     |
|    value_loss           | 0.00822     |
-----------------------------------------
----------------------------------------
| rollout/                |            |
|    ep_len_mean          | 1e+03      |
|    ep_rew_mean          | 39.3       |
| time/                   |            |
|    fps                  | 657        |
|    iterations           | 515        |
|    time_elapsed         | 50         |
|    total_timesteps      | 32960      |
| train/                  |            |
|    approx_kl            | 0.04058466 |
|    clip_fraction        | 0.344      |
|    clip_range           | 0.2        |
|    entropy_loss         | -2.12      |
|    explained_variance   | 0.0478     |
|    learning_rate        | 0.0003     |
|    loss                 | -0.0639    |
|    n_updates            | 5140       |
|    policy_gradient_loss | -0.0428    |
|    value_loss           | 0.00607    |
----------------------------------------
-----------------------------------------
| rollout/                |             |
|    ep_len_mean          | 1e+03       |
|    ep_rew_mean          | 39.4        |
| time/                   |             |
|    fps                  | 657         |
|    iterations           | 516         |
|    time_elapsed         | 50          |
|    total_timesteps      | 33024       |
| train/                  |             |
|    approx_kl            | 0.033018455 |
|    clip_fraction        | 0.173       |
|    clip_range           | 0.2         |
|    entropy_loss         | -1.88       |
|    explained_variance   | 0           |
|    learning_rate        | 0.0003      |
|    loss                 | 0.0117      |
|    n_updates            | 5150        |
|    policy_gradient_loss | -0.0355     |
|    value_loss           | 0.0236      |
-----------------------------------------
----------------------------------------
| rollout/                |            |
|    ep_len_mean          | 1e+03      |
|    ep_rew_mean          | 39.4       |
| time/                   |            |
|    fps                  | 657        |
|    iterations           | 517        |
|    time_elapsed         | 50         |
|    total_timesteps      | 33088      |
| train/                  |            |
|    approx_kl            | 0.01142358 |
|    clip_fraction        | 0.0828     |
|    clip_range           | 0.2        |
|    entropy_loss         | -1.74      |
|    explained_variance   | 0          |
|    learning_rate        | 0.0003     |
|    loss                 | 0.518      |
|    n_updates            | 5160       |
|    policy_gradient_loss | -0.0321    |
|    value_loss           | 1.43       |
----------------------------------------
-----------------------------------------
| rollout/                |             |
|    ep_len_mean          | 1e+03       |
|    ep_rew_mean          | 39.4        |
| time/                   |             |
|    fps                  | 657         |
|    iterations           | 518         |
|    time_elapsed         | 50          |
|    total_timesteps      | 33152       |
| train/                  |             |
|    approx_kl            | 0.042354513 |
|    clip_fraction        | 0.297       |
|    clip_range           | 0.2         |
|    entropy_loss         | -2.03       |
|    explained_variance   | -1.19e-07   |
|    learning_rate        | 0.0003      |
|    loss                 | -0.0441     |
|    n_updates            | 5170        |
|    policy_gradient_loss | -0.0305     |
|    value_loss           | 0.0297      |
-----------------------------------------
----------------------------------------
| rollout/                |            |
|    ep_len_mean          | 1e+03      |
|    ep_rew_mean          | 39.4       |
| time/                   |            |
|    fps                  | 657        |
|    iterations           | 519        |
|    time_elapsed         | 50         |
|    total_timesteps      | 33216      |
| train/                  |            |
|    approx_kl            | 0.02763497 |
|    clip_fraction        | 0.142      |
|    clip_range           | 0.2        |
|    entropy_loss         | -2.23      |
|    explained_variance   | -1.19e-07  |
|    learning_rate        | 0.0003     |
|    loss                 | -0.0467    |
|    n_updates            | 5180       |
|    policy_gradient_loss | -0.0262    |
|    value_loss           | 0.0201     |
----------------------------------------
-----------------------------------------
| rollout/                |             |
|    ep_len_mean          | 1e+03       |
|    ep_rew_mean          | 39.4        |
| time/                   |             |
|    fps                  | 657         |
|    iterations           | 520         |
|    time_elapsed         | 50          |
|    total_timesteps      | 33280       |
| train/                  |             |
|    approx_kl            | 0.033400822 |
|    clip_fraction        | 0.258       |
|    clip_range           | 0.2         |
|    entropy_loss         | -2.49       |
|    explained_variance   | 0           |
|    learning_rate        | 0.0003      |
|    loss                 | -0.101      |
|    n_updates            | 5190        |
|    policy_gradient_loss | -0.0335     |
|    value_loss           | 0.0145      |
-----------------------------------------
----------------------------------------
| rollout/                |            |
|    ep_len_mean          | 1e+03      |
|    ep_rew_mean          | 39.4       |
| time/                   |            |
|    fps                  | 657        |
|    iterations           | 521        |
|    time_elapsed         | 50         |
|    total_timesteps      | 33344      |
| train/                  |            |
|    approx_kl            | 0.03521699 |
|    clip_fraction        | 0.291      |
|    clip_range           | 0.2        |
|    entropy_loss         | -2.58      |
|    explained_variance   | 0.00171    |
|    learning_rate        | 0.0003     |
|    loss                 | -0.103     |
|    n_updates            | 5200       |
|    policy_gradient_loss | -0.0566    |
|    value_loss           | 0.0125     |
----------------------------------------
-----------------------------------------
| rollout/                |             |
|    ep_len_mean          | 1e+03       |
|    ep_rew_mean          | 39.4        |
| time/                   |             |
|    fps                  | 657         |
|    iterations           | 522         |
|    time_elapsed         | 50          |
|    total_timesteps      | 33408       |
| train/                  |             |
|    approx_kl            | 0.044465184 |
|    clip_fraction        | 0.38        |
|    clip_range           | 0.2         |
|    entropy_loss         | -2.7        |
|    explained_variance   | 0           |
|    learning_rate        | 0.0003      |
|    loss                 | -0.0609     |
|    n_updates            | 5210        |
|    policy_gradient_loss | -0.0416     |
|    value_loss           | 0.00881     |
-----------------------------------------
----------------------------------------
| rollout/                |            |
|    ep_len_mean          | 1e+03      |
|    ep_rew_mean          | 39.4       |
| time/                   |            |
|    fps                  | 657        |
|    iterations           | 523        |
|    time_elapsed         | 50         |
|    total_timesteps      | 33472      |
| train/                  |            |
|    approx_kl            | 0.02575792 |
|    clip_fraction        | 0.359      |
|    clip_range           | 0.2        |
|    entropy_loss         | -2.71      |
|    explained_variance   | 0          |
|    learning_rate        | 0.0003     |
|    loss                 | -0.115     |
|    n_updates            | 5220       |
|    policy_gradient_loss | -0.0612    |
|    value_loss           | 0.00608    |
----------------------------------------
----------------------------------------
| rollout/                |            |
|    ep_len_mean          | 1e+03      |
|    ep_rew_mean          | 39.4       |
| time/                   |            |
|    fps                  | 657        |
|    iterations           | 524        |
|    time_elapsed         | 50         |
|    total_timesteps      | 33536      |
| train/                  |            |
|    approx_kl            | 0.02808585 |
|    clip_fraction        | 0.434      |
|    clip_range           | 0.2        |
|    entropy_loss         | -2.72      |
|    explained_variance   | 0          |
|    learning_rate        | 0.0003     |
|    loss                 | -0.137     |
|    n_updates            | 5230       |
|    policy_gradient_loss | -0.0583    |
|    value_loss           | 0.00423    |
----------------------------------------
-----------------------------------------
| rollout/                |             |
|    ep_len_mean          | 1e+03       |
|    ep_rew_mean          | 39.4        |
| time/                   |             |
|    fps                  | 657         |
|    iterations           | 525         |
|    time_elapsed         | 51          |
|    total_timesteps      | 33600       |
| train/                  |             |
|    approx_kl            | 0.022997677 |
|    clip_fraction        | 0.286       |
|    clip_range           | 0.2         |
|    entropy_loss         | -2.72       |
|    explained_variance   | 1.19e-07    |
|    learning_rate        | 0.0003      |
|    loss                 | -0.0703     |
|    n_updates            | 5240        |
|    policy_gradient_loss | -0.0347     |
|    value_loss           | 0.00344     |
-----------------------------------------
-----------------------------------------
| rollout/                |             |
|    ep_len_mean          | 1e+03       |
|    ep_rew_mean          | 39.4        |
| time/                   |             |
|    fps                  | 657         |
|    iterations           | 526         |
|    time_elapsed         | 51          |
|    total_timesteps      | 33664       |
| train/                  |             |
|    approx_kl            | 0.026555479 |
|    clip_fraction        | 0.283       |
|    clip_range           | 0.2         |
|    entropy_loss         | -2.67       |
|    explained_variance   | 0           |
|    learning_rate        | 0.0003      |
|    loss                 | -0.0992     |
|    n_updates            | 5250        |
|    policy_gradient_loss | -0.0414     |
|    value_loss           | 0.00251     |
-----------------------------------------
-----------------------------------------
| rollout/                |             |
|    ep_len_mean          | 1e+03       |
|    ep_rew_mean          | 39.4        |
| time/                   |             |
|    fps                  | 657         |
|    iterations           | 527         |
|    time_elapsed         | 51          |
|    total_timesteps      | 33728       |
| train/                  |             |
|    approx_kl            | 0.022146028 |
|    clip_fraction        | 0.255       |
|    clip_range           | 0.2         |
|    entropy_loss         | -2.63       |
|    explained_variance   | -4.05e-06   |
|    learning_rate        | 0.0003      |
|    loss                 | -0.0742     |
|    n_updates            | 5260        |
|    policy_gradient_loss | -0.0431     |
|    value_loss           | 0.0462      |
-----------------------------------------
-----------------------------------------
| rollout/                |             |
|    ep_len_mean          | 1e+03       |
|    ep_rew_mean          | 39.4        |
| time/                   |             |
|    fps                  | 657         |
|    iterations           | 528         |
|    time_elapsed         | 51          |
|    total_timesteps      | 33792       |
| train/                  |             |
|    approx_kl            | 0.012707241 |
|    clip_fraction        | 0.0953      |
|    clip_range           | 0.2         |
|    entropy_loss         | -2.63       |
|    explained_variance   | -0.000373   |
|    learning_rate        | 0.0003      |
|    loss                 | -0.0192     |
|    n_updates            | 5270        |
|    policy_gradient_loss | -0.021      |
|    value_loss           | 0.112       |
-----------------------------------------
-----------------------------------------
| rollout/                |             |
|    ep_len_mean          | 1e+03       |
|    ep_rew_mean          | 39.4        |
| time/                   |             |
|    fps                  | 657         |
|    iterations           | 529         |
|    time_elapsed         | 51          |
|    total_timesteps      | 33856       |
| train/                  |             |
|    approx_kl            | 0.028243002 |
|    clip_fraction        | 0.295       |
|    clip_range           | 0.2         |
|    entropy_loss         | -2.54       |
|    explained_variance   | 0.00833     |
|    learning_rate        | 0.0003      |
|    loss                 | -0.112      |
|    n_updates            | 5280        |
|    policy_gradient_loss | -0.0529     |
|    value_loss           | 0.0898      |
-----------------------------------------
-----------------------------------------
| rollout/                |             |
|    ep_len_mean          | 1e+03       |
|    ep_rew_mean          | 39.4        |
| time/                   |             |
|    fps                  | 657         |
|    iterations           | 530         |
|    time_elapsed         | 51          |
|    total_timesteps      | 33920       |
| train/                  |             |
|    approx_kl            | 0.024174575 |
|    clip_fraction        | 0.247       |
|    clip_range           | 0.2         |
|    entropy_loss         | -2.55       |
|    explained_variance   | -0.00197    |
|    learning_rate        | 0.0003      |
|    loss                 | -0.0778     |
|    n_updates            | 5290        |
|    policy_gradient_loss | -0.0499     |
|    value_loss           | 0.062       |
-----------------------------------------
-----------------------------------------
| rollout/                |             |
|    ep_len_mean          | 1e+03       |
|    ep_rew_mean          | 39.4        |
| time/                   |             |
|    fps                  | 657         |
|    iterations           | 531         |
|    time_elapsed         | 51          |
|    total_timesteps      | 33984       |
| train/                  |             |
|    approx_kl            | 0.025244733 |
|    clip_fraction        | 0.378       |
|    clip_range           | 0.2         |
|    entropy_loss         | -2.61       |
|    explained_variance   | 2.98e-07    |
|    learning_rate        | 0.0003      |
|    loss                 | -0.117      |
|    n_updates            | 5300        |
|    policy_gradient_loss | -0.0532     |
|    value_loss           | 0.0557      |
-----------------------------------------
-----------------------------------------
| rollout/                |             |
|    ep_len_mean          | 1e+03       |
|    ep_rew_mean          | 39.3        |
| time/                   |             |
|    fps                  | 657         |
|    iterations           | 532         |
|    time_elapsed         | 51          |
|    total_timesteps      | 34048       |
| train/                  |             |
|    approx_kl            | 0.029312124 |
|    clip_fraction        | 0.253       |
|    clip_range           | 0.2         |
|    entropy_loss         | -2.63       |
|    explained_variance   | 0           |
|    learning_rate        | 0.0003      |
|    loss                 | -0.0856     |
|    n_updates            | 5310        |
|    policy_gradient_loss | -0.0461     |
|    value_loss           | 0.0301      |
-----------------------------------------
----------------------------------------
| rollout/                |            |
|    ep_len_mean          | 1e+03      |
|    ep_rew_mean          | 39.3       |
| time/                   |            |
|    fps                  | 657        |
|    iterations           | 533        |
|    time_elapsed         | 51         |
|    total_timesteps      | 34112      |
| train/                  |            |
|    approx_kl            | 0.02630536 |
|    clip_fraction        | 0.189      |
|    clip_range           | 0.2        |
|    entropy_loss         | -2.68      |
|    explained_variance   | 0          |
|    learning_rate        | 0.0003     |
|    loss                 | 0.353      |
|    n_updates            | 5320       |
|    policy_gradient_loss | -0.033     |
|    value_loss           | 0.752      |
----------------------------------------
-----------------------------------------
| rollout/                |             |
|    ep_len_mean          | 1e+03       |
|    ep_rew_mean          | 39.3        |
| time/                   |             |
|    fps                  | 657         |
|    iterations           | 534         |
|    time_elapsed         | 51          |
|    total_timesteps      | 34176       |
| train/                  |             |
|    approx_kl            | 0.023464773 |
|    clip_fraction        | 0.292       |
|    clip_range           | 0.2         |
|    entropy_loss         | -2.71       |
|    explained_variance   | -1.19e-07   |
|    learning_rate        | 0.0003      |
|    loss                 | -0.121      |
|    n_updates            | 5330        |
|    policy_gradient_loss | -0.0437     |
|    value_loss           | 0.0318      |
-----------------------------------------
-----------------------------------------
| rollout/                |             |
|    ep_len_mean          | 1e+03       |
|    ep_rew_mean          | 39.3        |
| time/                   |             |
|    fps                  | 657         |
|    iterations           | 535         |
|    time_elapsed         | 52          |
|    total_timesteps      | 34240       |
| train/                  |             |
|    approx_kl            | 0.016725302 |
|    clip_fraction        | 0.111       |
|    clip_range           | 0.2         |
|    entropy_loss         | -2.68       |
|    explained_variance   | 0.00532     |
|    learning_rate        | 0.0003      |
|    loss                 | -0.0987     |
|    n_updates            | 5340        |
|    policy_gradient_loss | -0.0338     |
|    value_loss           | 0.0271      |
-----------------------------------------
-----------------------------------------
| rollout/                |             |
|    ep_len_mean          | 1e+03       |
|    ep_rew_mean          | 39.3        |
| time/                   |             |
|    fps                  | 657         |
|    iterations           | 536         |
|    time_elapsed         | 52          |
|    total_timesteps      | 34304       |
| train/                  |             |
|    approx_kl            | 0.019362422 |
|    clip_fraction        | 0.205       |
|    clip_range           | 0.2         |
|    entropy_loss         | -2.66       |
|    explained_variance   | -0.0239     |
|    learning_rate        | 0.0003      |
|    loss                 | -0.145      |
|    n_updates            | 5350        |
|    policy_gradient_loss | -0.0507     |
|    value_loss           | 0.0214      |
-----------------------------------------
-----------------------------------------
| rollout/                |             |
|    ep_len_mean          | 1e+03       |
|    ep_rew_mean          | 39.3        |
| time/                   |             |
|    fps                  | 657         |
|    iterations           | 537         |
|    time_elapsed         | 52          |
|    total_timesteps      | 34368       |
| train/                  |             |
|    approx_kl            | 0.017153427 |
|    clip_fraction        | 0.102       |
|    clip_range           | 0.2         |
|    entropy_loss         | -2.58       |
|    explained_variance   | 0.000729    |
|    learning_rate        | 0.0003      |
|    loss                 | -0.0554     |
|    n_updates            | 5360        |
|    policy_gradient_loss | -0.0276     |
|    value_loss           | 0.0153      |
-----------------------------------------
-----------------------------------------
| rollout/                |             |
|    ep_len_mean          | 1e+03       |
|    ep_rew_mean          | 39.3        |
| time/                   |             |
|    fps                  | 657         |
|    iterations           | 538         |
|    time_elapsed         | 52          |
|    total_timesteps      | 34432       |
| train/                  |             |
|    approx_kl            | 0.024581712 |
|    clip_fraction        | 0.139       |
|    clip_range           | 0.2         |
|    entropy_loss         | -2.51       |
|    explained_variance   | 5.96e-08    |
|    learning_rate        | 0.0003      |
|    loss                 | -0.071      |
|    n_updates            | 5370        |
|    policy_gradient_loss | -0.0321     |
|    value_loss           | 0.0109      |
-----------------------------------------
-----------------------------------------
| rollout/                |             |
|    ep_len_mean          | 1e+03       |
|    ep_rew_mean          | 39.3        |
| time/                   |             |
|    fps                  | 657         |
|    iterations           | 539         |
|    time_elapsed         | 52          |
|    total_timesteps      | 34496       |
| train/                  |             |
|    approx_kl            | 0.021795608 |
|    clip_fraction        | 0.259       |
|    clip_range           | 0.2         |
|    entropy_loss         | -2.42       |
|    explained_variance   | 1.19e-07    |
|    learning_rate        | 0.0003      |
|    loss                 | -0.0414     |
|    n_updates            | 5380        |
|    policy_gradient_loss | -0.0379     |
|    value_loss           | 0.00815     |
-----------------------------------------
----------------------------------------
| rollout/                |            |
|    ep_len_mean          | 1e+03      |
|    ep_rew_mean          | 39.3       |
| time/                   |            |
|    fps                  | 657        |
|    iterations           | 540        |
|    time_elapsed         | 52         |
|    total_timesteps      | 34560      |
| train/                  |            |
|    approx_kl            | 0.02105727 |
|    clip_fraction        | 0.308      |
|    clip_range           | 0.2        |
|    entropy_loss         | -2.47      |
|    explained_variance   | 1.19e-07   |
|    learning_rate        | 0.0003     |
|    loss                 | -0.0804    |
|    n_updates            | 5390       |
|    policy_gradient_loss | -0.0376    |
|    value_loss           | 0.00553    |
----------------------------------------
Traceback (most recent call last):
  File "/home/luke/GIT/azerothcore-wotlk/modules/mod-neuralbot/python/train.py", line 131, in <module>
    main()
    ~~~~^^
  File "/home/luke/GIT/azerothcore-wotlk/modules/mod-neuralbot/python/train.py", line 119, in main
    model.learn(
    ~~~~~~~~~~~^
        total_timesteps=timesteps,
        ^^^^^^^^^^^^^^^^^^^^^^^^^^
        callback=[checkpoint_callback, stats_callback],
        ^^^^^^^^^^^^^^^^^^^^^^^^^^^^^^^^^^^^^^^^^^^^^^^
        progress_bar=True,
        ^^^^^^^^^^^^^^^^^^
    )
    ^
  File "/home/luke/GIT/azerothcore-wotlk/modules/mod-neuralbot/.venv/lib/python3.14/site-packages/stable_baselines3/ppo/ppo.py", line 311, in learn
    return super().learn(
           ~~~~~~~~~~~~~^
        total_timesteps=total_timesteps,
        ^^^^^^^^^^^^^^^^^^^^^^^^^^^^^^^^
    ...<4 lines>...
        progress_bar=progress_bar,
        ^^^^^^^^^^^^^^^^^^^^^^^^^^
    )
    ^
  File "/home/luke/GIT/azerothcore-wotlk/modules/mod-neuralbot/.venv/lib/python3.14/site-packages/stable_baselines3/common/on_policy_algorithm.py", line 324, in learn
    continue_training = self.collect_rollouts(self.env, callback, self.rollout_buffer, n_rollout_steps=self.n_steps)
  File "/home/luke/GIT/azerothcore-wotlk/modules/mod-neuralbot/.venv/lib/python3.14/site-packages/stable_baselines3/common/on_policy_algorithm.py", line 218, in collect_rollouts
    new_obs, rewards, dones, infos = env.step(clipped_actions)
                                     ~~~~~~~~^^^^^^^^^^^^^^^^^
  File "/home/luke/GIT/azerothcore-wotlk/modules/mod-neuralbot/.venv/lib/python3.14/site-packages/stable_baselines3/common/vec_env/base_vec_env.py", line 222, in step
    return self.step_wait()
           ~~~~~~~~~~~~~~^^
  File "/home/luke/GIT/azerothcore-wotlk/modules/mod-neuralbot/.venv/lib/python3.14/site-packages/stable_baselines3/common/vec_env/dummy_vec_env.py", line 59, in step_wait
    obs, self.buf_rews[env_idx], terminated, truncated, self.buf_infos[env_idx] = self.envs[env_idx].step(  # type: ignore[assignment]
                                                                                  ~~~~~~~~~~~~~~~~~~~~~~~^^^^^^^^^^^^^^^^^^^^^^^^^^^^^
        self.actions[env_idx]
        ^^^^^^^^^^^^^^^^^^^^^
    )
    ^
  File "/home/luke/GIT/azerothcore-wotlk/modules/mod-neuralbot/.venv/lib/python3.14/site-packages/stable_baselines3/common/monitor.py", line 94, in step
    observation, reward, terminated, truncated, info = self.env.step(action)
                                                       ~~~~~~~~~~~~~^^^^^^^^
  File "/home/luke/GIT/azerothcore-wotlk/modules/mod-neuralbot/python/wow_neuralbot_env.py", line 36, in step
    obs, reward, terminated, info = self.client.step(int(action))
                                    ~~~~~~~~~~~~~~~~^^^^^^^^^^^^^
  File "/home/luke/GIT/azerothcore-wotlk/modules/mod-neuralbot/python/neuralbot_client.py", line 115, in step
    resp = self._send(f"STEP {action}")
  File "/home/luke/GIT/azerothcore-wotlk/modules/mod-neuralbot/python/neuralbot_client.py", line 92, in _send
    raise ConnectionError("Server closed connection")
ConnectionError: Server closed connection
